#
# A fatal error has been detected by the Java Runtime Environment:
#
#  SIGSEGV (0xb) at pc=0x000000011260b9e6, pid=18450, tid=45315
#
# JRE version: OpenJDK Runtime Environment Zulu17.60+17-CA (17.0.16+8) (build 17.0.16+8-LTS)
# Java VM: OpenJDK 64-Bit Server VM Zulu17.60+17-CA (17.0.16+8-LTS, mixed mode, sharing, tiered, compressed oops, compressed class ptrs, g1 gc, bsd-amd64)
# Problematic frame:
# V  [libjvm.dylib+0x4ed9e6]  PhaseIFG::SquareUp()+0x166
#
# No core dump will be written. Core dumps have been disabled. To enable core dumping, try "ulimit -c unlimited" before starting Java again
#
# If you would like to submit a bug report, please visit:
#   http://www.azul.com/support/
#

---------------  S U M M A R Y ------------

Command Line: --add-opens=java.base/java.lang=ALL-UNNAMED --add-opens=java.base/java.lang.invoke=ALL-UNNAMED --add-opens=java.base/java.util=ALL-UNNAMED --add-opens=java.prefs/java.util.prefs=ALL-UNNAMED --add-exports=jdk.compiler/com.sun.tools.javac.api=ALL-UNNAMED --add-exports=jdk.compiler/com.sun.tools.javac.util=ALL-UNNAMED --add-opens=java.base/java.util=ALL-UNNAMED --add-opens=java.prefs/java.util.prefs=ALL-UNNAMED --add-opens=java.base/java.nio.charset=ALL-UNNAMED --add-opens=java.base/java.net=ALL-UNNAMED --add-opens=java.base/java.util.concurrent.atomic=ALL-UNNAMED --add-opens=java.xml/javax.xml.namespace=ALL-UNNAMED -XX:MaxMetaspaceSize=512m -Xmx2048m -Dfile.encoding=UTF-8 -Duser.country=US -Duser.language=en -Duser.variant -javaagent:/Users/macbook/.gradle/wrapper/dists/gradle-8.13-bin/5xuhj0ry160q40clulazy9h7d/gradle-8.13/lib/agents/gradle-instrumentation-agent-8.13.jar org.gradle.launcher.daemon.bootstrap.GradleDaemon 8.13

Host: "MacBookPro16,1" x86_64 2600 MHz, 12 cores, 16G, Darwin 25.3.0, macOS 26.3.1 (25D2128)
Time: Tue Jun 23 12:51:26 2026 PKT elapsed time: 5.776167 seconds (0d 0h 0m 5s)

---------------  T H R E A D  ---------------

Current thread (0x00007fba2aec1600):  JavaThread "C2 CompilerThread2" daemon [_thread_in_native, id=45315, stack(0x0000700007992000,0x0000700007a92000)]


Current CompileTask:
C2:   5776 7436       4       java.io.ObjectOutputStream$BlockDataOutputStream::drain (45 bytes)

Stack: [0x0000700007992000,0x0000700007a92000],  sp=0x0000700007a8e820,  free space=1010k
Native frames: (J=compiled Java code, j=interpreted, Vv=VM code, C=native code)
V  [libjvm.dylib+0x4ed9e6]  PhaseIFG::SquareUp()+0x166
V  [libjvm.dylib+0x2a30c7]  PhaseChaitin::Register_Allocate()+0x917
V  [libjvm.dylib+0x3234a0]  Compile::Code_Gen()+0x3d0
V  [libjvm.dylib+0x32053d]  Compile::Compile(ciEnv*, ciMethod*, int, bool, bool, bool, bool, bool, DirectiveSet*)+0x116d
V  [libjvm.dylib+0x2831c2]  C2Compiler::compile_method(ciEnv*, ciMethod*, int, bool, DirectiveSet*)+0xf2
V  [libjvm.dylib+0x333a8a]  CompileBroker::invoke_compiler_on_method(CompileTask*)+0x62a
V  [libjvm.dylib+0x33323c]  CompileBroker::compiler_thread_loop()+0x41c
V  [libjvm.dylib+0xa97920]  JavaThread::thread_main_inner()+0x150
V  [libjvm.dylib+0xa95c17]  Thread::call_run()+0xa7
V  [libjvm.dylib+0x8adb18]  thread_native_entry(Thread*)+0x148
C  [libsystem_pthread.dylib+0x5e4d]  _pthread_start+0x73
C  [libsystem_pthread.dylib+0x1857]  thread_start+0xf


siginfo: si_signo: 11 (SIGSEGV), si_code: 1 (SEGV_MAPERR), si_addr: 0x000000000112e7b4

Registers:
RAX=0x000000000112e79c, RBX=0x00007fba29fc3af0, RCX=0x00007fba29fbd010, RDX=0x0000000000000003
RSP=0x0000700007a8e820, RBP=0x0000700007a8e880, RSI=0x0000000000000001, RDI=0x0000000000100000
R8 =0x00000000000000ab, R9 =0x0000000112e79c08, R10=0x0000700007a8e820, R11=0x0000000112e690e0
R12=0x0000000000000001, R13=0x0000000000000003, R14=0x00000000000001ce, R15=0x0000000000004000
RIP=0x000000011260b9e6, EFLAGS=0x0000000000010283, ERR=0x0000000000000004
  TRAPNO=0x000000000000000e


Register to memory mapping:

RAX=0x000000000112e79c is an unknown value
RBX=0x00007fba29fc3af0 points into unknown readable memory: 0x0000000000000000 | 00 00 00 00 00 00 00 00
RCX=0x00007fba29fbd010 points into unknown readable memory: 0x0000000000000000 | 00 00 00 00 00 00 00 00
RDX=0x0000000000000003 is an unknown value
RSP=0x0000700007a8e820 is pointing into the stack for thread: 0x00007fba2aec1600
RBP=0x0000700007a8e880 is pointing into the stack for thread: 0x00007fba2aec1600
RSI=0x0000000000000001 is an unknown value
RDI=0x0000000000100000 is an unknown value
R8 =0x00000000000000ab is an unknown value
R9 =0x0000000112e79c08: _ZN8IndexSet12_empty_blockE+0 in /Library/Java/JavaVirtualMachines/zulu-17.jdk/Contents/Home/lib/server/libjvm.dylib at 0x000000011211e000
R10=0x0000700007a8e820 is pointing into the stack for thread: 0x00007fba2aec1600
R11=0x0000000112e690e0: _INT_REG_mask+0 in /Library/Java/JavaVirtualMachines/zulu-17.jdk/Contents/Home/lib/server/libjvm.dylib at 0x000000011211e000
R12=0x0000000000000001 is an unknown value
R13=0x0000000000000003 is an unknown value
R14=0x00000000000001ce is an unknown value
R15=0x0000000000004000 is an unknown value


Top of Stack: (sp=0x0000700007a8e820)
0x0000700007a8e820:   0000000000100000 00000003000000ab
0x0000700007a8e830:   0000000200000001 00007fba2a5d9200
0x0000700007a8e840:   00007fba29fcf0e0 00007fba29fcf0d0
0x0000700007a8e850:   0000700007a8ea40 00007fba2bf80b80
0x0000700007a8e860:   0000000112e79c08 0000700007a901f8
0x0000700007a8e870:   0000700007a8e950 0000700007a8eaa0
0x0000700007a8e880:   0000700007a8eb10 00000001123c10c7
0x0000700007a8e890:   00007fba0000000a 0000700007a91080
0x0000700007a8e8a0:   00007fba30168230 0000000000000000
0x0000700007a8e8b0:   00007fba311c2570 00007fba311c62b0
0x0000700007a8e8c0:   00007fba311c65d0 00007fba30168210
0x0000700007a8e8d0:   0000700007a90368 0000700007a902f8
0x0000700007a8e8e0:   00007fba000001d3 0000700007a8eaa0
0x0000700007a8e8f0:   00007fba2a201e00 0000000112e10000
0x0000700007a8e900:   0000000000000000 0000700007a91080
0x0000700007a8e910:   0000700007a90100 00000000000002ac
0x0000700007a8e920:   0000000112cb8b42 0000000000000000
0x0000700007a8e930:   0000700007a91080 0000000000000000
0x0000700007a8e940:   0000000112cb8b42 00007fba2edf2300
0x0000700007a8e950:   0000000112e10000 0000000000000000
0x0000700007a8e960:   0000700007a91080 0000700007a90100
0x0000700007a8e970:   0000000000000000 0000000112cb8a83
0x0000700007a8e980:   0000000000000000 0000700007a91080
0x0000700007a8e990:   0000000000000000 0000000112cb8a83
0x0000700007a8e9a0:   0000000000000000 0000000000000000
0x0000700007a8e9b0:   0000000e00000000 0000000100000000
0x0000700007a8e9c0:   0000029700000297 00007fba320d8210
0x0000700007a8e9d0:   0000000000000000 00007fba2a353500
0x0000700007a8e9e0:   0000700007a8ea00 0000000112cb8a83
0x0000700007a8e9f0:   0000000112e68ac0 0000000112c09533
0x0000700007a8ea00:   0000700000000002 0000700007a8eb20
0x0000700007a8ea10:   0000000100000006 00007fba26916a30 

Instructions: (pc=0x000000011260b9e6)
0x000000011260b8e6:   00 48 be 00 00 00 00 04 00 00 00 48 89 75 a8 c7
0x000000011260b8f6:   45 b0 00 00 00 00 83 38 00 74 0f 8b 74 11 04 eb
0x000000011260b906:   0b 66 0f 1f 84 00 00 00 00 00 31 f6 89 75 b4 48
0x000000011260b916:   c7 45 b8 00 00 00 00 48 8b 4c 11 08 48 89 4d c0
0x000000011260b926:   48 89 45 c8 41 bf 01 00 00 00 44 89 f1 49 d3 e7
0x000000011260b936:   4d 85 f6 0f 84 d1 00 00 00 45 89 f4 41 c1 ec 08
0x000000011260b946:   45 89 f5 41 c1 ed 06 41 83 e5 03 31 c0 eb 0f 66
0x000000011260b956:   2e 0f 1f 84 00 00 00 00 00 90 48 8b 45 a0 48 85
0x000000011260b966:   c0 74 27 48 0f bc c8 48 d3 e8 48 ff c8 48 89 45
0x000000011260b976:   a0 8b 45 a8 01 c8 89 45 a8 85 c0 75 30 e9 28 ff
0x000000011260b986:   ff ff 0f 1f 84 00 00 00 00 00 83 7d ac 04 72 0c
0x000000011260b996:   8b 45 b0 3b 45 b4 0f 83 0e ff ff ff 48 8d 7d a0
0x000000011260b9a6:   e8 55 ac 00 00 85 c0 0f 84 fd fe ff ff 48 8b 4d
0x000000011260b9b6:   d0 48 8b 49 10 89 c0 48 8d 04 80 48 c1 e0 05 48
0x000000011260b9c6:   8d 1c 01 48 8b 44 01 08 4a 8b 04 e0 48 3b 05 b7
0x000000011260b9d6:   a7 76 00 75 0b 48 89 df 44 89 f6 e8 5a a1 00 00
0x000000011260b9e6:   4a 8b 0c e8 48 89 ca 4c 09 fa 4a 89 14 e8 4c 85
0x000000011260b9f6:   f9 0f 85 63 ff ff ff ff 03 e9 5c ff ff ff 66 2e
0x000000011260ba06:   0f 1f 84 00 00 00 00 00 66 90 31 c0 48 85 c0 74
0x000000011260ba16:   29 66 0f 1f 84 00 00 00 00 00 48 0f bc c8 48 d3
0x000000011260ba26:   e8 48 ff c8 48 89 45 a0 8b 45 a8 01 c8 89 45 a8
0x000000011260ba36:   85 c0 75 29 e9 71 fe ff ff 90 83 7d ac 04 72 0c
0x000000011260ba46:   8b 45 b0 3b 45 b4 0f 83 5e fe ff ff 48 8d 7d a0
0x000000011260ba56:   e8 a5 ab 00 00 85 c0 0f 84 4d fe ff ff 48 8b 45
0x000000011260ba66:   a0 48 85 c0 75 b4 eb d2 48 8b 45 d0 c6 40 18 01
0x000000011260ba76:   48 83 c4 38 5b 41 5c 41 5d 41 5e 41 5f 5d c3 66
0x000000011260ba86:   2e 0f 1f 84 00 00 00 00 00 90 55 48 89 e5 41 57
0x000000011260ba96:   41 56 41 54 53 83 7f 28 00 74 34 49 89 fe 41 bf
0x000000011260baa6:   34 00 00 00 31 db 0f 1f 40 00 4d 8b 66 20 4c 89
0x000000011260bab6:   f7 89 de e8 22 00 00 00 43 89 04 3c 48 ff c3 41
0x000000011260bac6:   8b 46 28 49 81 c7 a8 00 00 00 48 39 c3 72 db 5b
0x000000011260bad6:   41 5c 41 5e 41 5f 5d c3 66 90 55 48 89 e5 41 57 


Stack slot to memory mapping:
stack at sp + 0 slots: 0x0000000000100000 is an unknown value
stack at sp + 1 slots: 0x00000003000000ab is an unknown value
stack at sp + 2 slots: 0x0000000200000001 is an unknown value
stack at sp + 3 slots: 0x00007fba2a5d9200 points into unknown readable memory: 0x0000000000000000 | 00 00 00 00 00 00 00 00
stack at sp + 4 slots: 0x00007fba29fcf0e0 points into unknown readable memory: 0x00007fba2a5d9200 | 00 92 5d 2a ba 7f 00 00
stack at sp + 5 slots: 0x00007fba29fcf0d0 points into unknown readable memory: 0x0000000200000008 | 08 00 00 00 02 00 00 00
stack at sp + 6 slots: 0x0000700007a8ea40 is pointing into the stack for thread: 0x00007fba2aec1600
stack at sp + 7 slots: 0x00007fba2bf80b80 points into unknown readable memory: 0x00007fba29fbd000 | 00 d0 fb 29 ba 7f 00 00


---------------  P R O C E S S  ---------------

Threads class SMR info:
_java_thread_list=0x00007fba2b919740, length=77, elements={
0x00007fba26018400, 0x00007fba2a808200, 0x00007fba27009c00, 0x00007fba2a809400,
0x00007fba2a808e00, 0x00007fba2a017800, 0x00007fba2a017e00, 0x00007fba2a01b600,
0x00007fba2a01bc00, 0x00007fba2a019e00, 0x00007fba2a854c00, 0x00007fba2608f600,
0x00007fba263bf600, 0x00007fba263bfc00, 0x00007fba278d8200, 0x00007fba26346c00,
0x00007fba2a855a00, 0x00007fba26347200, 0x00007fba26101600, 0x00007fba263c2a00,
0x00007fba263c3000, 0x00007fba283b9200, 0x00007fba2a09c600, 0x00007fba283be400,
0x00007fba2aec1c00, 0x00007fba27e30800, 0x00007fba27ba9200, 0x00007fba2f993000,
0x00007fba2f9a6a00, 0x00007fba2aec1600, 0x00007fba2a10b800, 0x00007fba285e9600,
0x00007fba2a10de00, 0x00007fba277ff800, 0x00007fba2a862400, 0x00007fba267fcc00,
0x00007fba283dc600, 0x00007fba2a10a600, 0x00007fba2fa50400, 0x00007fba31035e00,
0x00007fba285f4200, 0x00007fba2b02e600, 0x00007fba267fb800, 0x00007fba2d00d400,
0x00007fba3234da00, 0x00007fba27b9fe00, 0x00007fba311f1000, 0x00007fba27ba2c00,
0x00007fba31b76800, 0x00007fba27ba0c00, 0x00007fba31b76e00, 0x00007fba2b030a00,
0x00007fba2fbd7600, 0x00007fba2fbd7c00, 0x00007fba2fbdea00, 0x00007fba32251000,
0x00007fba2fbdfa00, 0x00007fba2b031800, 0x00007fba2d109600, 0x00007fba2c08f400,
0x00007fba2c821e00, 0x00007fba2c012400, 0x00007fba32252600, 0x00007fba323c4c00,
0x00007fba323c5200, 0x00007fba31b73800, 0x00007fba2a5d1000, 0x00007fba2a4a3800,
0x00007fba2a5ce600, 0x00007fba311fd800, 0x00007fba2fde0200, 0x00007fba2a5cec00,
0x00007fba2fde0800, 0x00007fba3024be00, 0x00007fba2fde0e00, 0x00007fba2d11ee00,
0x00007fba2a603400
}

Java Threads: ( => current thread )
  0x00007fba26018400 JavaThread "main" [_thread_blocked, id=10243, stack(0x00007000048ff000,0x00007000049ff000)]
  0x00007fba2a808200 JavaThread "Reference Handler" daemon [_thread_blocked, id=30723, stack(0x0000700005014000,0x0000700005114000)]
  0x00007fba27009c00 JavaThread "Finalizer" daemon [_thread_blocked, id=30211, stack(0x0000700005117000,0x0000700005217000)]
  0x00007fba2a809400 JavaThread "Signal Dispatcher" daemon [_thread_blocked, id=28931, stack(0x0000700005320000,0x0000700005420000)]
  0x00007fba2a808e00 JavaThread "Service Thread" daemon [_thread_blocked, id=28675, stack(0x0000700005423000,0x0000700005523000)]
  0x00007fba2a017800 JavaThread "Monitor Deflation Thread" daemon [_thread_blocked, id=28163, stack(0x0000700005526000,0x0000700005626000)]
  0x00007fba2a017e00 JavaThread "C2 CompilerThread0" daemon [_thread_in_native, id=27907, stack(0x0000700005629000,0x0000700005729000)]
  0x00007fba2a01b600 JavaThread "C1 CompilerThread0" daemon [_thread_in_vm, id=25603, stack(0x000070000572c000,0x000070000582c000)]
  0x00007fba2a01bc00 JavaThread "Sweeper thread" daemon [_thread_blocked, id=26115, stack(0x000070000582f000,0x000070000592f000)]
  0x00007fba2a019e00 JavaThread "Common-Cleaner" daemon [_thread_blocked, id=27395, stack(0x0000700005932000,0x0000700005a32000)]
  0x00007fba2a854c00 JavaThread "Notification Thread" daemon [_thread_blocked, id=26883, stack(0x0000700005a35000,0x0000700005b35000)]
  0x00007fba2608f600 JavaThread "Daemon health stats" [_thread_blocked, id=34051, stack(0x000070000614a000,0x000070000624a000)]
  0x00007fba263bf600 JavaThread "Incoming local TCP Connector on port 50240" [_thread_in_native, id=41475, stack(0x000070000624d000,0x000070000634d000)]
  0x00007fba263bfc00 JavaThread "Daemon periodic checks" [_thread_blocked, id=34563, stack(0x0000700006350000,0x0000700006450000)]
  0x00007fba278d8200 JavaThread "Daemon" [_thread_blocked, id=41219, stack(0x0000700006453000,0x0000700006553000)]
  0x00007fba26346c00 JavaThread "Handler for socket connection from /127.0.0.1:50240 to /127.0.0.1:50241" [_thread_in_native, id=35331, stack(0x0000700006556000,0x0000700006656000)]
  0x00007fba2a855a00 JavaThread "Cancel handler" [_thread_blocked, id=40963, stack(0x0000700006659000,0x0000700006759000)]
  0x00007fba26347200 JavaThread "Daemon worker" [_thread_in_Java, id=35843, stack(0x000070000675c000,0x000070000685c000)]
  0x00007fba26101600 JavaThread "Asynchronous log dispatcher for DefaultDaemonConnection: socket connection from /127.0.0.1:50240 to /127.0.0.1:50241" [_thread_blocked, id=36355, stack(0x000070000685f000,0x000070000695f000)]
  0x00007fba263c2a00 JavaThread "Stdin handler" [_thread_blocked, id=36611, stack(0x0000700006962000,0x0000700006a62000)]
  0x00007fba263c3000 JavaThread "Daemon client event forwarder" [_thread_blocked, id=39939, stack(0x0000700006a65000,0x0000700006b65000)]
  0x00007fba283b9200 JavaThread "Cache worker for journal cache (/Users/macbook/.gradle/caches/journal-1)" [_thread_blocked, id=38403, stack(0x0000700006f74000,0x0000700007074000)]
  0x00007fba2a09c600 JavaThread "File lock request listener" [_thread_in_native, id=37891, stack(0x0000700007077000,0x0000700007177000)]
  0x00007fba283be400 JavaThread "Cache worker for file hash cache (/Users/macbook/.gradle/caches/8.13/fileHashes)" [_thread_blocked, id=43779, stack(0x000070000717a000,0x000070000727a000)]
  0x00007fba2aec1c00 JavaThread "Cache worker for file hash cache (/Users/macbook/projects/Alse/android/.gradle/8.13/fileHashes)" [_thread_blocked, id=65027, stack(0x000070000727d000,0x000070000737d000)]
  0x00007fba27e30800 JavaThread "Cache worker for Build Output Cleanup Cache (/Users/macbook/projects/Alse/android/.gradle/buildOutputCleanup)" [_thread_blocked, id=64515, stack(0x0000700007380000,0x0000700007480000)]
  0x00007fba27ba9200 JavaThread "File watcher server" daemon [_thread_in_native, id=44803, stack(0x0000700007689000,0x0000700007789000)]
  0x00007fba2f993000 JavaThread "File watcher consumer" daemon [_thread_blocked, id=63747, stack(0x000070000778c000,0x000070000788c000)]
  0x00007fba2f9a6a00 JavaThread "C2 CompilerThread1" daemon [_thread_in_native, id=63235, stack(0x000070000788f000,0x000070000798f000)]
=>0x00007fba2aec1600 JavaThread "C2 CompilerThread2" daemon [_thread_in_native, id=45315, stack(0x0000700007992000,0x0000700007a92000)]
  0x00007fba2a10b800 JavaThread "jar transforms" [_thread_blocked, id=62723, stack(0x0000700007a95000,0x0000700007b95000)]
  0x00007fba285e9600 JavaThread "jar transforms Thread 2" [_thread_blocked, id=46083, stack(0x0000700007b98000,0x0000700007c98000)]
  0x00007fba2a10de00 JavaThread "Cache worker for checksums cache (/Users/macbook/projects/Alse/android/.gradle/8.13/checksums)" [_thread_blocked, id=62467, stack(0x0000700007c9b000,0x0000700007d9b000)]
  0x00007fba277ff800 JavaThread "Cache worker for file content cache (/Users/macbook/.gradle/caches/8.13/fileContent)" [_thread_blocked, id=61955, stack(0x0000700007d9e000,0x0000700007e9e000)]
  0x00007fba2a862400 JavaThread "jar transforms Thread 3" [_thread_blocked, id=46595, stack(0x0000700007ea1000,0x0000700007fa1000)]
  0x00007fba267fcc00 JavaThread "Cache worker for cache directory md-supplier (/Users/macbook/.gradle/caches/8.13/md-supplier)" [_thread_blocked, id=61187, stack(0x0000700007fa4000,0x00007000080a4000)]
  0x00007fba283dc600 JavaThread "Cache worker for cache directory md-rule (/Users/macbook/.gradle/caches/8.13/md-rule)" [_thread_blocked, id=46851, stack(0x00007000080a7000,0x00007000081a7000)]
  0x00007fba2a10a600 JavaThread "Cache worker for Build Output Cleanup Cache (/Users/macbook/projects/Alse/node_modules/@react-native/gradle-plugin/.gradle/buildOutputCleanup)" [_thread_blocked, id=60419, stack(0x00007000081aa000,0x00007000082aa000)]
  0x00007fba2fa50400 JavaThread "Unconstrained build operations" [_thread_blocked, id=60163, stack(0x00007000082ad000,0x00007000083ad000)]
  0x00007fba31035e00 JavaThread "Unconstrained build operations Thread 2" [_thread_blocked, id=59907, stack(0x00007000083b0000,0x00007000084b0000)]
  0x00007fba285f4200 JavaThread "Unconstrained build operations Thread 3" [_thread_blocked, id=59651, stack(0x00007000084b3000,0x00007000085b3000)]
  0x00007fba2b02e600 JavaThread "Unconstrained build operations Thread 4" [_thread_blocked, id=47875, stack(0x00007000085b6000,0x00007000086b6000)]
  0x00007fba267fb800 JavaThread "Unconstrained build operations Thread 5" [_thread_blocked, id=48387, stack(0x00007000086b9000,0x00007000087b9000)]
  0x00007fba2d00d400 JavaThread "Unconstrained build operations Thread 6" [_thread_blocked, id=59139, stack(0x00007000087bc000,0x00007000088bc000)]
  0x00007fba3234da00 JavaThread "Unconstrained build operations Thread 7" [_thread_blocked, id=23819, stack(0x00007000088bf000,0x00007000089bf000)]
  0x00007fba27b9fe00 JavaThread "Unconstrained build operations Thread 8" [_thread_blocked, id=58883, stack(0x00007000089c2000,0x0000700008ac2000)]
  0x00007fba311f1000 JavaThread "Unconstrained build operations Thread 9" [_thread_blocked, id=49667, stack(0x0000700008ac5000,0x0000700008bc5000)]
  0x00007fba27ba2c00 JavaThread "Unconstrained build operations Thread 10" [_thread_blocked, id=50179, stack(0x0000700008bc8000,0x0000700008cc8000)]
  0x00007fba31b76800 JavaThread "Unconstrained build operations Thread 11" [_thread_blocked, id=50435, stack(0x0000700008ccb000,0x0000700008dcb000)]
  0x00007fba27ba0c00 JavaThread "Unconstrained build operations Thread 12" [_thread_blocked, id=58371, stack(0x0000700008dce000,0x0000700008ece000)]
  0x00007fba31b76e00 JavaThread "Unconstrained build operations Thread 13" [_thread_blocked, id=58115, stack(0x0000700008ed1000,0x0000700008fd1000)]
  0x00007fba2b030a00 JavaThread "Unconstrained build operations Thread 14" [_thread_blocked, id=51459, stack(0x0000700008fd4000,0x00007000090d4000)]
  0x00007fba2fbd7600 JavaThread "Unconstrained build operations Thread 15" [_thread_blocked, id=57859, stack(0x00007000090d7000,0x00007000091d7000)]
  0x00007fba2fbd7c00 JavaThread "Unconstrained build operations Thread 16" [_thread_blocked, id=52227, stack(0x00007000091da000,0x00007000092da000)]
  0x00007fba2fbdea00 JavaThread "Unconstrained build operations Thread 17" [_thread_blocked, id=52483, stack(0x00007000092dd000,0x00007000093dd000)]
  0x00007fba32251000 JavaThread "Unconstrained build operations Thread 18" [_thread_blocked, id=57091, stack(0x00007000093e0000,0x00007000094e0000)]
  0x00007fba2fbdfa00 JavaThread "Unconstrained build operations Thread 19" [_thread_blocked, id=52995, stack(0x00007000094e3000,0x00007000095e3000)]
  0x00007fba2b031800 JavaThread "Unconstrained build operations Thread 20" [_thread_blocked, id=56835, stack(0x00007000095e6000,0x00007000096e6000)]
  0x00007fba2d109600 JavaThread "Unconstrained build operations Thread 21" [_thread_blocked, id=53763, stack(0x00007000096e9000,0x00007000097e9000)]
  0x00007fba2c08f400 JavaThread "Unconstrained build operations Thread 22" [_thread_blocked, id=56323, stack(0x00007000097ec000,0x00007000098ec000)]
  0x00007fba2c821e00 JavaThread "Unconstrained build operations Thread 23" [_thread_blocked, id=54019, stack(0x00007000098ef000,0x00007000099ef000)]
  0x00007fba2c012400 JavaThread "Unconstrained build operations Thread 24" [_thread_blocked, id=54531, stack(0x00007000099f2000,0x0000700009af2000)]
  0x00007fba32252600 JavaThread "Unconstrained build operations Thread 25" [_thread_blocked, id=55043, stack(0x0000700009af5000,0x0000700009bf5000)]
  0x00007fba323c4c00 JavaThread "Unconstrained build operations Thread 26" [_thread_blocked, id=55811, stack(0x0000700009bf8000,0x0000700009cf8000)]
  0x00007fba323c5200 JavaThread "Unconstrained build operations Thread 27" [_thread_blocked, id=65539, stack(0x0000700009cfb000,0x0000700009dfb000)]
  0x00007fba31b73800 JavaThread "Unconstrained build operations Thread 28" [_thread_blocked, id=65795, stack(0x0000700009dfe000,0x0000700009efe000)]
  0x00007fba2a5d1000 JavaThread "Unconstrained build operations Thread 29" [_thread_blocked, id=86787, stack(0x0000700009f01000,0x000070000a001000)]
  0x00007fba2a4a3800 JavaThread "Unconstrained build operations Thread 30" [_thread_blocked, id=86531, stack(0x000070000a004000,0x000070000a104000)]
  0x00007fba2a5ce600 JavaThread "Unconstrained build operations Thread 31" [_thread_blocked, id=66819, stack(0x000070000a107000,0x000070000a207000)]
  0x00007fba311fd800 JavaThread "Unconstrained build operations Thread 32" [_thread_blocked, id=67331, stack(0x000070000a20a000,0x000070000a30a000)]
  0x00007fba2fde0200 JavaThread "Unconstrained build operations Thread 33" [_thread_blocked, id=86019, stack(0x000070000a30d000,0x000070000a40d000)]
  0x00007fba2a5cec00 JavaThread "Unconstrained build operations Thread 34" [_thread_blocked, id=67587, stack(0x000070000a410000,0x000070000a510000)]
  0x00007fba2fde0800 JavaThread "Unconstrained build operations Thread 35" [_thread_blocked, id=85507, stack(0x000070000a513000,0x000070000a613000)]
  0x00007fba3024be00 JavaThread "Unconstrained build operations Thread 36" [_thread_blocked, id=68099, stack(0x000070000a616000,0x000070000a716000)]
  0x00007fba2fde0e00 JavaThread "Unconstrained build operations Thread 37" [_thread_blocked, id=84739, stack(0x000070000a719000,0x000070000a819000)]
  0x00007fba2d11ee00 JavaThread "Unconstrained build operations Thread 38" [_thread_blocked, id=68611, stack(0x000070000a81c000,0x000070000a91c000)]
  0x00007fba2a603400 JavaThread "Unconstrained build operations Thread 39" [_thread_blocked, id=84227, stack(0x000070000a91f000,0x000070000aa1f000)]

Other Threads:
  0x00007fba299103e0 VMThread "VM Thread" [stack: 0x0000700004f11000,0x0000700005011000] [id=19715]
  0x00007fba29b3ba70 WatcherThread [stack: 0x0000700005b38000,0x0000700005c38000] [id=26627]
  0x00007fba25f31870 GCTaskThread "GC Thread#0" [stack: 0x0000700004a02000,0x0000700004b02000] [id=14851]
  0x00007fba29c0d360 GCTaskThread "GC Thread#1" [stack: 0x0000700005c3b000,0x0000700005d3b000] [id=33027]
  0x00007fba29c0dc40 GCTaskThread "GC Thread#2" [stack: 0x0000700005d3e000,0x0000700005e3e000] [id=43011]
  0x00007fba29c0e520 GCTaskThread "GC Thread#3" [stack: 0x0000700005e41000,0x0000700005f41000] [id=42755]
  0x00007fba29c0f1f0 GCTaskThread "GC Thread#4" [stack: 0x0000700005f44000,0x0000700006044000] [id=33539]
  0x00007fba29c0fec0 GCTaskThread "GC Thread#5" [stack: 0x0000700006047000,0x0000700006147000] [id=41987]
  0x00007fba2686cea0 GCTaskThread "GC Thread#6" [stack: 0x0000700006b68000,0x0000700006c68000] [id=37123]
  0x00007fba2686d8b0 GCTaskThread "GC Thread#7" [stack: 0x0000700006c6b000,0x0000700006d6b000] [id=39427]
  0x00007fba2686e5d0 GCTaskThread "GC Thread#8" [stack: 0x0000700006d6e000,0x0000700006e6e000] [id=39171]
  0x00007fba2686f2a0 GCTaskThread "GC Thread#9" [stack: 0x0000700006e71000,0x0000700006f71000] [id=38659]
  0x00007fba2680c590 ConcurrentGCThread "G1 Main Marker" [stack: 0x0000700004b05000,0x0000700004c05000] [id=13315]
  0x00007fba25f321f0 ConcurrentGCThread "G1 Conc#0" [stack: 0x0000700004c08000,0x0000700004d08000] [id=13827]
  0x00007fba2ed4c5a0 ConcurrentGCThread "G1 Conc#1" [stack: 0x0000700007483000,0x0000700007583000] [id=44035]
  0x00007fba2bde3cc0 ConcurrentGCThread "G1 Conc#2" [stack: 0x0000700007586000,0x0000700007686000] [id=44291]
  0x00007fba26a36e00 ConcurrentGCThread "G1 Refine#0" [stack: 0x0000700004d0b000,0x0000700004e0b000] [id=21507]
  0x00007fba26a37b30 ConcurrentGCThread "G1 Service" [stack: 0x0000700004e0e000,0x0000700004f0e000] [id=16899]

Threads with active compile tasks:
C2 CompilerThread0     5808 7606       4       org.gradle.internal.snapshot.VfsRelativePath::compareToFirstSegment (203 bytes)
C2 CompilerThread1     5808 7614       4       java.security.MessageDigest::update (45 bytes)
C2 CompilerThread2     5808 7436       4       java.io.ObjectOutputStream$BlockDataOutputStream::drain (45 bytes)

VM state: not at safepoint (normal execution)

VM Mutex/Monitor currently owned by a thread: None

Heap address: 0x0000000780000000, size: 2048 MB, Compressed Oops mode: Zero based, Oop shift amount: 3

CDS archive(s) mapped at: [0x0000000131000000-0x0000000131bed000-0x0000000131bed000), size 12505088, SharedBaseAddress: 0x0000000131000000, ArchiveRelocationMode: 1.
Compressed class space mapped at: 0x0000000132000000-0x000000014c000000, reserved size: 436207616
Narrow klass base: 0x0000000131000000, Narrow klass shift: 0, Narrow klass range: 0x100000000

GC Precious Log:
 CPUs: 12 total, 12 available
 Memory: 16384M
 Large Page Support: Disabled
 NUMA Support: Disabled
 Compressed Oops: Enabled (Zero based)
 Heap Region Size: 1M
 Heap Min Capacity: 8M
 Heap Initial Capacity: 256M
 Heap Max Capacity: 2G
 Pre-touch: Disabled
 Parallel Workers: 10
 Concurrent Workers: 3
 Concurrent Refinement Workers: 10
 Periodic GC: Disabled

Heap:
 garbage-first heap   total 110592K, used 78493K [0x0000000780000000, 0x0000000800000000)
  region size 1024K, 39 young (39936K), 5 survivors (5120K)
 Metaspace       used 60498K, committed 61056K, reserved 491520K
  class space    used 8649K, committed 8896K, reserved 425984K

Heap Regions: E=young(eden), S=young(survivor), O=old, HS=humongous(starts), HC=humongous(continues), CS=collection set, F=free, OA=open archive, CA=closed archive, TAMS=top-at-mark-start (previous, next)
|   0|0x0000000780000000, 0x0000000780100000, 0x0000000780100000|100%| O|  |TAMS 0x0000000780100000, 0x0000000780000000| Untracked 
|   1|0x0000000780100000, 0x0000000780200000, 0x0000000780200000|100%| O|  |TAMS 0x0000000780200000, 0x0000000780100000| Untracked 
|   2|0x0000000780200000, 0x0000000780300000, 0x0000000780300000|100%| O|  |TAMS 0x0000000780300000, 0x0000000780200000| Untracked 
|   3|0x0000000780300000, 0x0000000780400000, 0x0000000780400000|100%|HS|  |TAMS 0x0000000780400000, 0x0000000780300000| Complete 
|   4|0x0000000780400000, 0x0000000780500000, 0x0000000780500000|100%|HC|  |TAMS 0x0000000780500000, 0x0000000780400000| Complete 
|   5|0x0000000780500000, 0x0000000780600000, 0x0000000780600000|100%|HC|  |TAMS 0x0000000780600000, 0x0000000780500000| Complete 
|   6|0x0000000780600000, 0x0000000780700000, 0x0000000780700000|100%| O|  |TAMS 0x0000000780700000, 0x0000000780600000| Untracked 
|   7|0x0000000780700000, 0x0000000780800000, 0x0000000780800000|100%| O|  |TAMS 0x0000000780800000, 0x0000000780700000| Untracked 
|   8|0x0000000780800000, 0x0000000780900000, 0x0000000780900000|100%| O|  |TAMS 0x0000000780900000, 0x0000000780800000| Untracked 
|   9|0x0000000780900000, 0x0000000780a00000, 0x0000000780a00000|100%|HS|  |TAMS 0x0000000780a00000, 0x0000000780900000| Complete 
|  10|0x0000000780a00000, 0x0000000780b00000, 0x0000000780b00000|100%| O|  |TAMS 0x0000000780b00000, 0x0000000780a00000| Untracked 
|  11|0x0000000780b00000, 0x0000000780c00000, 0x0000000780c00000|100%| O|  |TAMS 0x0000000780c00000, 0x0000000780b00000| Untracked 
|  12|0x0000000780c00000, 0x0000000780c96a00, 0x0000000780d00000| 58%| O|  |TAMS 0x0000000780c96a00, 0x0000000780c00000| Untracked 
|  13|0x0000000780d00000, 0x0000000780e00000, 0x0000000780e00000|100%| O|  |TAMS 0x0000000780e00000, 0x0000000780d00000| Untracked 
|  14|0x0000000780e00000, 0x0000000780f00000, 0x0000000780f00000|100%| O|  |TAMS 0x0000000780f00000, 0x0000000780e00000| Untracked 
|  15|0x0000000780f00000, 0x0000000781000000, 0x0000000781000000|100%| O|  |TAMS 0x0000000781000000, 0x0000000780f00000| Untracked 
|  16|0x0000000781000000, 0x0000000781100000, 0x0000000781100000|100%| O|  |TAMS 0x0000000781100000, 0x0000000781000000| Untracked 
|  17|0x0000000781100000, 0x0000000781200000, 0x0000000781200000|100%| O|  |TAMS 0x0000000781200000, 0x0000000781100000| Untracked 
|  18|0x0000000781200000, 0x0000000781300000, 0x0000000781300000|100%| O|  |TAMS 0x0000000781300000, 0x0000000781200000| Untracked 
|  19|0x0000000781300000, 0x0000000781400000, 0x0000000781400000|100%| O|  |TAMS 0x0000000781400000, 0x0000000781300000| Untracked 
|  20|0x0000000781400000, 0x0000000781500000, 0x0000000781500000|100%| O|  |TAMS 0x0000000781500000, 0x0000000781400000| Untracked 
|  21|0x0000000781500000, 0x0000000781600000, 0x0000000781600000|100%| O|  |TAMS 0x0000000781600000, 0x0000000781500000| Untracked 
|  22|0x0000000781600000, 0x0000000781700000, 0x0000000781700000|100%| O|  |TAMS 0x0000000781700000, 0x0000000781600000| Untracked 
|  23|0x0000000781700000, 0x0000000781800000, 0x0000000781800000|100%| O|  |TAMS 0x0000000781800000, 0x0000000781700000| Untracked 
|  24|0x0000000781800000, 0x0000000781900000, 0x0000000781900000|100%| O|  |TAMS 0x0000000781900000, 0x0000000781800000| Untracked 
|  25|0x0000000781900000, 0x0000000781a00000, 0x0000000781a00000|100%| O|  |TAMS 0x0000000781a00000, 0x0000000781900000| Untracked 
|  26|0x0000000781a00000, 0x0000000781b00000, 0x0000000781b00000|100%| O|  |TAMS 0x0000000781b00000, 0x0000000781a00000| Untracked 
|  27|0x0000000781b00000, 0x0000000781c00000, 0x0000000781c00000|100%| O|  |TAMS 0x0000000781c00000, 0x0000000781b00000| Untracked 
|  28|0x0000000781c00000, 0x0000000781d00000, 0x0000000781d00000|100%| O|  |TAMS 0x0000000781d00000, 0x0000000781c00000| Untracked 
|  29|0x0000000781d00000, 0x0000000781e00000, 0x0000000781e00000|100%| O|  |TAMS 0x0000000781e00000, 0x0000000781d00000| Untracked 
|  30|0x0000000781e00000, 0x0000000781f00000, 0x0000000781f00000|100%| O|  |TAMS 0x0000000781f00000, 0x0000000781e00000| Untracked 
|  31|0x0000000781f00000, 0x0000000782000000, 0x0000000782000000|100%| O|  |TAMS 0x0000000782000000, 0x0000000781f00000| Untracked 
|  32|0x0000000782000000, 0x0000000782100000, 0x0000000782100000|100%| O|  |TAMS 0x0000000782100000, 0x0000000782000000| Untracked 
|  33|0x0000000782100000, 0x0000000782200000, 0x0000000782200000|100%| O|  |TAMS 0x00000007821eae00, 0x0000000782100000| Untracked 
|  34|0x0000000782200000, 0x0000000782300000, 0x0000000782300000|100%| O|  |TAMS 0x0000000782300000, 0x0000000782200000| Untracked 
|  35|0x0000000782300000, 0x0000000782400000, 0x0000000782400000|100%| O|  |TAMS 0x0000000782400000, 0x0000000782300000| Untracked 
|  36|0x0000000782400000, 0x0000000782500000, 0x0000000782500000|100%| O|  |TAMS 0x0000000782500000, 0x0000000782400000| Untracked 
|  37|0x0000000782500000, 0x0000000782600000, 0x0000000782600000|100%| O|  |TAMS 0x0000000782500000, 0x0000000782500000| Untracked 
|  38|0x0000000782600000, 0x0000000782700000, 0x0000000782700000|100%| O|  |TAMS 0x0000000782600000, 0x0000000782600000| Untracked 
|  39|0x0000000782700000, 0x00000007827d2000, 0x0000000782800000| 82%| O|  |TAMS 0x0000000782700000, 0x0000000782700000| Untracked 
|  40|0x0000000782800000, 0x0000000782800000, 0x0000000782900000|  0%| F|  |TAMS 0x0000000782800000, 0x0000000782800000| Untracked 
|  41|0x0000000782900000, 0x0000000782900000, 0x0000000782a00000|  0%| F|  |TAMS 0x0000000782900000, 0x0000000782900000| Untracked 
|  42|0x0000000782a00000, 0x0000000782a00000, 0x0000000782b00000|  0%| F|  |TAMS 0x0000000782a00000, 0x0000000782a00000| Untracked 
|  43|0x0000000782b00000, 0x0000000782b00000, 0x0000000782c00000|  0%| F|  |TAMS 0x0000000782b00000, 0x0000000782b00000| Untracked 
|  44|0x0000000782c00000, 0x0000000782c00000, 0x0000000782d00000|  0%| F|  |TAMS 0x0000000782c00000, 0x0000000782c00000| Untracked 
|  45|0x0000000782d00000, 0x0000000782d00000, 0x0000000782e00000|  0%| F|  |TAMS 0x0000000782d00000, 0x0000000782d00000| Untracked 
|  46|0x0000000782e00000, 0x0000000782e00000, 0x0000000782f00000|  0%| F|  |TAMS 0x0000000782e00000, 0x0000000782e00000| Untracked 
|  47|0x0000000782f00000, 0x0000000782f00000, 0x0000000783000000|  0%| F|  |TAMS 0x0000000782f00000, 0x0000000782f00000| Untracked 
|  48|0x0000000783000000, 0x0000000783000000, 0x0000000783100000|  0%| F|  |TAMS 0x0000000783000000, 0x0000000783000000| Untracked 
|  49|0x0000000783100000, 0x0000000783100000, 0x0000000783200000|  0%| F|  |TAMS 0x0000000783100000, 0x0000000783100000| Untracked 
|  50|0x0000000783200000, 0x0000000783200000, 0x0000000783300000|  0%| F|  |TAMS 0x0000000783200000, 0x0000000783200000| Untracked 
|  51|0x0000000783300000, 0x0000000783300000, 0x0000000783400000|  0%| F|  |TAMS 0x0000000783300000, 0x0000000783300000| Untracked 
|  52|0x0000000783400000, 0x0000000783400000, 0x0000000783500000|  0%| F|  |TAMS 0x0000000783400000, 0x0000000783400000| Untracked 
|  53|0x0000000783500000, 0x0000000783500000, 0x0000000783600000|  0%| F|  |TAMS 0x0000000783500000, 0x0000000783500000| Untracked 
|  54|0x0000000783600000, 0x0000000783600000, 0x0000000783700000|  0%| F|  |TAMS 0x0000000783600000, 0x0000000783600000| Untracked 
|  55|0x0000000783700000, 0x0000000783700000, 0x0000000783800000|  0%| F|  |TAMS 0x0000000783700000, 0x0000000783700000| Untracked 
|  56|0x0000000783800000, 0x0000000783800000, 0x0000000783900000|  0%| F|  |TAMS 0x0000000783800000, 0x0000000783800000| Untracked 
|  57|0x0000000783900000, 0x0000000783900000, 0x0000000783a00000|  0%| F|  |TAMS 0x0000000783900000, 0x0000000783900000| Untracked 
|  58|0x0000000783a00000, 0x0000000783a00000, 0x0000000783b00000|  0%| F|  |TAMS 0x0000000783a00000, 0x0000000783a00000| Untracked 
|  59|0x0000000783b00000, 0x0000000783b00000, 0x0000000783c00000|  0%| F|  |TAMS 0x0000000783b00000, 0x0000000783b00000| Untracked 
|  60|0x0000000783c00000, 0x0000000783c00000, 0x0000000783d00000|  0%| F|  |TAMS 0x0000000783c00000, 0x0000000783c00000| Untracked 
|  61|0x0000000783d00000, 0x0000000783d00000, 0x0000000783e00000|  0%| F|  |TAMS 0x0000000783d00000, 0x0000000783d00000| Untracked 
|  62|0x0000000783e00000, 0x0000000783e00000, 0x0000000783f00000|  0%| F|  |TAMS 0x0000000783e00000, 0x0000000783e00000| Untracked 
|  63|0x0000000783f00000, 0x0000000783f00000, 0x0000000784000000|  0%| F|  |TAMS 0x0000000783f00000, 0x0000000783f00000| Untracked 
|  64|0x0000000784000000, 0x0000000784000000, 0x0000000784100000|  0%| F|  |TAMS 0x0000000784000000, 0x0000000784000000| Untracked 
|  65|0x0000000784100000, 0x0000000784100000, 0x0000000784200000|  0%| F|  |TAMS 0x0000000784100000, 0x0000000784100000| Untracked 
|  66|0x0000000784200000, 0x0000000784253d00, 0x0000000784300000| 32%| S|CS|TAMS 0x0000000784200000, 0x0000000784200000| Complete 
|  67|0x0000000784300000, 0x0000000784400000, 0x0000000784400000|100%| S|CS|TAMS 0x0000000784300000, 0x0000000784300000| Complete 
|  68|0x0000000784400000, 0x0000000784500000, 0x0000000784500000|100%| S|CS|TAMS 0x0000000784400000, 0x0000000784400000| Complete 
|  69|0x0000000784500000, 0x0000000784600000, 0x0000000784600000|100%| S|CS|TAMS 0x0000000784500000, 0x0000000784500000| Complete 
|  70|0x0000000784600000, 0x0000000784700000, 0x0000000784700000|100%| S|CS|TAMS 0x0000000784600000, 0x0000000784600000| Complete 
|  71|0x0000000784700000, 0x0000000784700000, 0x0000000784800000|  0%| F|  |TAMS 0x0000000784700000, 0x0000000784700000| Untracked 
|  72|0x0000000784800000, 0x0000000784900000, 0x0000000784900000|100%| E|  |TAMS 0x0000000784800000, 0x0000000784800000| Complete 
|  73|0x0000000784900000, 0x0000000784a00000, 0x0000000784a00000|100%| E|CS|TAMS 0x0000000784900000, 0x0000000784900000| Complete 
|  74|0x0000000784a00000, 0x0000000784b00000, 0x0000000784b00000|100%| E|CS|TAMS 0x0000000784a00000, 0x0000000784a00000| Complete 
|  75|0x0000000784b00000, 0x0000000784c00000, 0x0000000784c00000|100%| E|  |TAMS 0x0000000784b00000, 0x0000000784b00000| Complete 
|  76|0x0000000784c00000, 0x0000000784d00000, 0x0000000784d00000|100%| E|CS|TAMS 0x0000000784c00000, 0x0000000784c00000| Complete 
|  77|0x0000000784d00000, 0x0000000784e00000, 0x0000000784e00000|100%| E|CS|TAMS 0x0000000784d00000, 0x0000000784d00000| Complete 
|  78|0x0000000784e00000, 0x0000000784f00000, 0x0000000784f00000|100%| E|CS|TAMS 0x0000000784e00000, 0x0000000784e00000| Complete 
|  79|0x0000000784f00000, 0x0000000785000000, 0x0000000785000000|100%| E|CS|TAMS 0x0000000784f00000, 0x0000000784f00000| Complete 
|  80|0x0000000785000000, 0x0000000785100000, 0x0000000785100000|100%| E|CS|TAMS 0x0000000785000000, 0x0000000785000000| Complete 
|  81|0x0000000785100000, 0x0000000785200000, 0x0000000785200000|100%| E|CS|TAMS 0x0000000785100000, 0x0000000785100000| Complete 
|  82|0x0000000785200000, 0x0000000785300000, 0x0000000785300000|100%| E|CS|TAMS 0x0000000785200000, 0x0000000785200000| Complete 
|  83|0x0000000785300000, 0x0000000785400000, 0x0000000785400000|100%| E|CS|TAMS 0x0000000785300000, 0x0000000785300000| Complete 
|  84|0x0000000785400000, 0x0000000785500000, 0x0000000785500000|100%| E|CS|TAMS 0x0000000785400000, 0x0000000785400000| Complete 
|  85|0x0000000785500000, 0x0000000785600000, 0x0000000785600000|100%| E|CS|TAMS 0x0000000785500000, 0x0000000785500000| Complete 
|  86|0x0000000785600000, 0x0000000785700000, 0x0000000785700000|100%| E|CS|TAMS 0x0000000785600000, 0x0000000785600000| Complete 
|  87|0x0000000785700000, 0x0000000785800000, 0x0000000785800000|100%| E|CS|TAMS 0x0000000785700000, 0x0000000785700000| Complete 
|  88|0x0000000785800000, 0x0000000785900000, 0x0000000785900000|100%| E|CS|TAMS 0x0000000785800000, 0x0000000785800000| Complete 
|  89|0x0000000785900000, 0x0000000785a00000, 0x0000000785a00000|100%| E|CS|TAMS 0x0000000785900000, 0x0000000785900000| Complete 
|  90|0x0000000785a00000, 0x0000000785b00000, 0x0000000785b00000|100%| E|CS|TAMS 0x0000000785a00000, 0x0000000785a00000| Complete 
|  91|0x0000000785b00000, 0x0000000785c00000, 0x0000000785c00000|100%| E|CS|TAMS 0x0000000785b00000, 0x0000000785b00000| Complete 
|  92|0x0000000785c00000, 0x0000000785d00000, 0x0000000785d00000|100%| E|CS|TAMS 0x0000000785c00000, 0x0000000785c00000| Complete 
| 161|0x000000078a100000, 0x000000078a200000, 0x000000078a200000|100%| E|CS|TAMS 0x000000078a100000, 0x000000078a100000| Complete 
| 162|0x000000078a200000, 0x000000078a300000, 0x000000078a300000|100%| E|CS|TAMS 0x000000078a200000, 0x000000078a200000| Complete 
| 163|0x000000078a300000, 0x000000078a400000, 0x000000078a400000|100%| E|CS|TAMS 0x000000078a300000, 0x000000078a300000| Complete 
| 164|0x000000078a400000, 0x000000078a500000, 0x000000078a500000|100%| E|CS|TAMS 0x000000078a400000, 0x000000078a400000| Complete 
| 165|0x000000078a500000, 0x000000078a600000, 0x000000078a600000|100%| E|CS|TAMS 0x000000078a500000, 0x000000078a500000| Complete 
| 166|0x000000078a600000, 0x000000078a700000, 0x000000078a700000|100%| E|CS|TAMS 0x000000078a600000, 0x000000078a600000| Complete 
| 167|0x000000078a700000, 0x000000078a800000, 0x000000078a800000|100%| E|CS|TAMS 0x000000078a700000, 0x000000078a700000| Complete 
| 168|0x000000078a800000, 0x000000078a900000, 0x000000078a900000|100%| E|CS|TAMS 0x000000078a800000, 0x000000078a800000| Complete 
| 169|0x000000078a900000, 0x000000078aa00000, 0x000000078aa00000|100%| E|CS|TAMS 0x000000078a900000, 0x000000078a900000| Complete 
| 170|0x000000078aa00000, 0x000000078ab00000, 0x000000078ab00000|100%| E|CS|TAMS 0x000000078aa00000, 0x000000078aa00000| Complete 
| 171|0x000000078ab00000, 0x000000078ac00000, 0x000000078ac00000|100%| E|CS|TAMS 0x000000078ab00000, 0x000000078ab00000| Complete 
| 172|0x000000078ac00000, 0x000000078ad00000, 0x000000078ad00000|100%| E|CS|TAMS 0x000000078ac00000, 0x000000078ac00000| Complete 
| 255|0x000000078ff00000, 0x0000000790000000, 0x0000000790000000|100%| E|CS|TAMS 0x000000078ff00000, 0x000000078ff00000| Complete 
|2046|0x00000007ffe00000, 0x00000007ffe76000, 0x00000007fff00000| 46%|OA|  |TAMS 0x00000007ffe76000, 0x00000007ffe00000| Untracked 
|2047|0x00000007fff00000, 0x00000007fff75000, 0x0000000800000000| 45%|CA|  |TAMS 0x00000007fff75000, 0x00000007fff00000| Untracked 

Card table byte_map: [0x0000000111648000,0x0000000111a48000] _byte_map_base: 0x000000010da48000

Marking Bits (Prev, Next): (CMBitMap*) 0x00007fba2700c250, (CMBitMap*) 0x00007fba2700c210
 Prev Bits: [0x000000011529a000, 0x000000011729a000)
 Next Bits: [0x000000011329a000, 0x000000011529a000)

Polling page: 0x000000010afc5000

Metaspace:

Usage:
  Non-class:     50.67 MB used.
      Class:      8.45 MB used.
       Both:     59.12 MB used.

Virtual space:
  Non-class space:       64.00 MB reserved,      51.00 MB ( 80%) committed,  1 nodes.
      Class space:      416.00 MB reserved,       8.75 MB (  2%) committed,  1 nodes.
             Both:      480.00 MB reserved,      59.75 MB ( 12%) committed. 

Chunk freelists:
   Non-Class:  12.83 MB
       Class:  7.31 MB
        Both:  20.14 MB

MaxMetaspaceSize: 512.00 MB
CompressedClassSpaceSize: 416.00 MB
Initial GC threshold: 21.00 MB
Current GC threshold: 98.25 MB
CDS: on
MetaspaceReclaimPolicy: balanced
 - commit_granule_bytes: 65536.
 - commit_granule_words: 8192.
 - virtual_space_node_default_size: 8388608.
 - enlarge_chunks_in_place: 1.
 - new_chunks_are_fully_committed: 0.
 - uncommit_free_chunks: 1.
 - use_allocation_guard: 0.
 - handle_deallocations: 1.


Internal statistics:

num_allocs_failed_limit: 9.
num_arena_births: 764.
num_arena_deaths: 2.
num_vsnodes_births: 2.
num_vsnodes_deaths: 0.
num_space_committed: 956.
num_space_uncommitted: 0.
num_chunks_returned_to_freelist: 15.
num_chunks_taken_from_freelist: 3279.
num_chunk_merges: 9.
num_chunk_splits: 2173.
num_chunks_enlarged: 1501.
num_inconsistent_stats: 0.

CodeHeap 'non-profiled nmethods': size=120028Kb used=3585Kb max_used=3585Kb free=116442Kb
 bounds [0x0000000128b7f000, 0x0000000128f0f000, 0x00000001300b6000]
CodeHeap 'profiled nmethods': size=120028Kb used=11912Kb max_used=11912Kb free=108115Kb
 bounds [0x00000001210b6000, 0x0000000121c66000, 0x00000001285ed000]
CodeHeap 'non-nmethods': size=5704Kb used=2352Kb max_used=2454Kb free=3351Kb
 bounds [0x00000001285ed000, 0x000000012885d000, 0x0000000128b7f000]
 total_blobs=7452 nmethods=6570 adapters=795
 compilation: enabled
              stopped_count=0, restarted_count=0
 full_count=0

Compilation events (20 events):
Event: 5.767 Thread 0x00007fba2a01b600 nmethod 7504 0x0000000121c23e90 code [0x0000000121c24160, 0x0000000121c24fc0]
Event: 5.767 Thread 0x00007fba2a01b600 7512       3       java.util.concurrent.locks.ReentrantReadWriteLock$Sync::tryAcquireShared (177 bytes)
Event: 5.767 Thread 0x00007fba2a01b600 nmethod 7512 0x0000000121c25590 code [0x0000000121c25820, 0x0000000121c26400]
Event: 5.767 Thread 0x00007fba2a01b600 7513       3       java.util.concurrent.locks.ReentrantReadWriteLock$Sync::tryReleaseShared (146 bytes)
Event: 5.768 Thread 0x00007fba2a01b600 nmethod 7513 0x0000000121c26790 code [0x0000000121c26a00, 0x0000000121c27550]
Event: 5.768 Thread 0x00007fba2a01b600 7514       3       java.util.concurrent.locks.AbstractQueuedSynchronizer::acquireShared (20 bytes)
Event: 5.769 Thread 0x00007fba2a01b600 nmethod 7514 0x0000000121428390 code [0x0000000121428540, 0x00000001214287b0]
Event: 5.769 Thread 0x00007fba2a01b600 7507   !   3       org.gradle.internal.serialize.kryo.KryoBackedDecoder::readLong (15 bytes)
Event: 5.769 Thread 0x00007fba2a01b600 nmethod 7507 0x0000000121c27990 code [0x0000000121c27ba0, 0x0000000121c28160]
Event: 5.769 Thread 0x00007fba2a01b600 7518       3       java.util.stream.ReferencePipeline::collect (124 bytes)
Event: 5.770 Thread 0x00007fba2a01b600 nmethod 7518 0x0000000121c28390 code [0x0000000121c28620, 0x0000000121c292a0]
Event: 5.770 Thread 0x00007fba2a01b600 7520       3       java.util.stream.ReduceOps::makeRef (42 bytes)
Event: 5.771 Thread 0x00007fba2a01b600 nmethod 7520 0x0000000121c29710 code [0x0000000121c29920, 0x0000000121c2a120]
Event: 5.771 Thread 0x00007fba2a01b600 7517       3       java.util.concurrent.locks.ReentrantLock$FairSync::tryAcquire (34 bytes)
Event: 5.771 Thread 0x00007fba2a01b600 nmethod 7517 0x0000000121165790 code [0x0000000121165960, 0x0000000121165c50]
Event: 5.771 Thread 0x00007fba2a01b600 7509       3       sun.nio.fs.UnixPath::resolve (48 bytes)
Event: 5.772 Thread 0x00007fba2a01b600 nmethod 7509 0x0000000121c2a410 code [0x0000000121c2a640, 0x0000000121c2afa0]
Event: 5.772 Thread 0x00007fba2a01b600 7508       3       com.esotericsoftware.kryo.io.Input::readLong (181 bytes)
Event: 5.772 Thread 0x00007fba2a01b600 nmethod 7508 0x0000000121456810 code [0x00000001214569c0, 0x0000000121456d00]
Event: 5.772 Thread 0x00007fba2a01b600 7510       3       sun.nio.fs.UnixPath::resolve (103 bytes)

GC Heap History (20 events):
Event: 2.755 GC heap before
{Heap before GC invocations=6 (full 0):
 garbage-first heap   total 92160K, used 64956K [0x0000000780000000, 0x0000000800000000)
  region size 1024K, 42 young (43008K), 3 survivors (3072K)
 Metaspace       used 30702K, committed 31040K, reserved 491520K
  class space    used 4546K, committed 4672K, reserved 425984K
}
Event: 2.758 GC heap after
{Heap after GC invocations=7 (full 0):
 garbage-first heap   total 92160K, used 28536K [0x0000000780000000, 0x0000000800000000)
  region size 1024K, 5 young (5120K), 5 survivors (5120K)
 Metaspace       used 30702K, committed 31040K, reserved 491520K
  class space    used 4546K, committed 4672K, reserved 425984K
}
Event: 2.985 GC heap before
{Heap before GC invocations=7 (full 0):
 garbage-first heap   total 92160K, used 68472K [0x0000000780000000, 0x0000000800000000)
  region size 1024K, 44 young (45056K), 5 survivors (5120K)
 Metaspace       used 31390K, committed 31680K, reserved 491520K
  class space    used 4601K, committed 4736K, reserved 425984K
}
Event: 2.988 GC heap after
{Heap after GC invocations=8 (full 0):
 garbage-first heap   total 92160K, used 29791K [0x0000000780000000, 0x0000000800000000)
  region size 1024K, 5 young (5120K), 5 survivors (5120K)
 Metaspace       used 31390K, committed 31680K, reserved 491520K
  class space    used 4601K, committed 4736K, reserved 425984K
}
Event: 3.394 GC heap before
{Heap before GC invocations=8 (full 0):
 garbage-first heap   total 92160K, used 68703K [0x0000000780000000, 0x0000000800000000)
  region size 1024K, 43 young (44032K), 5 survivors (5120K)
 Metaspace       used 35405K, committed 35840K, reserved 491520K
  class space    used 5109K, committed 5312K, reserved 425984K
}
Event: 3.398 GC heap after
{Heap after GC invocations=9 (full 0):
 garbage-first heap   total 92160K, used 32859K [0x0000000780000000, 0x0000000800000000)
  region size 1024K, 5 young (5120K), 5 survivors (5120K)
 Metaspace       used 35405K, committed 35840K, reserved 491520K
  class space    used 5109K, committed 5312K, reserved 425984K
}
Event: 3.412 GC heap before
{Heap before GC invocations=9 (full 0):
 garbage-first heap   total 92160K, used 33883K [0x0000000780000000, 0x0000000800000000)
  region size 1024K, 7 young (7168K), 5 survivors (5120K)
 Metaspace       used 35586K, committed 35968K, reserved 491520K
  class space    used 5143K, committed 5312K, reserved 425984K
}
Event: 3.414 GC heap after
{Heap after GC invocations=10 (full 0):
 garbage-first heap   total 92160K, used 33266K [0x0000000780000000, 0x0000000800000000)
  region size 1024K, 4 young (4096K), 4 survivors (4096K)
 Metaspace       used 35586K, committed 35968K, reserved 491520K
  class space    used 5143K, committed 5312K, reserved 425984K
}
Event: 3.799 GC heap before
{Heap before GC invocations=11 (full 0):
 garbage-first heap   total 92160K, used 70130K [0x0000000780000000, 0x0000000800000000)
  region size 1024K, 36 young (36864K), 4 survivors (4096K)
 Metaspace       used 40876K, committed 41280K, reserved 491520K
  class space    used 5718K, committed 5888K, reserved 425984K
}
Event: 3.802 GC heap after
{Heap after GC invocations=12 (full 0):
 garbage-first heap   total 92160K, used 36837K [0x0000000780000000, 0x0000000800000000)
  region size 1024K, 4 young (4096K), 4 survivors (4096K)
 Metaspace       used 40876K, committed 41280K, reserved 491520K
  class space    used 5718K, committed 5888K, reserved 425984K
}
Event: 4.106 GC heap before
{Heap before GC invocations=12 (full 0):
 garbage-first heap   total 92160K, used 68581K [0x0000000780000000, 0x0000000800000000)
  region size 1024K, 35 young (35840K), 4 survivors (4096K)
 Metaspace       used 43988K, committed 44416K, reserved 491520K
  class space    used 6215K, committed 6400K, reserved 425984K
}
Event: 4.110 GC heap after
{Heap after GC invocations=13 (full 0):
 garbage-first heap   total 92160K, used 38513K [0x0000000780000000, 0x0000000800000000)
  region size 1024K, 2 young (2048K), 2 survivors (2048K)
 Metaspace       used 43988K, committed 44416K, reserved 491520K
  class space    used 6215K, committed 6400K, reserved 425984K
}
Event: 4.369 GC heap before
{Heap before GC invocations=13 (full 0):
 garbage-first heap   total 92160K, used 70257K [0x0000000780000000, 0x0000000800000000)
  region size 1024K, 32 young (32768K), 2 survivors (2048K)
 Metaspace       used 46970K, committed 47488K, reserved 491520K
  class space    used 6559K, committed 6784K, reserved 425984K
}
Event: 4.372 GC heap after
{Heap after GC invocations=14 (full 0):
 garbage-first heap   total 110592K, used 39720K [0x0000000780000000, 0x0000000800000000)
  region size 1024K, 4 young (4096K), 4 survivors (4096K)
 Metaspace       used 46970K, committed 47488K, reserved 491520K
  class space    used 6559K, committed 6784K, reserved 425984K
}
Event: 4.794 GC heap before
{Heap before GC invocations=14 (full 0):
 garbage-first heap   total 110592K, used 82728K [0x0000000780000000, 0x0000000800000000)
  region size 1024K, 46 young (47104K), 4 survivors (4096K)
 Metaspace       used 51267K, committed 51840K, reserved 491520K
  class space    used 7249K, committed 7488K, reserved 425984K
}
Event: 4.798 GC heap after
{Heap after GC invocations=15 (full 0):
 garbage-first heap   total 110592K, used 41695K [0x0000000780000000, 0x0000000800000000)
  region size 1024K, 4 young (4096K), 4 survivors (4096K)
 Metaspace       used 51267K, committed 51840K, reserved 491520K
  class space    used 7249K, committed 7488K, reserved 425984K
}
Event: 5.199 GC heap before
{Heap before GC invocations=15 (full 0):
 garbage-first heap   total 110592K, used 85727K [0x0000000780000000, 0x0000000800000000)
  region size 1024K, 47 young (48128K), 4 survivors (4096K)
 Metaspace       used 56018K, committed 56576K, reserved 491520K
  class space    used 7934K, committed 8192K, reserved 425984K
}
Event: 5.202 GC heap after
{Heap after GC invocations=16 (full 0):
 garbage-first heap   total 110592K, used 43271K [0x0000000780000000, 0x0000000800000000)
  region size 1024K, 5 young (5120K), 5 survivors (5120K)
 Metaspace       used 56018K, committed 56576K, reserved 491520K
  class space    used 7934K, committed 8192K, reserved 425984K
}
Event: 5.536 GC heap before
{Heap before GC invocations=16 (full 0):
 garbage-first heap   total 110592K, used 78087K [0x0000000780000000, 0x0000000800000000)
  region size 1024K, 40 young (40960K), 5 survivors (5120K)
 Metaspace       used 59551K, committed 60160K, reserved 491520K
  class space    used 8520K, committed 8832K, reserved 425984K
}
Event: 5.541 GC heap after
{Heap after GC invocations=17 (full 0):
 garbage-first heap   total 110592K, used 45725K [0x0000000780000000, 0x0000000800000000)
  region size 1024K, 5 young (5120K), 5 survivors (5120K)
 Metaspace       used 59551K, committed 60160K, reserved 491520K
  class space    used 8520K, committed 8832K, reserved 425984K
}

Dll operation events (13 events):
Event: 0.007 Loaded shared library /Library/Java/JavaVirtualMachines/zulu-17.jdk/Contents/Home/lib/libjava.dylib
Event: 0.062 Loaded shared library /Library/Java/JavaVirtualMachines/zulu-17.jdk/Contents/Home/lib/libzip.dylib
Event: 0.064 Loaded shared library /Library/Java/JavaVirtualMachines/zulu-17.jdk/Contents/Home/lib/libinstrument.dylib
Event: 0.067 Loaded shared library /Library/Java/JavaVirtualMachines/zulu-17.jdk/Contents/Home/lib/libnio.dylib
Event: 0.071 Loaded shared library /Library/Java/JavaVirtualMachines/zulu-17.jdk/Contents/Home/lib/libzip.dylib
Event: 0.244 Loaded shared library /Library/Java/JavaVirtualMachines/zulu-17.jdk/Contents/Home/lib/libjimage.dylib
Event: 0.338 Loaded shared library /Library/Java/JavaVirtualMachines/zulu-17.jdk/Contents/Home/lib/libverify.dylib
Event: 0.396 Loaded shared library /Library/Java/JavaVirtualMachines/zulu-17.jdk/Contents/Home/lib/libnet.dylib
Event: 0.406 Loaded shared library /Users/macbook/.gradle/native/1def1411415f61bf3af743bc5b6707747c0891f09f0c88961ee8f79bc544acac/osx-amd64/libnative-platform.dylib
Event: 0.416 Loaded shared library /Users/macbook/.gradle/native/0.2.7/x86_64-macos/libgradle-fileevents.dylib
Event: 1.017 Loaded shared library /Library/Java/JavaVirtualMachines/zulu-17.jdk/Contents/Home/lib/libmanagement.dylib
Event: 1.020 Loaded shared library /Library/Java/JavaVirtualMachines/zulu-17.jdk/Contents/Home/lib/libmanagement_ext.dylib
Event: 1.093 Loaded shared library /Library/Java/JavaVirtualMachines/zulu-17.jdk/Contents/Home/lib/libextnet.dylib

Deoptimization events (20 events):
Event: 5.552 Thread 0x00007fba26347200 DEOPT PACKING pc=0x0000000128e07e10 sp=0x0000700006853970
Event: 5.552 Thread 0x00007fba26347200 DEOPT UNPACKING pc=0x0000000128643699 sp=0x0000700006853900 mode 2
Event: 5.635 Thread 0x00007fba26347200 Uncommon trap: trap_request=0xffffffc6 fr.pc=0x0000000128ca48fc relative=0x000000000000023c
Event: 5.635 Thread 0x00007fba26347200 Uncommon trap: reason=bimorphic_or_optimized_type_check action=maybe_recompile pc=0x0000000128ca48fc method=com.google.common.base.CharMatcher.indexIn(Ljava/lang/CharSequence;I)I @ 31 c2
Event: 5.635 Thread 0x00007fba26347200 DEOPT PACKING pc=0x0000000128ca48fc sp=0x0000700006853010
Event: 5.635 Thread 0x00007fba26347200 DEOPT UNPACKING pc=0x0000000128643699 sp=0x0000700006852fd8 mode 2
Event: 5.702 Thread 0x00007fba3234da00 DEOPT PACKING pc=0x0000000121a214ea sp=0x00007000089bd4c0
Event: 5.702 Thread 0x00007fba3234da00 DEOPT UNPACKING pc=0x0000000128643e2f sp=0x00007000089bc978 mode 0
Event: 5.723 Thread 0x00007fba26347200 Uncommon trap: trap_request=0xffffff45 fr.pc=0x0000000128ecbb78 relative=0x0000000000000318
Event: 5.723 Thread 0x00007fba26347200 Uncommon trap: reason=unstable_if action=reinterpret pc=0x0000000128ecbb78 method=org.gradle.internal.snapshot.PathUtil.compareCharsIgnoringCase(CC)I @ 33 c2
Event: 5.723 Thread 0x00007fba26347200 DEOPT PACKING pc=0x0000000128ecbb78 sp=0x000070000684dae0
Event: 5.723 Thread 0x00007fba26347200 DEOPT UNPACKING pc=0x0000000128643699 sp=0x000070000684da90 mode 2
Event: 5.744 Thread 0x00007fba3024be00 Uncommon trap: trap_request=0xffffff45 fr.pc=0x0000000128c2aebc relative=0x000000000000017c
Event: 5.744 Thread 0x00007fba3024be00 Uncommon trap: reason=unstable_if action=reinterpret pc=0x0000000128c2aebc method=java.util.concurrent.ConcurrentHashMap.addCount(JI)V @ 34 c2
Event: 5.744 Thread 0x00007fba3024be00 DEOPT PACKING pc=0x0000000128c2aebc sp=0x000070000a7140a0
Event: 5.744 Thread 0x00007fba3024be00 DEOPT UNPACKING pc=0x0000000128643699 sp=0x000070000a714000 mode 2
Event: 5.744 Thread 0x00007fba2fde0200 Uncommon trap: trap_request=0xffffff45 fr.pc=0x0000000128e7a0d8 relative=0x00000000000010b8
Event: 5.744 Thread 0x00007fba2fde0200 Uncommon trap: reason=unstable_if action=reinterpret pc=0x0000000128e7a0d8 method=java.util.concurrent.ConcurrentHashMap.addCount(JI)V @ 7 c2
Event: 5.744 Thread 0x00007fba2fde0200 DEOPT PACKING pc=0x0000000128e7a0d8 sp=0x000070000a40b070
Event: 5.744 Thread 0x00007fba2fde0200 DEOPT UNPACKING pc=0x0000000128643699 sp=0x000070000a40af30 mode 2

Classes loaded (20 events):
Event: 5.628 Loading class jdk/internal/logger/LoggerFinderLoader$TemporaryLoggerFinder
Event: 5.628 Loading class jdk/internal/logger/LoggerFinderLoader$TemporaryLoggerFinder done
Event: 5.628 Loading class sun/util/logging/internal/LoggingProviderImpl$JULWrapper
Event: 5.628 Loading class sun/util/logging/PlatformLogger$ConfigurableBridge$LoggerConfiguration
Event: 5.628 Loading class sun/util/logging/PlatformLogger$ConfigurableBridge$LoggerConfiguration done
Event: 5.628 Loading class sun/util/logging/internal/LoggingProviderImpl$JULWrapper done
Event: 5.628 Loading class java/io/ObjectInputFilter
Event: 5.629 Loading class java/io/ObjectInputFilter done
Event: 5.629 Loading class java/io/ObjectInputFilter$Config$BuiltinFilterFactory
Event: 5.629 Loading class java/io/ObjectInputFilter$Config$BuiltinFilterFactory done
Event: 5.629 Loading class jdk/internal/access/JavaObjectInputFilterAccess
Event: 5.629 Loading class jdk/internal/access/JavaObjectInputFilterAccess done
Event: 5.629 Loading class java/lang/System$Logger$Level
Event: 5.629 Loading class java/lang/System$Logger$Level done
Event: 5.629 Loading class jdk/internal/event/DeserializationEvent
Event: 5.629 Loading class jdk/internal/event/DeserializationEvent done
Event: 5.629 Loading class java/io/ObjectInputStream$FieldValues
Event: 5.629 Loading class java/io/ObjectInputStream$GetField
Event: 5.629 Loading class java/io/ObjectInputStream$GetField done
Event: 5.629 Loading class java/io/ObjectInputStream$FieldValues done

Classes unloaded (5 events):
Event: 5.563 Thread 0x00007fba299103e0 Unloading class 0x0000000132544000 '_BuildScript_$_run_closure1$_closure2'
Event: 5.563 Thread 0x00007fba299103e0 Unloading class 0x000000013253cac8 '_BuildScript_$_run_closure1'
Event: 5.563 Thread 0x00007fba299103e0 Unloading class 0x000000013253c588 '_BuildScript_'
Event: 5.563 Thread 0x00007fba299103e0 Unloading class 0x000000013253c2c0 'GradleAnnotationProcessorPatchPlugin$AnnotationProcessorModelBuilder'
Event: 5.563 Thread 0x00007fba299103e0 Unloading class 0x000000013253c000 'GradleAnnotationProcessorPatchPlugin'

Classes redefined (0 events):
No events

Internal exceptions (20 events):
Event: 5.115 Thread 0x00007fba26347200 Implicit null exception at 0x0000000128b981d4 to 0x0000000128b987e8
Event: 5.177 Thread 0x00007fba26347200 Exception <a 'java/lang/ClassNotFoundException'{0x0000000784034d48}: sun/misc/SharedSecrets> (0x0000000784034d48) 
thrown [src/hotspot/share/classfile/systemDictionary.cpp, line 259]
Event: 5.204 Thread 0x00007fba263c3000 Exception <a 'java/lang/NoSuchMethodError'{0x000000078ff8eca8}: static Lorg/gradle/internal/build/event/types/DefaultBuildPhaseDescriptor;.<clinit>()V> (0x000000078ff8eca8) 
thrown [src/hotspot/share/prims/jni.cpp, line 1112]
Event: 5.318 Thread 0x00007fba26347200 Exception <a 'java/lang/NoSuchMethodError'{0x000000078a3519e8}: 'void java.lang.invoke.DirectMethodHandle$Holder.invokeStatic(java.lang.Object, java.lang.Object, java.lang.Object, java.lang.Object, java.lang.Object, java.lang.Object, java.lang.Object)'> (0x000000078a3519e8) 
thrown [src/hotspot/share/interpreter/linkResolver.cpp, line 759]
Event: 5.402 Thread 0x00007fba26347200 Exception <a 'java/lang/ClassNotFoundException'{0x00000007856a3568}: org/gradle/api/internal/project/DefaultProject_DecoratedBeanInfo> (0x00000007856a3568) 
thrown [src/hotspot/share/classfile/systemDictionary.cpp, line 259]
Event: 5.403 Thread 0x00007fba26347200 Exception <a 'java/lang/ClassNotFoundException'{0x00000007856b3240}: org/gradle/api/internal/project/DefaultProjectBeanInfo> (0x00000007856b3240) 
thrown [src/hotspot/share/classfile/systemDictionary.cpp, line 259]
Event: 5.403 Thread 0x00007fba26347200 Exception <a 'java/lang/ClassNotFoundException'{0x00000007856c2fd0}: org/gradle/api/internal/project/DefaultProjectCustomizer> (0x00000007856c2fd0) 
thrown [src/hotspot/share/classfile/systemDictionary.cpp, line 259]
Event: 5.407 Thread 0x00007fba26347200 Exception <a 'java/lang/ClassNotFoundException'{0x0000000785585150}: org/gradle/api/internal/project/DefaultProject_DecoratedCustomizer> (0x0000000785585150) 
thrown [src/hotspot/share/classfile/systemDictionary.cpp, line 259]
Event: 5.414 Thread 0x00007fba26347200 Exception <a 'java/lang/ClassNotFoundException'{0x0000000785441388}: org/gradle/configuration/internal/DefaultListenerBuildOperationDecorator$BuildOperationEmittingClosureBeanInfo> (0x0000000785441388) 
thrown [src/hotspot/share/classfile/systemDictionary.cpp, line 259]
Event: 5.414 Thread 0x00007fba26347200 Exception <a 'java/lang/ClassNotFoundException'{0x0000000785452fd8}: org/gradle/configuration/internal/DefaultListenerBuildOperationDecorator$BuildOperationEmittingClosureCustomizer> (0x0000000785452fd8) 
thrown [src/hotspot/share/classfile/systemDictionary.cpp, line 259]
Event: 5.427 Thread 0x00007fba263c3000 Exception <a 'java/lang/NoSuchMethodError'{0x0000000785388498}: static Lorg/gradle/internal/build/event/types/DefaultProjectConfigurationDescriptor;.<clinit>()V> (0x0000000785388498) 
thrown [src/hotspot/share/prims/jni.cpp, line 1112]
Event: 5.497 Thread 0x00007fba26347200 Exception <a 'java/lang/NoSuchMethodError'{0x0000000784cfb278}: 'long java.lang.invoke.DirectMethodHandle$Holder.invokeStatic(java.lang.Object, long)'> (0x0000000784cfb278) 
thrown [src/hotspot/share/interpreter/linkResolver.cpp, line 759]
Event: 5.612 Thread 0x00007fba26347200 Exception <a 'java/lang/NoSuchMethodError'{0x000000078a98dc20}: static Lorg/gradle/api/internal/catalog/DefaultVersionCatalog;.<clinit>()V> (0x000000078a98dc20) 
thrown [src/hotspot/share/prims/jni.cpp, line 1112]
Event: 5.615 Thread 0x00007fba26347200 Exception <a 'java/lang/NoSuchMethodError'{0x000000078a9ce730}: static [Ljava/lang/Object;.<clinit>()V> (0x000000078a9ce730) 
thrown [src/hotspot/share/prims/jni.cpp, line 1112]
Event: 5.616 Thread 0x00007fba26347200 Exception <a 'java/lang/NoSuchMethodError'{0x000000078a9fc7f8}: static Lorg/gradle/api/internal/catalog/DependencyModel;.<clinit>()V> (0x000000078a9fc7f8) 
thrown [src/hotspot/share/prims/jni.cpp, line 1112]
Event: 5.616 Thread 0x00007fba26347200 Exception <a 'java/lang/NoSuchMethodError'{0x000000078a8009a0}: static Lorg/gradle/api/internal/catalog/AbstractContextAwareModel;.<clinit>()V> (0x000000078a8009a0) 
thrown [src/hotspot/share/prims/jni.cpp, line 1112]
Event: 5.617 Thread 0x00007fba26347200 Exception <a 'java/lang/NoSuchMethodError'{0x000000078a820df0}: static Lorg/gradle/api/internal/artifacts/dependencies/AbstractVersionConstraint;.<clinit>()V> (0x000000078a820df0) 
thrown [src/hotspot/share/prims/jni.cpp, line 1112]
Event: 5.624 Thread 0x00007fba26347200 Exception <a 'java/lang/NoSuchMethodError'{0x000000078a8f44c0}: static Lorg/gradle/api/internal/catalog/PluginModel;.<clinit>()V> (0x000000078a8f44c0) 
thrown [src/hotspot/share/prims/jni.cpp, line 1112]
Event: 5.625 Thread 0x00007fba26347200 Exception <a 'java/lang/NoSuchMethodError'{0x000000078a70f9f0}: static Lorg/gradle/api/internal/catalog/VersionModel;.<clinit>()V> (0x000000078a70f9f0) 
thrown [src/hotspot/share/prims/jni.cpp, line 1112]
Event: 5.626 Thread 0x00007fba26347200 Exception <a 'java/lang/NoSuchMethodError'{0x000000078a72a5f0}: 'void java.lang.invoke.DirectMethodHandle$Holder.invokeSpecial(java.lang.Object, java.lang.Object, java.lang.Object, int)'> (0x000000078a72a5f0) 
thrown [src/hotspot/share/interpreter/linkResolver.cpp, line 759]

VM Operations (20 events):
Event: 4.375 Executing VM operation: HandshakeAllThreads
Event: 4.375 Executing VM operation: HandshakeAllThreads done
Event: 4.746 Executing VM operation: HandshakeAllThreads
Event: 4.746 Executing VM operation: HandshakeAllThreads done
Event: 4.794 Executing VM operation: G1CollectForAllocation
Event: 4.798 Executing VM operation: G1CollectForAllocation done
Event: 5.199 Executing VM operation: G1CollectForAllocation
Event: 5.202 Executing VM operation: G1CollectForAllocation done
Event: 5.401 Executing VM operation: ICBufferFull
Event: 5.401 Executing VM operation: ICBufferFull done
Event: 5.536 Executing VM operation: CollectForMetadataAllocation
Event: 5.541 Executing VM operation: CollectForMetadataAllocation done
Event: 5.563 Executing VM operation: G1PauseRemark
Event: 5.568 Executing VM operation: G1PauseRemark done
Event: 5.581 Executing VM operation: G1PauseCleanup
Event: 5.581 Executing VM operation: G1PauseCleanup done
Event: 5.737 Executing VM operation: ICBufferFull
Event: 5.737 Executing VM operation: ICBufferFull done
Event: 5.759 Executing VM operation: HandshakeAllThreads
Event: 5.760 Executing VM operation: HandshakeAllThreads done

Memory protections (20 events):
Event: 5.714 Protecting memory [0x00007000095e6000,0x00007000095ea000] with protection modes 0
Event: 5.715 Protecting memory [0x00007000096e9000,0x00007000096ed000] with protection modes 0
Event: 5.716 Protecting memory [0x00007000097ec000,0x00007000097f0000] with protection modes 0
Event: 5.717 Protecting memory [0x00007000098ef000,0x00007000098f3000] with protection modes 0
Event: 5.718 Protecting memory [0x00007000099f2000,0x00007000099f6000] with protection modes 0
Event: 5.719 Protecting memory [0x0000700009af5000,0x0000700009af9000] with protection modes 0
Event: 5.720 Protecting memory [0x0000700009bf8000,0x0000700009bfc000] with protection modes 0
Event: 5.721 Protecting memory [0x0000700009cfb000,0x0000700009cff000] with protection modes 0
Event: 5.722 Protecting memory [0x0000700009dfe000,0x0000700009e02000] with protection modes 0
Event: 5.736 Protecting memory [0x0000700009f01000,0x0000700009f05000] with protection modes 0
Event: 5.737 Protecting memory [0x000070000a004000,0x000070000a008000] with protection modes 0
Event: 5.737 Protecting memory [0x000070000a107000,0x000070000a10b000] with protection modes 0
Event: 5.738 Protecting memory [0x000070000a20a000,0x000070000a20e000] with protection modes 0
Event: 5.739 Protecting memory [0x000070000a30d000,0x000070000a311000] with protection modes 0
Event: 5.739 Protecting memory [0x000070000a410000,0x000070000a414000] with protection modes 0
Event: 5.740 Protecting memory [0x000070000a513000,0x000070000a517000] with protection modes 0
Event: 5.741 Protecting memory [0x000070000a616000,0x000070000a61a000] with protection modes 0
Event: 5.741 Protecting memory [0x000070000a719000,0x000070000a71d000] with protection modes 0
Event: 5.743 Protecting memory [0x000070000a81c000,0x000070000a820000] with protection modes 0
Event: 5.745 Protecting memory [0x000070000a91f000,0x000070000a923000] with protection modes 0

Nmethod flushes (20 events):
Event: 3.807 Thread 0x00007fba2a01bc00 flushing  nmethod 0x00000001219d8890
Event: 3.807 Thread 0x00007fba2a01bc00 flushing  nmethod 0x00000001219ea310
Event: 3.807 Thread 0x00007fba2a01bc00 flushing  nmethod 0x00000001219ec310
Event: 3.807 Thread 0x00007fba2a01bc00 flushing  nmethod 0x00000001219ec690
Event: 3.807 Thread 0x00007fba2a01bc00 flushing  nmethod 0x00000001219f3410
Event: 3.807 Thread 0x00007fba2a01bc00 flushing  nmethod 0x00000001219f5410
Event: 3.807 Thread 0x00007fba2a01bc00 flushing  nmethod 0x00000001219f6290
Event: 3.807 Thread 0x00007fba2a01bc00 flushing  nmethod 0x00000001219f6610
Event: 3.807 Thread 0x00007fba2a01bc00 flushing  nmethod 0x00000001219f8e90
Event: 3.807 Thread 0x00007fba2a01bc00 flushing  nmethod 0x00000001219f9890
Event: 3.807 Thread 0x00007fba2a01bc00 flushing  nmethod 0x00000001219f9e90
Event: 3.807 Thread 0x00007fba2a01bc00 flushing  nmethod 0x00000001219fb290
Event: 3.807 Thread 0x00007fba2a01bc00 flushing  nmethod 0x00000001219fb610
Event: 5.764 Thread 0x00007fba2a01bc00 flushing  nmethod 0x0000000121165790
Event: 5.765 Thread 0x00007fba2a01bc00 flushing  nmethod 0x00000001211f0410
Event: 5.765 Thread 0x00007fba2a01bc00 flushing  nmethod 0x00000001211f1310
Event: 5.766 Thread 0x00007fba2a01bc00 flushing  nmethod 0x000000012138f210
Event: 5.767 Thread 0x00007fba2a01bc00 flushing  nmethod 0x0000000121428390
Event: 5.767 Thread 0x00007fba2a01bc00 flushing  nmethod 0x0000000121456810
Event: 5.769 Thread 0x00007fba2a01bc00 flushing  nmethod 0x0000000121547490

Events (20 events):
Event: 5.714 Thread 0x00007fba26347200 Thread added: 0x00007fba2b031800
Event: 5.714 Thread 0x00007fba26347200 Thread added: 0x00007fba2d109600
Event: 5.716 Thread 0x00007fba26347200 Thread added: 0x00007fba2c08f400
Event: 5.717 Thread 0x00007fba26347200 Thread added: 0x00007fba2c821e00
Event: 5.718 Thread 0x00007fba26347200 Thread added: 0x00007fba2c012400
Event: 5.719 Thread 0x00007fba26347200 Thread added: 0x00007fba32252600
Event: 5.720 Thread 0x00007fba26347200 Thread added: 0x00007fba323c4c00
Event: 5.721 Thread 0x00007fba26347200 Thread added: 0x00007fba323c5200
Event: 5.722 Thread 0x00007fba26347200 Thread added: 0x00007fba31b73800
Event: 5.736 Thread 0x00007fba26347200 Thread added: 0x00007fba2a5d1000
Event: 5.737 Thread 0x00007fba26347200 Thread added: 0x00007fba2a4a3800
Event: 5.737 Thread 0x00007fba26347200 Thread added: 0x00007fba2a5ce600
Event: 5.738 Thread 0x00007fba26347200 Thread added: 0x00007fba311fd800
Event: 5.739 Thread 0x00007fba26347200 Thread added: 0x00007fba2fde0200
Event: 5.739 Thread 0x00007fba26347200 Thread added: 0x00007fba2a5cec00
Event: 5.740 Thread 0x00007fba26347200 Thread added: 0x00007fba2fde0800
Event: 5.741 Thread 0x00007fba26347200 Thread added: 0x00007fba3024be00
Event: 5.741 Thread 0x00007fba26347200 Thread added: 0x00007fba2fde0e00
Event: 5.742 Thread 0x00007fba26347200 Thread added: 0x00007fba2d11ee00
Event: 5.744 Thread 0x00007fba26347200 Thread added: 0x00007fba2a603400


Dynamic libraries:
0x000000010af4d000 	/Library/Java/JavaVirtualMachines/zulu-17.jdk/Contents/Home/lib/libjli.dylib
0x00007ff8137ee000 	/usr/lib/libz.1.dylib
0x00007ff8138da000 	/usr/lib/libSystem.B.dylib
0x00007ff8138d4000 	/usr/lib/system/libcache.dylib
0x00007ff81388c000 	/usr/lib/system/libcommonCrypto.dylib
0x00007ff8138b6000 	/usr/lib/system/libcompiler_rt.dylib
0x00007ff8138aa000 	/usr/lib/system/libcopyfile.dylib
0x00007ff803a6a000 	/usr/lib/system/libcorecrypto.dylib
0x00007ff803b77000 	/usr/lib/system/libdispatch.dylib
0x00007ff803925000 	/usr/lib/system/libdyld.dylib
0x00007ff8138ca000 	/usr/lib/system/libkeymgr.dylib
0x00007ff813871000 	/usr/lib/system/libmacho.dylib
0x00007ff812a2e000 	/usr/lib/system/libquarantine.dylib
0x00007ff8138c7000 	/usr/lib/system/libremovefile.dylib
0x00007ff80a019000 	/usr/lib/system/libsystem_asl.dylib
0x00007ff8039f3000 	/usr/lib/system/libsystem_blocks.dylib
0x00007ff803bc2000 	/usr/lib/system/libsystem_c.dylib
0x00007ff8138be000 	/usr/lib/system/libsystem_collections.dylib
0x00007ff8113a8000 	/usr/lib/system/libsystem_configuration.dylib
0x00007ff80ff2f000 	/usr/lib/system/libsystem_containermanager.dylib
0x00007ff81333e000 	/usr/lib/system/libsystem_coreservices.dylib
0x00007ff80774d000 	/usr/lib/system/libsystem_darwin.dylib
0x00007ffe075ed000 	/usr/lib/system/libsystem_darwindirectory.dylib
0x00007ff8138cb000 	/usr/lib/system/libsystem_dnssd.dylib
0x00007ffe075f2000 	/usr/lib/system/libsystem_eligibility.dylib
0x00007ff803bbf000 	/usr/lib/system/libsystem_featureflags.dylib
0x00007ff803d44000 	/usr/lib/system/libsystem_info.dylib
0x00007ff813802000 	/usr/lib/system/libsystem_m.dylib
0x00007ff803b2a000 	/usr/lib/system/libsystem_malloc.dylib
0x00007ff809f83000 	/usr/lib/system/libsystem_networkextension.dylib
0x00007ff807b95000 	/usr/lib/system/libsystem_notify.dylib
0x00007ff8113ac000 	/usr/lib/system/libsystem_sandbox.dylib
0x00007ffe075fc000 	/usr/lib/system/libsystem_sanitizers.dylib
0x00007ff8138c3000 	/usr/lib/system/libsystem_secinit.dylib
0x00007ff803cef000 	/usr/lib/system/libsystem_kernel.dylib
0x00007ff803d3a000 	/usr/lib/system/libsystem_platform.dylib
0x00007ff803d2d000 	/usr/lib/system/libsystem_pthread.dylib
0x00007ff80be13000 	/usr/lib/system/libsystem_symptoms.dylib
0x00007ff803a4a000 	/usr/lib/system/libsystem_trace.dylib
0x00007ffe07605000 	/usr/lib/system/libsystem_trial.dylib
0x00007ff813899000 	/usr/lib/system/libunwind.dylib
0x00007ff8039f7000 	/usr/lib/system/libxpc.dylib
0x00007ff8038df000 	/usr/lib/libobjc.A.dylib
0x00007ff803d73000 	/System/Library/Frameworks/CoreFoundation.framework/Versions/A/CoreFoundation
0x00007ff81764c000 	/usr/lib/swift/libswiftCore.dylib
0x00007ff803cd7000 	/usr/lib/libc++abi.dylib
0x00007ffe05dea000 	/usr/lib/libRosetta.dylib
0x00007ff803c4c000 	/usr/lib/libc++.1.dylib
0x00007ff805007000 	/System/Library/Frameworks/Foundation.framework/Versions/C/Foundation
0x00007ff82114f000 	/usr/lib/swift/libswiftObjectiveC.dylib
0x00007ffe06e98000 	/usr/lib/libswiftPrespecialized.dylib
0x00007ff804c92000 	/System/Library/Frameworks/SystemConfiguration.framework/Versions/A/SystemConfiguration
0x00007ff80e2ef000 	/System/Library/PrivateFrameworks/CoreAutoLayout.framework/Versions/A/CoreAutoLayout
0x00007ff8138dc000 	/usr/lib/libfakelink.dylib
0x00007ff813ad6000 	/usr/lib/libcompression.dylib
0x00007ff809bed000 	/System/Library/Frameworks/CFNetwork.framework/Versions/A/CFNetwork
0x00007ff80d49d000 	/System/Library/Frameworks/DiskArbitration.framework/Versions/A/DiskArbitration
0x00007ff81392d000 	/usr/lib/libarchive.2.dylib
0x00007ff80d3af000 	/usr/lib/libDiagnosticMessagesClient.dylib
0x00007ff8074a2000 	/usr/lib/libicucore.A.dylib
0x00007ff80e339000 	/usr/lib/libxml2.2.dylib
0x00007ff81c37f000 	/System/Library/Frameworks/CoreServices.framework/Versions/A/CoreServices
0x00007ff8113b9000 	/usr/lib/liblangid.dylib
0x00007ff807ac8000 	/System/Library/Frameworks/IOKit.framework/Versions/A/IOKit
0x00007ff819e50000 	/System/Library/Frameworks/Combine.framework/Versions/A/Combine
0x00007ffc04041000 	/System/Library/PrivateFrameworks/CollectionsInternal.framework/Versions/A/CollectionsInternal
0x00007ffd09752000 	/System/Library/PrivateFrameworks/ReflectionInternal.framework/Versions/A/ReflectionInternal
0x00007ffd0a494000 	/System/Library/PrivateFrameworks/RuntimeInternal.framework/Versions/A/RuntimeInternal
0x00007ff8138df000 	/System/Library/PrivateFrameworks/SoftLinking.framework/Versions/A/SoftLinking
0x00007ff90eab4000 	/usr/lib/swift/libswiftCoreFoundation.dylib
0x00007ff90bba0000 	/usr/lib/swift/libswiftDarwin.dylib
0x00007ff81e371000 	/usr/lib/swift/libswiftDispatch.dylib
0x00007ff90eb02000 	/usr/lib/swift/libswiftIOKit.dylib
0x00007ffe07281000 	/usr/lib/swift/libswiftSystem.dylib
0x00007ff90eac4000 	/usr/lib/swift/libswiftXPC.dylib
0x00007ffe072b0000 	/usr/lib/swift/libswift_Builtin_float.dylib
0x00007ffe072b3000 	/usr/lib/swift/libswift_Concurrency.dylib
0x00007ffe07320000 	/usr/lib/swift/libswift_DarwinFoundation1.dylib
0x00007ffe07407000 	/usr/lib/swift/libswift_StringProcessing.dylib
0x00007ff821153000 	/usr/lib/swift/libswiftos.dylib
0x00007ff807a47000 	/System/Library/PrivateFrameworks/CoreServicesInternal.framework/Versions/A/CoreServicesInternal
0x00007ff8138a2000 	/usr/lib/liboah.dylib
0x00007ff8070a3000 	/System/Library/Frameworks/Security.framework/Versions/A/Security
0x00007ff820686000 	/System/Library/PrivateFrameworks/DiskImages.framework/Versions/A/DiskImages
0x00007ff90b663000 	/System/Library/Frameworks/NetFS.framework/Versions/A/NetFS
0x00007ff80e2b7000 	/System/Library/Frameworks/CoreServices.framework/Versions/A/Frameworks/FSEvents.framework/Versions/A/FSEvents
0x00007ff807758000 	/System/Library/Frameworks/CoreServices.framework/Versions/A/Frameworks/CarbonCore.framework/Versions/A/CarbonCore
0x00007ff80d413000 	/System/Library/Frameworks/CoreServices.framework/Versions/A/Frameworks/Metadata.framework/Versions/A/Metadata
0x00007ff813345000 	/System/Library/Frameworks/CoreServices.framework/Versions/A/Frameworks/OSServices.framework/Versions/A/OSServices
0x00007ff813a08000 	/System/Library/Frameworks/CoreServices.framework/Versions/A/Frameworks/SearchKit.framework/Versions/A/SearchKit
0x00007ff80bd91000 	/System/Library/Frameworks/CoreServices.framework/Versions/A/Frameworks/AE.framework/Versions/A/AE
0x00007ff80422f000 	/System/Library/Frameworks/CoreServices.framework/Versions/A/Frameworks/LaunchServices.framework/Versions/A/LaunchServices
0x00007ff81501f000 	/System/Library/Frameworks/CoreServices.framework/Versions/A/Frameworks/DictionaryServices.framework/Versions/A/DictionaryServices
0x00007ff80e2c5000 	/System/Library/Frameworks/CoreServices.framework/Versions/A/Frameworks/SharedFileList.framework/Versions/A/SharedFileList
0x00007ff813a8a000 	/usr/lib/libapple_nghttp2.dylib
0x00007ff80b9a2000 	/usr/lib/libsqlite3.dylib
0x00007ff8208c0000 	/System/Library/PrivateFrameworks/AppSupport.framework/Versions/A/AppSupport
0x00007ff80d381000 	/System/Library/PrivateFrameworks/CoreAnalytics.framework/Versions/A/CoreAnalytics
0x00007ff80a5bc000 	/System/Library/Frameworks/CoreGraphics.framework/Versions/A/CoreGraphics
0x00007ff8182af000 	/System/Library/Frameworks/GSS.framework/Versions/A/GSS
0x00007ff816738000 	/System/Library/PrivateFrameworks/InternationalSupport.framework/Versions/A/InternationalSupport
0x00007ff80bd29000 	/System/Library/PrivateFrameworks/RunningBoardServices.framework/Versions/A/RunningBoardServices
0x00007ff8210dc000 	/System/Library/PrivateFrameworks/StreamingZip.framework/Versions/A/StreamingZip
0x00007ff809f9d000 	/usr/lib/libenergytrace.dylib
0x00007ff80be1b000 	/System/Library/Frameworks/Network.framework/Versions/A/Network
0x00007ff812a53000 	/usr/lib/libbsm.0.dylib
0x00007ff813875000 	/usr/lib/system/libkxld.dylib
0x00007ffb1fa5d000 	/System/Library/PrivateFrameworks/AppleKeyStore.framework/Versions/A/AppleKeyStore
0x00007ffe05b42000 	/usr/lib/libCoreEntitlements.dylib
0x00007ffc1faeb000 	/System/Library/PrivateFrameworks/MessageSecurity.framework/Versions/A/MessageSecurity
0x00007ff80b986000 	/System/Library/PrivateFrameworks/ProtocolBuffer.framework/Versions/A/ProtocolBuffer
0x00007ff81d416000 	/System/Library/PrivateFrameworks/SymptomDiagnosticReporter.framework/Versions/A/SymptomDiagnosticReporter
0x00007ff81535e000 	/System/Library/PrivateFrameworks/CrashReporterSupport.framework/Versions/A/CrashReporterSupport
0x00007ff809f9e000 	/usr/lib/libMobileGestalt.dylib
0x00007ff813324000 	/System/Library/PrivateFrameworks/AppleFSCompression.framework/Versions/A/AppleFSCompression
0x00007ff812a3b000 	/usr/lib/libcoretls.dylib
0x00007ff81508e000 	/usr/lib/libcoretls_cfhelpers.dylib
0x00007ff813ad0000 	/usr/lib/libpam.2.dylib
0x00007ff815107000 	/usr/lib/libxar.1.dylib
0x00007ff815090000 	/System/Library/PrivateFrameworks/APFS.framework/Versions/A/APFS
0x00007ffd13edc000 	/System/Library/PrivateFrameworks/SwiftASN1Internal.framework/Versions/A/SwiftASN1Internal
0x00007ff815115000 	/usr/lib/libutil.dylib
0x00007ff8113b4000 	/System/Library/PrivateFrameworks/AppleSystemInfo.framework/Versions/A/AppleSystemInfo
0x00007ff81273c000 	/System/Library/PrivateFrameworks/IOMobileFramebuffer.framework/Versions/A/IOMobileFramebuffer
0x00007ff80ff66000 	/System/Library/Frameworks/IOSurface.framework/Versions/A/IOSurface
0x00007ff90e980000 	/System/Library/PrivateFrameworks/LoggingSupport.framework/Versions/A/LoggingSupport
0x00007ff818307000 	/System/Library/PrivateFrameworks/MobileAsset.framework/Versions/A/MobileAsset
0x00007ff81d425000 	/System/Library/PrivateFrameworks/PowerLog.framework/Versions/A/PowerLog
0x00007ffb19689000 	/System/Library/Frameworks/SwiftData.framework/Versions/A/SwiftData
0x00007ff8095e2000 	/System/Library/Frameworks/UniformTypeIdentifiers.framework/Versions/A/UniformTypeIdentifiers
0x00007ff80e4cf000 	/System/Library/PrivateFrameworks/UserManagement.framework/Versions/A/UserManagement
0x00007ff809b0f000 	/usr/lib/libboringssl.dylib
0x00007ff80be02000 	/usr/lib/libdns_services.dylib
0x00007ff90da2a000 	/usr/lib/libquic.dylib
0x00007ff8175d5000 	/usr/lib/libusrtcp.dylib
0x00007ffb207ee000 	/System/Library/PrivateFrameworks/AtomicsInternal.framework/Versions/A/AtomicsInternal
0x00007ffa14636000 	/System/Library/PrivateFrameworks/InternalSwiftProtobuf.framework/Versions/A/InternalSwiftProtobuf
0x00007ffe070ec000 	/usr/lib/swift/libswiftDistributed.dylib
0x00007ffe07112000 	/usr/lib/swift/libswiftObservation.dylib
0x00007ffe07279000 	/usr/lib/swift/libswiftSynchronization.dylib
0x00007ff8113b3000 	/System/Library/PrivateFrameworks/AggregateDictionary.framework/Versions/A/AggregateDictionary
0x00007ffc011b8000 	/System/Library/PrivateFrameworks/BiomeLibrary.framework/Versions/A/BiomeLibrary
0x00007ff91db1d000 	/System/Library/PrivateFrameworks/BiomeStreams.framework/Versions/A/BiomeStreams
0x00007ff91998a000 	/System/Library/PrivateFrameworks/BiomeFoundation.framework/Versions/A/BiomeFoundation
0x00007ffa03b1b000 	/System/Library/PrivateFrameworks/BiomePubSub.framework/Versions/A/BiomePubSub
0x00007ff80b4fc000 	/System/Library/Frameworks/CoreData.framework/Versions/A/CoreData
0x00007ff8221e3000 	/System/Library/PrivateFrameworks/ProactiveSupport.framework/Versions/A/ProactiveSupport
0x00007ff81506e000 	/usr/lib/liblzma.5.dylib
0x00007ff81c5f2000 	/System/Library/Frameworks/Accelerate.framework/Versions/A/Accelerate
0x00007ff812942000 	/System/Library/PrivateFrameworks/MobileKeyBag.framework/Versions/A/MobileKeyBag
0x00007ff820bd0000 	/System/Library/PrivateFrameworks/InternationalTextSearch.framework/Versions/A/InternationalTextSearch
0x00007ff91616b000 	/System/Library/PrivateFrameworks/SoftwareUpdateCoreSupport.framework/Versions/A/SoftwareUpdateCoreSupport
0x00007ff91e4b0000 	/System/Library/PrivateFrameworks/SoftwareUpdateCoreConnect.framework/Versions/A/SoftwareUpdateCoreConnect
0x00007ff820770000 	/System/Library/PrivateFrameworks/RemoteServiceDiscovery.framework/Versions/A/RemoteServiceDiscovery
0x00007ff915d48000 	/System/Library/PrivateFrameworks/MSUDataAccessor.framework/Versions/A/MSUDataAccessor
0x00007ff910caf000 	/usr/lib/libbootpolicy.dylib
0x00007ff820787000 	/System/Library/PrivateFrameworks/RemoteXPC.framework/Versions/A/RemoteXPC
0x00007ff91d9cd000 	/usr/lib/libFDR.dylib
0x00007ffa03775000 	/usr/lib/libamsupport.dylib
0x00007ffb1f2ce000 	/System/Library/PrivateFrameworks/AppleDeviceQuerySupport.framework/Versions/A/AppleDeviceQuerySupport
0x00007ffa067f5000 	/usr/lib/libpartition2_dynamic.dylib
0x00007ff813a68000 	/System/Library/PrivateFrameworks/AppleSauce.framework/Versions/A/AppleSauce
0x00007ffe059c2000 	/usr/lib/libAppleArchive.dylib
0x00007ff81332f000 	/usr/lib/libbz2.1.0.dylib
0x00007ff80d4a5000 	/System/Library/Frameworks/Accelerate.framework/Versions/A/Frameworks/vImage.framework/Versions/A/vImage
0x00007ff81c355000 	/System/Library/Frameworks/Accelerate.framework/Versions/A/Frameworks/vecLib.framework/Versions/A/vecLib
0x00007ff81514a000 	/System/Library/Frameworks/Accelerate.framework/Versions/A/Frameworks/vecLib.framework/Versions/A/libvMisc.dylib
0x00007ff804746000 	/System/Library/Frameworks/Accelerate.framework/Versions/A/Frameworks/vecLib.framework/Versions/A/libBLAS.dylib
0x00007ff820bcf000 	/System/Library/Frameworks/ApplicationServices.framework/Versions/A/ApplicationServices
0x00007ff80e41a000 	/System/Library/Frameworks/CoreVideo.framework/Versions/A/CoreVideo
0x00007ff80aedc000 	/System/Library/Frameworks/ColorSync.framework/Versions/A/ColorSync
0x00007ff8066b3000 	/System/Library/Frameworks/CoreText.framework/Versions/A/CoreText
0x00007ff810a48000 	/System/Library/Frameworks/ImageIO.framework/Versions/A/ImageIO
0x00007ff817ec1000 	/System/Library/Frameworks/ApplicationServices.framework/Versions/A/Frameworks/ATS.framework/Versions/A/ATS
0x00007ff80b087000 	/System/Library/Frameworks/ApplicationServices.framework/Versions/A/Frameworks/HIServices.framework/Versions/A/HIServices
0x00007ff816607000 	/System/Library/Frameworks/ApplicationServices.framework/Versions/A/Frameworks/PrintCore.framework/Versions/A/PrintCore
0x00007ff818279000 	/System/Library/Frameworks/ApplicationServices.framework/Versions/A/Frameworks/QD.framework/Versions/A/QD
0x00007ff818275000 	/System/Library/Frameworks/ApplicationServices.framework/Versions/A/Frameworks/ColorSyncLegacy.framework/Versions/A/ColorSyncLegacy
0x00007ff817e97000 	/System/Library/Frameworks/ApplicationServices.framework/Versions/A/Frameworks/SpeechSynthesis.framework/Versions/A/SpeechSynthesis
0x00007ff80a053000 	/System/Library/PrivateFrameworks/SkyLight.framework/Versions/A/SkyLight
0x00007ff81044b000 	/System/Library/PrivateFrameworks/FontServices.framework/libFontParser.dylib
0x00007ff80bc37000 	/System/Library/PrivateFrameworks/BaseBoard.framework/Versions/A/BaseBoard
0x00007ff81e6bb000 	/System/Library/PrivateFrameworks/BoardServices.framework/Versions/A/BoardServices
0x00007ff8204a6000 	/System/Library/PrivateFrameworks/BackBoardServices.framework/Versions/A/BackBoardServices
0x00007ffb20d95000 	/System/Library/PrivateFrameworks/BackBoardHIDEventFoundation.framework/Versions/A/BackBoardHIDEventFoundation
0x00007ff8061af000 	/System/Library/Frameworks/CoreDisplay.framework/Versions/A/CoreDisplay
0x00007ff815e19000 	/System/Library/Frameworks/VideoToolbox.framework/Versions/A/VideoToolbox
0x00007ff813ace000 	/System/Library/Frameworks/MetalPerformanceShaders.framework/Versions/A/MetalPerformanceShaders
0x00007ffd088ee000 	/System/Library/PrivateFrameworks/ProDisplayLibrary.framework/Versions/A/ProDisplayLibrary
0x00007ff901af1000 	/System/Library/PrivateFrameworks/IOSurfaceAccelerator.framework/Versions/A/IOSurfaceAccelerator
0x00007ff80ff8a000 	/System/Library/Frameworks/Metal.framework/Versions/A/Metal
0x00007ff80ff81000 	/System/Library/PrivateFrameworks/IOAccelerator.framework/Versions/A/IOAccelerator
0x00007ff8102a4000 	/System/Library/Frameworks/CoreMedia.framework/Versions/A/CoreMedia
0x00007ff80a031000 	/System/Library/PrivateFrameworks/TCC.framework/Versions/A/TCC
0x00007ff815dd2000 	/System/Library/PrivateFrameworks/WatchdogClient.framework/Versions/A/WatchdogClient
0x00007ff80db7f000 	/System/Library/Frameworks/QuartzCore.framework/Versions/A/QuartzCore
0x00007ff815dd4000 	/System/Library/PrivateFrameworks/MultitouchSupport.framework/Versions/A/MultitouchSupport
0x00007ffa06605000 	/usr/lib/swift/libswiftAccelerate.dylib
0x00007ff90ea9a000 	/usr/lib/swift/libswiftCoreAudio.dylib
0x00007ffa0a552000 	/usr/lib/swift/libswiftCoreMedia.dylib
0x00007ff91cb37000 	/usr/lib/swift/libswiftMetal.dylib
0x00007ffa0bd52000 	/usr/lib/swift/libswiftOSLog.dylib
0x00007ffa01ce2000 	/usr/lib/swift/libswiftQuartzCore.dylib
0x00007ffa065f6000 	/usr/lib/swift/libswiftUniformTypeIdentifiers.dylib
0x00007ffe07299000 	/usr/lib/swift/libswiftVideoToolbox.dylib
0x00007ff91275a000 	/usr/lib/swift/libswiftsimd.dylib
0x00007ffa03b7c000 	/System/Library/PrivateFrameworks/BiomeStorage.framework/Versions/A/BiomeStorage
0x00007ffc1a48d000 	/System/Library/PrivateFrameworks/IntelligencePlatformLibrary.framework/Versions/A/IntelligencePlatformLibrary
0x00007ffd07d18000 	/System/Library/PrivateFrameworks/PoirotSchematizer.framework/Versions/A/PoirotSchematizer
0x00007ffc01b12000 	/System/Library/PrivateFrameworks/BiomeSync.framework/Versions/A/BiomeSync
0x00007ffb20e59000 	/System/Library/PrivateFrameworks/BiomeDSL.framework/Versions/A/BiomeDSL
0x00007ffa1be8e000 	/System/Library/PrivateFrameworks/FeatureFlags.framework/Versions/A/FeatureFlags
0x00007ffd07d86000 	/System/Library/PrivateFrameworks/PoirotUDFs.framework/Versions/A/PoirotUDFs
0x00007ffd07ced000 	/System/Library/PrivateFrameworks/PoirotSQLite.framework/Versions/A/PoirotSQLite
0x00007ff81ebf3000 	/System/Library/PrivateFrameworks/CoreTime.framework/Versions/A/CoreTime
0x00007ff813915000 	/usr/lib/libiconv.2.dylib
0x00007ff813870000 	/usr/lib/libcharset.1.dylib
0x00007ffe0735b000 	/usr/lib/swift/libswift_RegexParser.dylib
0x00007ffc02f26000 	/System/Library/PrivateFrameworks/CascadeSets.framework/Versions/A/CascadeSets
0x00007ff81847b000 	/System/Library/PrivateFrameworks/CorePhoneNumbers.framework/Versions/A/CorePhoneNumbers
0x00007ff815bb2000 	/System/Library/PrivateFrameworks/AppleJPEG.framework/Versions/A/AppleJPEG
0x00007ff8155bf000 	/usr/lib/libexpat.1.dylib
0x00007ff8164cc000 	/System/Library/Frameworks/ImageIO.framework/Versions/A/Resources/libPng.dylib
0x00007ff8164fb000 	/System/Library/Frameworks/ImageIO.framework/Versions/A/Resources/libTIFF.dylib
0x00007ff8165f0000 	/System/Library/Frameworks/ImageIO.framework/Versions/A/Resources/libGIF.dylib
0x00007ff815bfe000 	/System/Library/Frameworks/ImageIO.framework/Versions/A/Resources/libJP2.dylib
0x00007ff8152bf000 	/usr/lib/libate.dylib
0x00007ff81658f000 	/System/Library/Frameworks/ImageIO.framework/Versions/A/Resources/libJPEG.dylib
0x00007ff816586000 	/System/Library/Frameworks/ImageIO.framework/Versions/A/Resources/libRadiance.dylib
0x00007ffc11a27000 	/System/Library/PrivateFrameworks/GPUCompiler.framework/Versions/32023/Libraries/libllvm-flatbuffers.dylib
0x00007ffc0c190000 	/System/Library/PrivateFrameworks/FramePacing.framework/Versions/A/FramePacing
0x00007ffb0c8c4000 	/System/Library/Frameworks/OpenGL.framework/Versions/A/Libraries/libCoreFSCache.dylib
0x00007ffc0d0fe000 	/System/Library/PrivateFrameworks/GPUCompiler.framework/Versions/32023/Libraries/libGPUCompilerUtils.dylib
0x00007ff81e787000 	/System/Library/PrivateFrameworks/GraphicsServices.framework/Versions/A/GraphicsServices
0x00007ff810d92000 	/System/Library/Frameworks/CoreImage.framework/Versions/A/CoreImage
0x00007ffa0fcfa000 	/System/Library/PrivateFrameworks/Symbolication.framework/Versions/A/Symbolication
0x00007ffd0790e000 	/System/Library/PrivateFrameworks/PhotosensitivityProcessing.framework/Versions/A/PhotosensitivityProcessing
0x00007ffb0c8d0000 	/System/Library/Frameworks/OpenGL.framework/Versions/A/OpenGL
0x00007ffb0deba000 	/System/Library/Frameworks/OpenCL.framework/Versions/A/OpenCL
0x00007ff8157ec000 	/System/Library/PrivateFrameworks/GraphVisualizer.framework/Versions/A/GraphVisualizer
0x00007ffb0c922000 	/System/Library/Frameworks/OpenGL.framework/Versions/A/Libraries/libGLU.dylib
0x00007ffb0c8e3000 	/System/Library/Frameworks/OpenGL.framework/Versions/A/Libraries/libGFXShared.dylib
0x00007ffb0cae2000 	/System/Library/Frameworks/OpenGL.framework/Versions/A/Libraries/libGL.dylib
0x00007ffb0c8ec000 	/System/Library/Frameworks/OpenGL.framework/Versions/A/Libraries/libGLImage.dylib
0x00007ffb0c8e0000 	/System/Library/Frameworks/OpenGL.framework/Versions/A/Libraries/libCVMSPluginSupport.dylib
0x00007ffb0c8cb000 	/System/Library/Frameworks/OpenGL.framework/Versions/A/Libraries/libCoreVMClient.dylib
0x00007ffc0c09b000 	/System/Library/PrivateFrameworks/FontServices.framework/Versions/A/FontServices
0x00007ff8157ff000 	/System/Library/PrivateFrameworks/OTSVG.framework/Versions/A/OTSVG
0x00007ff80df70000 	/System/Library/Frameworks/ApplicationServices.framework/Versions/A/Frameworks/ATS.framework/Versions/A/Resources/libFontRegistry.dylib
0x00007ffe06452000 	/usr/lib/libhvf.dylib
0x00007ffd04c6f000 	/System/Library/PrivateFrameworks/ParsingInternal.framework/Versions/A/ParsingInternal
0x00007ffc0c09f000 	/System/Library/PrivateFrameworks/FontServices.framework/libXTFontStaticRegistryData.dylib
0x00007ff8112ec000 	/System/Library/Frameworks/MetalPerformanceShaders.framework/Versions/A/Frameworks/MPSCore.framework/Versions/A/MPSCore
0x00007ff81327f000 	/System/Library/Frameworks/MetalPerformanceShaders.framework/Versions/A/Frameworks/MPSImage.framework/Versions/A/MPSImage
0x00007ff812ad7000 	/System/Library/Frameworks/MetalPerformanceShaders.framework/Versions/A/Frameworks/MPSNeuralNetwork.framework/Versions/A/MPSNeuralNetwork
0x00007ff813035000 	/System/Library/Frameworks/MetalPerformanceShaders.framework/Versions/A/Frameworks/MPSMatrix.framework/Versions/A/MPSMatrix
0x00007ff812deb000 	/System/Library/Frameworks/MetalPerformanceShaders.framework/Versions/A/Frameworks/MPSRayIntersector.framework/Versions/A/MPSRayIntersector
0x00007ff813074000 	/System/Library/Frameworks/MetalPerformanceShaders.framework/Versions/A/Frameworks/MPSNDArray.framework/Versions/A/MPSNDArray
0x00007ffb13120000 	/System/Library/Frameworks/MetalPerformanceShaders.framework/Versions/A/Frameworks/MPSFunctions.framework/Versions/A/MPSFunctions
0x00007ffb13100000 	/System/Library/Frameworks/MetalPerformanceShaders.framework/Versions/A/Frameworks/MPSBenchmarkLoop.framework/Versions/A/MPSBenchmarkLoop
0x00007ffb13135000 	/System/Library/Frameworks/MetalPerformanceShaders.framework/Versions/A/Frameworks/MPSHost.framework/Versions/A/MPSHost
0x00007ff804553000 	/System/Library/PrivateFrameworks/MetalTools.framework/Versions/A/MetalTools
0x00007ff913f58000 	/System/Library/PrivateFrameworks/IOAccelMemoryInfo.framework/Versions/A/IOAccelMemoryInfo
0x00007ffa020ee000 	/System/Library/PrivateFrameworks/kperf.framework/Versions/A/kperf
0x00007ff90ea96000 	/System/Library/PrivateFrameworks/GPURawCounter.framework/Versions/A/GPURawCounter
0x00007ff81ead5000 	/System/Library/PrivateFrameworks/CoreSymbolication.framework/Versions/A/CoreSymbolication
0x00007ff90ea13000 	/System/Library/PrivateFrameworks/MallocStackLogging.framework/Versions/A/MallocStackLogging
0x00007ff81eab6000 	/System/Library/PrivateFrameworks/DebugSymbols.framework/Versions/A/DebugSymbols
0x00007ff920a98000 	/System/Library/PrivateFrameworks/OSAnalytics.framework/Versions/A/OSAnalytics
0x00007ffc0a286000 	/System/Library/PrivateFrameworks/DeviceRecovery.framework/Versions/A/DeviceRecovery
0x00007ffb11175000 	/System/Library/Frameworks/ExtensionFoundation.framework/Versions/A/ExtensionFoundation
0x00007ff815845000 	/System/Library/PrivateFrameworks/AppServerSupport.framework/Versions/A/AppServerSupport
0x00007ff815644000 	/System/Library/PrivateFrameworks/IconServices.framework/Versions/A/IconServices
0x00007ffb122b9000 	/System/Library/Frameworks/LightweightCodeRequirements.framework/Versions/A/LightweightCodeRequirements
0x00007ff8154af000 	/System/Library/PrivateFrameworks/PlugInKit.framework/Versions/A/PlugInKit
0x00007ff812958000 	/System/Library/PrivateFrameworks/AssertionServices.framework/Versions/A/AssertionServices
0x00007ff8155e4000 	/System/Library/PrivateFrameworks/IconFoundation.framework/Versions/A/IconFoundation
0x00007ffc17911000 	/System/Library/PrivateFrameworks/IconRendering.framework/Versions/A/IconRendering
0x00007ff80dfbd000 	/System/Library/PrivateFrameworks/CoreUI.framework/Versions/A/CoreUI
0x00007ffd0a615000 	/System/Library/PrivateFrameworks/SFSymbols.framework/Versions/A/SFSymbols
0x00007ffb11056000 	/System/Library/Frameworks/DeveloperToolsSupport.framework/Versions/A/DeveloperToolsSupport
0x00007ff905f36000 	/System/Library/PrivateFrameworks/RenderBox.framework/Versions/A/RenderBox
0x00007ff810a0d000 	/System/Library/PrivateFrameworks/CoreSVG.framework/Versions/A/CoreSVG
0x00007ff81667a000 	/System/Library/PrivateFrameworks/TextureIO.framework/Versions/A/TextureIO
0x00007ff90eb01000 	/usr/lib/swift/libswiftCoreImage.dylib
0x00007ff8165c1000 	/System/Library/Frameworks/ApplicationServices.framework/Versions/A/Frameworks/ATSUI.framework/Versions/A/ATSUI
0x00007ff817c3a000 	/System/Library/Frameworks/AudioToolbox.framework/Versions/A/AudioToolbox
0x00007ff8062dd000 	/System/Library/PrivateFrameworks/AudioToolboxCore.framework/Versions/A/AudioToolboxCore
0x00007ff817e05000 	/System/Library/PrivateFrameworks/AudioSession.framework/Versions/A/AudioSession
0x00007ff823658000 	/System/Library/Frameworks/CoreMIDI.framework/Versions/A/CoreMIDI
0x00007ff817e7f000 	/usr/lib/libAudioStatistics.dylib
0x00007ff81027f000 	/System/Library/PrivateFrameworks/caulk.framework/Versions/A/caulk
0x00007ff8068f6000 	/System/Library/Frameworks/CoreAudio.framework/Versions/A/CoreAudio
0x00007ff8164aa000 	/usr/lib/libAudioToolboxUtility.dylib
0x00007ff9155b5000 	/usr/lib/swift/libswiftCoreMIDI.dylib
0x00007ff818283000 	/System/Library/PrivateFrameworks/perfdata.framework/Versions/A/perfdata
0x00007ff90db19000 	/System/Library/PrivateFrameworks/SystemPolicy.framework/Versions/A/SystemPolicy
0x00007ff818126000 	/usr/lib/libSMC.dylib
0x00007ff818291000 	/usr/lib/libperfcheck.dylib
0x00007ffb208a4000 	/System/Library/PrivateFrameworks/AudioAnalytics.framework/Versions/A/AudioAnalytics
0x00007ffe07324000 	/usr/lib/swift/libswift_DarwinFoundation2.dylib
0x00007ffe07325000 	/usr/lib/swift/libswift_DarwinFoundation3.dylib
0x00007ffa14340000 	/System/Library/Frameworks/OSLog.framework/Versions/A/OSLog
0x00007ff90ea43000 	/usr/lib/libmis.dylib
0x00007ff815708000 	/System/Library/PrivateFrameworks/MediaExperience.framework/Versions/A/MediaExperience
0x00007ff817bea000 	/System/Library/PrivateFrameworks/AudioSession.framework/libSessionUtility.dylib
0x00007ff8165f6000 	/System/Library/PrivateFrameworks/CMCaptureCore.framework/Versions/A/CMCaptureCore
0x00007ff815853000 	/usr/lib/libspindump.dylib
0x00007ff81d30a000 	/System/Library/Frameworks/CoreBluetooth.framework/Versions/A/CoreBluetooth
0x00007ff8127cb000 	/System/Library/PrivateFrameworks/CoreUtils.framework/Versions/A/CoreUtils
0x00007ff906c52000 	/System/Library/PrivateFrameworks/HID.framework/Versions/A/HID
0x00007ffc0981b000 	/System/Library/PrivateFrameworks/CoreUtilsExtras.framework/Versions/A/CoreUtilsExtras
0x00007ffc17861000 	/System/Library/PrivateFrameworks/IO80211.framework/Versions/A/IO80211
0x00007ff819bbd000 	/System/Library/Frameworks/IOBluetooth.framework/Versions/A/IOBluetooth
0x00007ff91cb44000 	/usr/lib/swift/libswiftCompression.dylib
0x00007ffb204de000 	/System/Library/PrivateFrameworks/ArgumentParserInternal.framework/Versions/A/ArgumentParserInternal
0x00007ff815355000 	/usr/lib/libIOReport.dylib
0x00007ff812965000 	/System/Library/Frameworks/SecurityFoundation.framework/Versions/A/SecurityFoundation
0x00007ff8049af000 	/System/Library/PrivateFrameworks/Lexicon.framework/Versions/A/Lexicon
0x00007ff81e5db000 	/System/Library/PrivateFrameworks/FrontBoardServices.framework/Versions/A/FrontBoardServices
0x00007ff812abe000 	/usr/lib/libgermantok.dylib
0x00007ff8114cb000 	/System/Library/PrivateFrameworks/LinguisticData.framework/Versions/A/LinguisticData
0x00007ff81d508000 	/System/Library/PrivateFrameworks/MediaKit.framework/Versions/A/MediaKit
0x00007ff81d462000 	/System/Library/Frameworks/DiscRecording.framework/Versions/A/DiscRecording
0x00007ff8155db000 	/usr/lib/libheimdal-asn1.dylib
0x00007ff8210b7000 	/System/Library/Frameworks/AudioUnit.framework/Versions/A/AudioUnit
0x00007ff80e28f000 	/System/Library/Frameworks/OpenDirectory.framework/Versions/A/OpenDirectory
0x00007ff80e29b000 	/System/Library/Frameworks/OpenDirectory.framework/Versions/A/Frameworks/CFOpenDirectory.framework/Versions/A/CFOpenDirectory
0x00007ffb0f943000 	/System/Library/Frameworks/AVFAudio.framework/Versions/A/AVFAudio
0x00007ff907baa000 	/usr/lib/libAccessibility.dylib
0x00007ffc1afb7000 	/System/Library/PrivateFrameworks/IsolatedCoreAudioClient.framework/Versions/A/IsolatedCoreAudioClient
0x00007ffd173a8000 	/System/Library/PrivateFrameworks/Tightbeam.framework/Versions/A/Tightbeam
0x00007ffc05899000 	/System/Library/PrivateFrameworks/CoreAudioOrchestration.framework/Versions/A/CoreAudioOrchestration
0x00007ffa06cb3000 	/System/Library/PrivateFrameworks/AFKUser.framework/Versions/A/AFKUser
0x00007ff81c63f000 	/System/Library/Frameworks/MediaAccessibility.framework/Versions/A/MediaAccessibility
0x00007ffd1b2a9000 	/System/Library/PrivateFrameworks/VideoToolboxParavirtualizationSupport.framework/Versions/A/VideoToolboxParavirtualizationSupport
0x00007ff815571000 	/System/Library/PrivateFrameworks/AppleVA.framework/Versions/A/AppleVA
0x00007ff81657f000 	/System/Library/PrivateFrameworks/GPUWrangler.framework/Versions/A/GPUWrangler
0x00007ff816563000 	/System/Library/PrivateFrameworks/IOPresentment.framework/Versions/A/IOPresentment
0x00007ff816589000 	/System/Library/PrivateFrameworks/DSExternalDisplay.framework/Versions/A/DSExternalDisplay
0x00007ffb20340000 	/System/Library/PrivateFrameworks/AppleMobileFileIntegrity.framework/Versions/A/AppleMobileFileIntegrity
0x00007ffe05e67000 	/usr/lib/libTLE.dylib
0x00007ffb04996000 	/System/Library/PrivateFrameworks/ConfigProfileHelper.framework/Versions/A/ConfigProfileHelper
0x00007ffa19fb1000 	/usr/lib/libedit.3.dylib
0x00007ffc1c2f3000 	/System/Library/PrivateFrameworks/MIL.framework/Versions/A/MIL
0x00007ff913f1d000 	/usr/lib/libncurses.5.4.dylib
0x00007ff812707000 	/System/Library/PrivateFrameworks/CoreEmoji.framework/Versions/A/CoreEmoji
0x00007ff804d18000 	/usr/lib/libCRFSuite.dylib
0x00007ff8113bb000 	/System/Library/PrivateFrameworks/CoreNLP.framework/Versions/A/CoreNLP
0x00007ff812a63000 	/usr/lib/libmecab.dylib
0x00007ff813a60000 	/usr/lib/libThaiTokenizer.dylib
0x00007ff816a41000 	/System/Library/PrivateFrameworks/DataDetectorsCore.framework/Versions/A/DataDetectorsCore
0x00007ffb11044000 	/System/Library/Frameworks/DataDetection.framework/Versions/A/DataDetection
0x00007ff91298b000 	/System/Library/PrivateFrameworks/TextInput.framework/Versions/A/TextInput
0x00007ffa147fd000 	/System/Library/PrivateFrameworks/HIDDisplay.framework/Versions/A/HIDDisplay
0x00007ff818207000 	/usr/lib/libcups.2.dylib
0x00007ff8182a0000 	/System/Library/Frameworks/Kerberos.framework/Versions/A/Kerberos
0x00007ff817f04000 	/usr/lib/libresolv.9.dylib
0x00007ff81585a000 	/System/Library/PrivateFrameworks/Heimdal.framework/Versions/A/Heimdal
0x00007ff8210b6000 	/System/Library/Frameworks/Kerberos.framework/Versions/A/Libraries/libHeimdalProxy.dylib
0x00007ff8182f8000 	/System/Library/PrivateFrameworks/CommonAuth.framework/Versions/A/CommonAuth
0x00007ff907ac3000 	/System/Library/PrivateFrameworks/AXCoreUtilities.framework/Versions/A/AXCoreUtilities
0x00007ff917870000 	/System/Library/PrivateFrameworks/AttributeGraph.framework/Versions/A/AttributeGraph
0x00007ffe058df000 	/usr/lib/libAXSafeCategoryBundle.dylib
0x00007ff81251c000 	/System/Library/Frameworks/Accelerate.framework/Versions/A/Frameworks/vecLib.framework/Versions/A/libvDSP.dylib
0x00007ff813bbd000 	/System/Library/Frameworks/Accelerate.framework/Versions/A/Frameworks/vecLib.framework/Versions/A/libLAPACK.dylib
0x00007ff812ac1000 	/System/Library/Frameworks/Accelerate.framework/Versions/A/Frameworks/vecLib.framework/Versions/A/libLinearAlgebra.dylib
0x00007ff813aa4000 	/System/Library/Frameworks/Accelerate.framework/Versions/A/Frameworks/vecLib.framework/Versions/A/libSparseBLAS.dylib
0x00007ff813bb7000 	/System/Library/Frameworks/Accelerate.framework/Versions/A/Frameworks/vecLib.framework/Versions/A/libQuadrature.dylib
0x00007ff8114d2000 	/System/Library/Frameworks/Accelerate.framework/Versions/A/Frameworks/vecLib.framework/Versions/A/libBNNS.dylib
0x00007ff804abb000 	/System/Library/Frameworks/Accelerate.framework/Versions/A/Frameworks/vecLib.framework/Versions/A/libSparse.dylib
0x00007ffb10be0000 	/System/Library/Frameworks/CoreTransferable.framework/Versions/A/CoreTransferable
0x00007ff81826a000 	/System/Library/PrivateFrameworks/NetAuth.framework/Versions/A/NetAuth
0x00007ff80e48f000 	/System/Library/PrivateFrameworks/login.framework/Versions/A/Frameworks/loginsupport.framework/Versions/A/loginsupport
0x00007ff8093fc000 	/System/Library/PrivateFrameworks/UIFoundation.framework/Versions/A/UIFoundation
0x00007ff812a31000 	/usr/lib/libCheckFix.dylib
0x00007ff80d3b1000 	/System/Library/PrivateFrameworks/MetadataUtilities.framework/Versions/A/MetadataUtilities
0x00007ffc1822c000 	/System/Library/PrivateFrameworks/InstalledContentLibrary.framework/Versions/A/InstalledContentLibrary
0x00007ff807a89000 	/System/Library/PrivateFrameworks/CoreServicesStore.framework/Versions/A/CoreServicesStore
0x00007ff80e2ec000 	/usr/lib/libapp_launch_measurement.dylib
0x00007ffa021ec000 	/System/Library/PrivateFrameworks/MobileSystemServices.framework/Versions/A/MobileSystemServices
0x00007ff815119000 	/usr/lib/libxslt.1.dylib
0x00007ff8129f4000 	/System/Library/PrivateFrameworks/BackgroundTaskManagement.framework/Versions/A/BackgroundTaskManagement
0x00007ff820836000 	/usr/lib/libcurl.4.dylib
0x00007ffe061ff000 	/usr/lib/libcrypto.46.dylib
0x00007ffe06e25000 	/usr/lib/libssl.48.dylib
0x00007ff820516000 	/System/Library/Frameworks/LDAP.framework/Versions/A/LDAP
0x00007ff820551000 	/System/Library/PrivateFrameworks/TrustEvaluationAgent.framework/Versions/A/TrustEvaluationAgent
0x00007ff817f21000 	/usr/lib/libsasl2.2.dylib
0x00007ff82386c000 	/System/Library/Frameworks/Cocoa.framework/Versions/A/Cocoa
0x00007ff807c01000 	/System/Library/Frameworks/AppKit.framework/Versions/C/AppKit
0x00007ffc0401a000 	/System/Library/PrivateFrameworks/CollectionViewCore.framework/Versions/A/CollectionViewCore
0x00007ff810a08000 	/System/Library/PrivateFrameworks/XCTTargetBootstrap.framework/Versions/A/XCTTargetBootstrap
0x00007ff816a8a000 	/System/Library/PrivateFrameworks/UserActivity.framework/Versions/A/UserActivity
0x00007ffc0c19d000 	/System/Library/PrivateFrameworks/FrontBoard.framework/Versions/A/FrontBoard
0x00007ffd190d1000 	/System/Library/PrivateFrameworks/UIIntelligenceSupport.framework/Versions/A/UIIntelligenceSupport
0x00007ffb197e8000 	/System/Library/Frameworks/SwiftUICore.framework/Versions/A/SwiftUICore
0x00007ffd1effc000 	/System/Library/PrivateFrameworks/WritingTools.framework/Versions/A/WritingTools
0x00007ffd1df8c000 	/System/Library/PrivateFrameworks/WindowManagement.framework/Versions/A/WindowManagement
0x00007ffc0bef6000 	/System/Library/PrivateFrameworks/FocusEngine.framework/Versions/A/FocusEngine
0x00007ffc09e52000 	/System/Library/PrivateFrameworks/DesignLibrary.framework/Versions/A/DesignLibrary
0x00007ff8109f5000 	/System/Library/PrivateFrameworks/DFRFoundation.framework/Versions/A/DFRFoundation
0x00007ffd19be5000 	/System/Library/PrivateFrameworks/UpdateCycle.framework/Versions/A/UpdateCycle
0x00007ff810716000 	/System/Library/Frameworks/Carbon.framework/Versions/A/Frameworks/HIToolbox.framework/Versions/A/HIToolbox
0x00007ff81bf63000 	/System/Library/Frameworks/Carbon.framework/Versions/A/Frameworks/SpeechRecognition.framework/Versions/A/SpeechRecognition
0x00007ff80e284000 	/System/Library/PrivateFrameworks/PerformanceAnalysis.framework/Versions/A/PerformanceAnalysis
0x00007ff81c2f6000 	/System/Library/Frameworks/Accessibility.framework/Versions/A/Accessibility
0x00007ffb1a6de000 	/System/Library/Frameworks/Symbols.framework/Versions/A/Symbols
0x00007ffc14d2d000 	/System/Library/PrivateFrameworks/Gestures.framework/Versions/A/Gestures
0x00007ff90bb9f000 	/usr/lib/swift/libswiftCoreGraphics.dylib
0x00007ff81cd05000 	/usr/lib/swift/libswiftFoundation.dylib
0x00007ffb04369000 	/usr/lib/swift/libswiftSwiftOnoneSupport.dylib
0x00007ffe07490000 	/usr/lib/swift/libswiftsys_time.dylib
0x00007ffa10421000 	/System/Library/PrivateFrameworks/CoreMaterial.framework/Versions/A/CoreMaterial
0x00007ffe071ce000 	/usr/lib/swift/libswiftSpatial.dylib
0x00007ffe05e66000 	/usr/lib/libSpatial.dylib
0x00007ffe057f6000 	/System/Library/SubFrameworks/UIUtilities.framework/Versions/A/UIUtilities
0x000000011211e000 	/Library/Java/JavaVirtualMachines/zulu-17.jdk/Contents/Home/lib/server/libjvm.dylib
0x000000010afd4000 	/Library/Java/JavaVirtualMachines/zulu-17.jdk/Contents/Home/lib/libjimage.dylib
0x0000000111000000 	/Library/Java/JavaVirtualMachines/zulu-17.jdk/Contents/Home/lib/libinstrument.dylib
0x0000000111042000 	/Library/Java/JavaVirtualMachines/zulu-17.jdk/Contents/Home/lib/libjava.dylib
0x0000000111ecd000 	/Library/Java/JavaVirtualMachines/zulu-17.jdk/Contents/Home/lib/libzip.dylib
0x0000000111efc000 	/Library/Java/JavaVirtualMachines/zulu-17.jdk/Contents/Home/lib/libnio.dylib
0x0000000111f36000 	/Library/Java/JavaVirtualMachines/zulu-17.jdk/Contents/Home/lib/libnet.dylib
0x0000000111ee1000 	/Library/Java/JavaVirtualMachines/zulu-17.jdk/Contents/Home/lib/libverify.dylib
0x0000000111028000 	/Users/macbook/.gradle/native/1def1411415f61bf3af743bc5b6707747c0891f09f0c88961ee8f79bc544acac/osx-amd64/libnative-platform.dylib
0x0000000111fc4000 	/Users/macbook/.gradle/native/0.2.7/x86_64-macos/libgradle-fileevents.dylib
0x0000000111f18000 	/Library/Java/JavaVirtualMachines/zulu-17.jdk/Contents/Home/lib/libmanagement.dylib
0x0000000111f56000 	/Library/Java/JavaVirtualMachines/zulu-17.jdk/Contents/Home/lib/libmanagement_ext.dylib
0x0000000111f66000 	/Library/Java/JavaVirtualMachines/zulu-17.jdk/Contents/Home/lib/libextnet.dylib


VM Arguments:
jvm_args: --add-opens=java.base/java.lang=ALL-UNNAMED --add-opens=java.base/java.lang.invoke=ALL-UNNAMED --add-opens=java.base/java.util=ALL-UNNAMED --add-opens=java.prefs/java.util.prefs=ALL-UNNAMED --add-exports=jdk.compiler/com.sun.tools.javac.api=ALL-UNNAMED --add-exports=jdk.compiler/com.sun.tools.javac.util=ALL-UNNAMED --add-opens=java.base/java.util=ALL-UNNAMED --add-opens=java.prefs/java.util.prefs=ALL-UNNAMED --add-opens=java.base/java.nio.charset=ALL-UNNAMED --add-opens=java.base/java.net=ALL-UNNAMED --add-opens=java.base/java.util.concurrent.atomic=ALL-UNNAMED --add-opens=java.xml/javax.xml.namespace=ALL-UNNAMED -XX:MaxMetaspaceSize=512m -Xmx2048m -Dfile.encoding=UTF-8 -Duser.country=US -Duser.language=en -Duser.variant -javaagent:/Users/macbook/.gradle/wrapper/dists/gradle-8.13-bin/5xuhj0ry160q40clulazy9h7d/gradle-8.13/lib/agents/gradle-instrumentation-agent-8.13.jar 
java_command: org.gradle.launcher.daemon.bootstrap.GradleDaemon 8.13
java_class_path (initial): /Users/macbook/.gradle/wrapper/dists/gradle-8.13-bin/5xuhj0ry160q40clulazy9h7d/gradle-8.13/lib/gradle-daemon-main-8.13.jar
Launcher Type: SUN_STANDARD

[Global flags]
     intx CICompilerCount                          = 4                                         {product} {ergonomic}
   size_t CompressedClassSpaceSize                 = 436207616                                 {product} {ergonomic}
     uint ConcGCThreads                            = 3                                         {product} {ergonomic}
     uint G1ConcRefinementThreads                  = 10                                        {product} {ergonomic}
   size_t G1HeapRegionSize                         = 1048576                                   {product} {ergonomic}
    uintx GCDrainStackTargetSize                   = 64                                        {product} {ergonomic}
   size_t InitialHeapSize                          = 268435456                                 {product} {ergonomic}
   size_t MarkStackSize                            = 4194304                                   {product} {ergonomic}
   size_t MaxHeapSize                              = 2147483648                                {product} {command line}
   size_t MaxMetaspaceSize                         = 536870912                                 {product} {command line}
   size_t MaxNewSize                               = 1287651328                                {product} {ergonomic}
   size_t MinHeapDeltaBytes                        = 1048576                                   {product} {ergonomic}
   size_t MinHeapSize                              = 8388608                                   {product} {ergonomic}
    uintx NonNMethodCodeHeapSize                   = 5839372                                {pd product} {ergonomic}
    uintx NonProfiledCodeHeapSize                  = 122909434                              {pd product} {ergonomic}
    uintx ProfiledCodeHeapSize                     = 122909434                              {pd product} {ergonomic}
    uintx ReservedCodeCacheSize                    = 251658240                              {pd product} {ergonomic}
     bool SegmentedCodeCache                       = true                                      {product} {ergonomic}
   size_t SoftMaxHeapSize                          = 2147483648                             {manageable} {ergonomic}
     bool UseCompressedClassPointers               = true                           {product lp64_product} {ergonomic}
     bool UseCompressedOops                        = true                           {product lp64_product} {ergonomic}
     bool UseG1GC                                  = true                                      {product} {ergonomic}
     bool UseNUMA                                  = false                                     {product} {ergonomic}
     bool UseNUMAInterleaving                      = false                                     {product} {ergonomic}

Logging:
Log output configuration:
 #0: stdout all=warning uptime,level,tags
 #1: stderr all=off uptime,level,tags

Environment Variables:
JAVA_HOME=/Library/Java/JavaVirtualMachines/zulu-17.jdk/Contents/Home
PATH=/Users/macbook/.pyenv/shims:/Users/macbook/.pyenv/bin:/Users/macbook/.opencode/bin:/Users/macbook/.bun/bin:/Users/macbook/.nvm/versions/node/v24.11.1/bin:/Users/macbook/.antigravity/antigravity/bin:/Applications/Postgres.app/Contents/Versions/latest/bin:/Users/macbook/.local/bin:/usr/local/bin:/System/Cryptexes/App/usr/bin:/usr/bin:/bin:/usr/sbin:/sbin:/var/run/com.apple.security.cryptexd/codex.system/bootstrap/usr/local/bin:/var/run/com.apple.security.cryptexd/codex.system/bootstrap/usr/bin:/var/run/com.apple.security.cryptexd/codex.system/bootstrap/usr/appleinternal/bin:/opt/pmk/env/global/bin:/Library/Apple/usr/bin:/usr/local/share/dotnet:~/.dotnet/tools:/Applications/Postgres.app/Contents/Versions/latest/bin:/Users/macbook/Library/Android/sdk/emulator:/Users/macbook/Library/Android/sdk/platform-tools:/Applications/Warp.app/Contents/Resources/bin
SHELL=/bin/zsh
LANG=en_US.UTF-8
TERM=xterm-256color
TMPDIR=/var/folders/fl/b3xdcrns4d5055k9vfj459nm0000gn/T/

Active Locale:
LC_ALL=en_US.UTF-8
LC_COLLATE=en_US.UTF-8
LC_CTYPE=en_US.UTF-8
LC_MESSAGES=en_US.UTF-8
LC_MONETARY=en_US.UTF-8
LC_NUMERIC=en_US.UTF-8
LC_TIME=en_US.UTF-8

Signal Handlers:
   SIGSEGV: crash_handler in libjvm.dylib, mask=11100110000111110111111111111111, flags=SA_RESTART|SA_SIGINFO, unblocked
    SIGBUS: crash_handler in libjvm.dylib, mask=11100110000111110111111111111111, flags=SA_RESTART|SA_SIGINFO, unblocked
    SIGFPE: crash_handler in libjvm.dylib, mask=11100110000111110111111111111111, flags=SA_RESTART|SA_SIGINFO, unblocked
   SIGPIPE: javaSignalHandler in libjvm.dylib, mask=11100110000111110111111111111111, flags=SA_RESTART|SA_SIGINFO, blocked
   SIGXFSZ: javaSignalHandler in libjvm.dylib, mask=11100110000111110111111111111111, flags=SA_RESTART|SA_SIGINFO, blocked
    SIGILL: crash_handler in libjvm.dylib, mask=11100110000111110111111111111111, flags=SA_RESTART|SA_SIGINFO, unblocked
   SIGUSR2: SR_handler in libjvm.dylib, mask=00000000000000000000000000000000, flags=SA_RESTART|SA_SIGINFO, blocked
    SIGHUP: UserHandler in libjvm.dylib, mask=11100110000111110111111111111111, flags=SA_RESTART|SA_SIGINFO, blocked
    SIGINT: UserHandler in libjvm.dylib, mask=11100110000111110111111111111111, flags=SA_RESTART|SA_SIGINFO, blocked
   SIGTERM: UserHandler in libjvm.dylib, mask=11100110000111110111111111111111, flags=SA_RESTART|SA_SIGINFO, blocked
   SIGQUIT: UserHandler in libjvm.dylib, mask=11100110000111110111111111111111, flags=SA_RESTART|SA_SIGINFO, blocked
   SIGTRAP: crash_handler in libjvm.dylib, mask=11100110000111110111111111111111, flags=SA_RESTART|SA_SIGINFO, unblocked


Periodic native trim disabled


---------------  S Y S T E M  ---------------

OS:
uname: Darwin 25.3.0 Darwin Kernel Version 25.3.0: Wed Jan 28 20:53:28 PST 2026; root:xnu-12377.91.3~2/RELEASE_X86_64 x86_64
OS uptime: 0 days 0:17 hours
rlimit (soft/hard): STACK 8192k/65532k , CORE 0k/infinity , NPROC 2784/4176 , NOFILE 1048576/infinity , AS infinity/infinity , CPU infinity/infinity , DATA infinity/infinity , FSIZE infinity/infinity , MEMLOCK infinity/infinity , RSS infinity/infinity
load average: 6.82 11.88 17.71

CPU: total 12 (initial active 12) (6 cores per cpu, 2 threads per core) family 6 model 158 stepping 10 microcode 0xfa, cx8, cmov, fxsr, ht, mmx, 3dnowpref, sse, sse2, sse3, ssse3, sse4.1, sse4.2, popcnt, lzcnt, tsc, tscinvbit, avx, avx2, aes, erms, clmul, bmi1, bmi2, adx, fma, vzeroupper, clflush, clflushopt
machdep.cpu.brand_string:Intel(R) Core(TM) i7-9750H CPU @ 2.60GHz
hw.cpufrequency:2600000000
hw.cpufrequency_min:2600000000
hw.cpufrequency_max:2600000000
hw.cachelinesize:64
hw.l1icachesize:32768
hw.l1dcachesize:32768
hw.l2cachesize:262144
hw.l3cachesize:12582912

Memory: 4k page, physical 16777216k(2058416k free), swap 1048576k(663296k free)

vm_info: OpenJDK 64-Bit Server VM (17.0.16+8-LTS) for bsd-amd64 JRE (17.0.16+8-LTS) (Zulu17.60+17-CA), built on Jun 30 2025 10:41:51 by "zulu_re" with clang Apple LLVM 12.0.5 (clang-1205.0.22.11)

END.
