#
# A fatal error has been detected by the Java Runtime Environment:
#
#  SIGSEGV (0xb) at pc=0x000000011357acb2, pid=16550, tid=42499
#
# JRE version: OpenJDK Runtime Environment Zulu17.60+17-CA (17.0.16+8) (build 17.0.16+8-LTS)
# Java VM: OpenJDK 64-Bit Server VM Zulu17.60+17-CA (17.0.16+8-LTS, mixed mode, sharing, tiered, compressed oops, compressed class ptrs, g1 gc, bsd-amd64)
# Problematic frame:
# V  [libjvm.dylib+0x45ccb2]  G1ParScanThreadState::do_copy_to_survivor_space(G1HeapRegionAttr, oopDesc*, markWord)+0x72
#
# No core dump will be written. Core dumps have been disabled. To enable core dumping, try "ulimit -c unlimited" before starting Java again
#
# If you would like to submit a bug report, please visit:
#   http://www.azul.com/support/
#

---------------  S U M M A R Y ------------

Command Line: --add-opens=java.base/java.lang=ALL-UNNAMED --add-opens=java.base/java.lang.invoke=ALL-UNNAMED --add-opens=java.base/java.util=ALL-UNNAMED --add-opens=java.prefs/java.util.prefs=ALL-UNNAMED --add-exports=jdk.compiler/com.sun.tools.javac.api=ALL-UNNAMED --add-exports=jdk.compiler/com.sun.tools.javac.util=ALL-UNNAMED --add-opens=java.base/java.util=ALL-UNNAMED --add-opens=java.prefs/java.util.prefs=ALL-UNNAMED --add-opens=java.base/java.nio.charset=ALL-UNNAMED --add-opens=java.base/java.net=ALL-UNNAMED --add-opens=java.base/java.util.concurrent.atomic=ALL-UNNAMED --add-opens=java.xml/javax.xml.namespace=ALL-UNNAMED -XX:MaxMetaspaceSize=512m -Xmx2048m -Dfile.encoding=UTF-8 -Duser.country=US -Duser.language=en -Duser.variant -javaagent:/Users/macbook/.gradle/wrapper/dists/gradle-8.13-bin/5xuhj0ry160q40clulazy9h7d/gradle-8.13/lib/agents/gradle-instrumentation-agent-8.13.jar org.gradle.launcher.daemon.bootstrap.GradleDaemon 8.13

Host: "MacBookPro16,1" x86_64 2600 MHz, 12 cores, 16G, Darwin 25.3.0, macOS 26.3.1 (25D2128)
Time: Tue Jun 23 12:51:20 2026 PKT elapsed time: 218.359877 seconds (0d 0h 3m 38s)

---------------  T H R E A D  ---------------

Current thread (0x00007fefeae1ffd0):  GCTaskThread "GC Thread#1" [stack: 0x00007000047c7000,0x00007000048c7000] [id=42499]

Stack: [0x00007000047c7000,0x00007000048c7000],  sp=0x00007000048c6b00,  free space=1022k
Native frames: (J=compiled Java code, j=interpreted, Vv=VM code, C=native code)
V  [libjvm.dylib+0x45ccb2]  G1ParScanThreadState::do_copy_to_survivor_space(G1HeapRegionAttr, oopDesc*, markWord)+0x72
V  [libjvm.dylib+0x45dd0a]  void G1ParScanThreadState::do_oop_evac<narrowOop>(narrowOop*)+0x8a
V  [libjvm.dylib+0x45bfbe]  G1ParScanThreadState::trim_queue_to_threshold(unsigned int)+0x19e
V  [libjvm.dylib+0x46855d]  G1ScanHRForRegionClosure::scan_memregion(unsigned int, MemRegion)+0xad
V  [libjvm.dylib+0x468311]  G1ScanHRForRegionClosure::scan_heap_roots(HeapRegion*)+0x411
V  [libjvm.dylib+0x467ee0]  G1ScanHRForRegionClosure::do_heap_region(HeapRegion*)+0x50
V  [libjvm.dylib+0x466909]  G1RemSet::scan_heap_roots(G1ParScanThreadState*, unsigned int, G1GCPhaseTimes::GCParPhases, G1GCPhaseTimes::GCParPhases, bool)+0x109
V  [libjvm.dylib+0x424c78]  G1EvacuateRegionsTask::scan_roots(G1ParScanThreadState*, unsigned int)+0x48
V  [libjvm.dylib+0x424b35]  G1EvacuateRegionsBaseTask::work(unsigned int)+0x75
V  [libjvm.dylib+0xb4ff1c]  GangWorker::loop()+0x5c
V  [libjvm.dylib+0xb4fea6]  GangWorker::run()+0x16
V  [libjvm.dylib+0xa95c17]  Thread::call_run()+0xa7
V  [libjvm.dylib+0x8adb18]  thread_native_entry(Thread*)+0x148
C  [libsystem_pthread.dylib+0x5e4d]  _pthread_start+0x73
C  [libsystem_pthread.dylib+0x1857]  thread_start+0xf


siginfo: si_signo: 11 (SIGSEGV), si_code: 0 (unknown), si_addr: 0x0000000000000000

Registers:
RAX=0x2800000001320000, RBX=0x00007fefdb46bea0, RCX=0x0000000000000000, RDX=0x00000007a91eaa01
RSP=0x00007000048c6b00, RBP=0x00007000048c6b60, RSI=0x00000007a91eaaf0, RDI=0x00000001321b2899
R8 =0x0000000000000005, R9 =0x00000007a91eaaf0, R10=0x0000000000000008, R11=0x00007fefdb46bea0
R12=0x00000007a91eaaf0, R13=0x0000000000000001, R14=0x00000001321b2899, R15=0x0000000000000021
RIP=0x000000011357acb2, EFLAGS=0x0000000000010246, ERR=0x0000000000000000
  TRAPNO=0x000000000000000d


Register to memory mapping:

RAX=0x2800000001320000 is an unknown value
RBX=0x00007fefdb46bea0 points into unknown readable memory: 0x0000000113e1a568 | 68 a5 e1 13 01 00 00 00
RCX=0x0 is NULL
RDX=0x00000007a91eaa01 is pointing into object: java.util.TreeMap$Entry 
{0x00000007a91ea9f0} - klass: 'java/util/TreeMap$Entry'
 - ---- fields (total size 5 words):
 - 'color' 'Z' @12  true
 - 'key' 'Ljava/lang/Object;' @16  "com/android/builder/packaging/JarMerger$1"{0x00000007a91eaa18} (f523d543)
 - 'value' 'Ljava/lang/Object;' @20  a 'java/util/Collections$EmptySet'{0x0000000780657128} (f00cae25)
 - 'left' 'Ljava/util/TreeMap$Entry;' @24  a 'java/util/TreeMap$Entry'{0x00000007a91eaa70} (f523d54e)
 - 'right' 'Ljava/util/TreeMap$Entry;' @28  a 'java/util/TreeMap$Entry'{0x00000007a91eabe0} (f523d57c)
 - 'parent' 'Ljava/util/TreeMap$Entry;' @32  a 'java/util/TreeMap$Entry'{0x00000007a91ea968} (f523d52d)
RSP=0x00007000048c6b00 points into unknown readable memory: 0x0000000113e68ac0 | c0 8a e6 13 01 00 00 00
RBP=0x00007000048c6b60 points into unknown readable memory: 0x00007000048c6b90 | 90 6b 8c 04 00 70 00 00
RSI=
[error occurred during error reporting (printing register info), id 0xb, SIGSEGV (0xb) at pc=0x00000001135325ed]

Top of Stack: (sp=0x00007000048c6b00)
0x00007000048c6b00:   0000000113e68ac0 0000000113a3924c
0x00007000048c6b10:   0000000132006b08 00007feff54fe930
0x00007000048c6b20:   0000000000000000 0000000000000001
0x00007000048c6b30:   0000000000000021 0000000000000003
0x00007000048c6b40:   0000000113e3f1e0 00000007a7259c30
0x00007000048c6b50:   00007fefdb46bea0 00000007a7259c30
0x00007000048c6b60:   00007000048c6b90 000000011357bd0a
0x00007000048c6b70:   00007fefdb46bea0 00007fefdb46bea0
0x00007000048c6b80:   0000000000000040 ffffffff00000000
0x00007000048c6b90:   00007000048c6bd0 0000000113579fbe
0x00007000048c6ba0:   00007fefdb46beb8 00007fefdb46bea0
0x00007000048c6bb0:   00000083c4d6e3d4 00007000048c6be8
0x00007000048c6bc0:   000000079bac9400 00000032d6bd247e
0x00007000048c6bd0:   00007000048c6c30 000000011358655d
0x00007000048c6be0:   00007000048c6c00 0000000113e1a878
0x00007000048c6bf0:   0000000000000000 00007fefec812400
0x00007000048c6c00:   00007fefdb46bea0 0000000000000004
0x00007000048c6c10:   00007fefea812b00 000000079bac8c00
0x00007000048c6c20:   000000000000000a 00000001124dd64b
0x00007000048c6c30:   00007000048c6d00 0000000113586311
0x00007000048c6c40:   0000000000000000 0000000000000000
0x00007000048c6c50:   00007fefea000000 00007fef00000001
0x00007000048c6c60:   0000000000000000 0000000000000000
0x00007000048c6c70:   00007fefea4b2280 00007fefea4b8de8
0x00007000048c6c80:   00000000000dd640 00000001124dd660
0x00007000048c6c90:   00007fefeae20290 00007fefea4b0e00
0x00007000048c6ca0:   00000000000006e8 00000000000083b0
0x00007000048c6cb0:   00000000000001ba 00007000048c6d78
0x00007000048c6cc0:   00000001124dd661 0000000000000020
0x00007000048c6cd0:   fffffffeedb229bf 00007000048c6d78
0x00007000048c6ce0:   00007fefea812b00 000000000000001c
0x00007000048c6cf0:   00007feff51a6190 00007000048c6d18 

Instructions: (pc=0x000000011357acb2)
0x000000011357abb2:   0c 48 8d 0d de 5d 8c 00 4c 89 df 4c 89 e6 48 89
0x000000011357abc2:   da ff 14 c1 4c 89 e0 48 83 c4 38 5b 41 5c 41 5d
0x000000011357abd2:   41 5e 41 5f 5d c3 4a 8d 14 d5 00 00 00 00 48 89
0x000000011357abe2:   7d b8 4c 89 e7 4c 89 ce 4d 89 df 4c 89 cb 4d 89
0x000000011357abf2:   d6 4d 89 c5 e8 79 de 72 00 48 8b 7d b8 4d 89 e8
0x000000011357ac02:   4d 89 f2 49 89 d9 4d 89 fb 48 8b 5d b0 e9 39 fe
0x000000011357ac12:   ff ff 39 fe ff ff 32 fe ff ff 29 fe ff ff 20 fe
0x000000011357ac22:   ff ff 17 fe ff ff 0e fe ff ff 05 fe ff ff fc fd
0x000000011357ac32:   ff ff f3 fd ff ff 0f 1f 84 00 00 00 00 00 55 48
0x000000011357ac42:   89 e5 41 57 41 56 41 55 41 54 53 48 83 ec 38 49
0x000000011357ac52:   89 cf 49 89 d1 41 89 f5 49 89 fb 48 89 4d d0 48
0x000000011357ac62:   8d 05 41 e9 8f 00 8a 10 84 d2 74 25 45 8b 71 08
0x000000011357ac72:   48 8d 05 77 45 8c 00 8a 48 08 49 d3 e6 4c 03 30
0x000000011357ac82:   41 8b 46 08 85 c0 7e 15 a8 01 75 15 c1 e8 03 eb
0x000000011357ac92:   62 4d 8b 71 08 41 8b 46 08 85 c0 7f eb 85 c0 78
0x000000011357aca2:   1d 49 8b 06 4c 89 f7 4c 89 ce 4c 89 db 4d 89 cc
0x000000011357acb2:   ff 90 00 01 00 00 4d 89 e1 49 89 db eb 35 31 c9
0x000000011357acc2:   84 d2 0f 94 c1 49 63 54 89 0c 89 c1 48 d3 e2 c1
0x000000011357acd2:   e8 10 0f b6 c0 48 01 d0 48 8d 0d 73 63 8c 00 48
0x000000011357ace2:   63 09 48 8d 54 01 ff f7 d9 48 63 c1 48 21 d0 48
0x000000011357acf2:   c1 e8 03 4c 63 d0 4c 89 7d c8 41 0f b7 dd 45 31
0x000000011357ad02:   c0 81 fb ff 00 00 00 4c 89 75 b0 89 5d ac 77 3a
0x000000011357ad12:   41 f6 c7 01 75 20 48 8d 7d c8 4d 89 dc 4d 89 cf
0x000000011357ad22:   4c 89 55 c0 e8 45 e0 3b 00 4c 8b 55 c0 4d 89 f9
0x000000011357ad32:   4d 89 e3 49 89 c7 41 c1 ef 03 45 89 f8 41 83 e0
0x000000011357ad42:   0f 45 3b 83 7c 01 00 00 72 11 41 c1 ed 08 49 0f
0x000000011357ad52:   be c5 45 0f b7 ac 43 78 01 00 00 66 44 89 6d c8
0x000000011357ad62:   41 0f b7 c5 49 8b 53 08 49 8b 73 70 8a 8a c0 01
0x000000011357ad72:   00 00 4c 89 cf 48 d3 ef 48 8b 8a b0 01 00 00 48
0x000000011357ad82:   8b 3c f9 8b 97 d8 00 00 00 c1 e8 08 31 c9 84 c0
0x000000011357ad92:   48 0f be c0 48 8b 44 c6 10 48 89 55 c0 48 0f 44
0x000000011357ada2:   ca 48 8b 04 c8 4c 8b 60 30 48 8b 48 38 4c 29 e1 


Stack slot to memory mapping:
stack at sp + 0 slots: 0x0000000113e68ac0: _ZN6Thread12_thr_currentE+0 in /Library/Java/JavaVirtualMachines/zulu-17.jdk/Contents/Home/lib/server/libjvm.dylib at 0x000000011311e000
stack at sp + 1 slots: 0x0000000113a3924c: _ZN11PtrQueueSet24exchange_buffer_with_newER8PtrQueue+0x3c in /Library/Java/JavaVirtualMachines/zulu-17.jdk/Contents/Home/lib/server/libjvm.dylib at 0x000000011311e000
stack at sp + 2 slots: 0x0000000132006b08 is a pointer to class: 
stack at sp + 3 slots: 0x00007feff54fe930 points into unknown readable memory: 0x00000007a9100000 | 00 00 10 a9 07 00 00 00
stack at sp + 4 slots: 0x0 is NULL
stack at sp + 5 slots: 0x0000000000000001 is an unknown value
stack at sp + 6 slots: 0x0000000000000021 is an unknown value
stack at sp + 7 slots: 0x0000000000000003 is an unknown value


---------------  P R O C E S S  ---------------

Threads class SMR info:
_java_thread_list=0x00007fefda5d7250, length=202, elements={
0x00007fefeb80d800, 0x00007feff0009800, 0x00007feff000c000, 0x00007fefec808e00,
0x00007fefeb819800, 0x00007fefec808800, 0x00007fefee098800, 0x00007fefee098e00,
0x00007fefea00d000, 0x00007fefeb033e00, 0x00007fefec00ae00, 0x00007fefeb116e00,
0x00007fefed858000, 0x00007fefed816200, 0x00007fefed808200, 0x00007fefee900800,
0x00007feff0248400, 0x00007fefee33d400, 0x00007fefec0e8a00, 0x00007fefecbbc800,
0x00007fefecaf3400, 0x00007feff1076200, 0x00007fefed81e800, 0x00007fefea08f400,
0x00007fefee339600, 0x00007fefee33bc00, 0x00007fefea3e1c00, 0x00007fefee95a400,
0x00007fefec00a800, 0x00007fefebd66600, 0x00007fefebb46000, 0x00007fefeb521e00,
0x00007fefeb522400, 0x00007feff0062600, 0x00007fefee5a4a00, 0x00007feff1951400,
0x00007feff23b7000, 0x00007fefea0b5a00, 0x00007fefeb035a00, 0x00007feff1340a00,
0x00007fefeca0b600, 0x00007fefeecd4000, 0x00007fefea0cbe00, 0x00007fefea104400,
0x00007fefed86a200, 0x00007feff4226600, 0x00007feff4226c00, 0x00007feff4df4c00,
0x00007feff4e67400, 0x00007feff7019600, 0x00007feff7018800, 0x00007feff494cc00,
0x00007fefeca3b800, 0x00007fefebef1a00, 0x00007fefebef1200, 0x00007fefebef2000,
0x00007fefeca3be00, 0x00007fefeca38400, 0x00007fefea776800, 0x00007feff48f9000,
0x00007feff4d01c00, 0x00007feff4d02200, 0x00007feff4d02800, 0x00007feff3ac4e00,
0x00007feff2030400, 0x00007fefea774600, 0x00007fefeca36200, 0x00007feff71e6600,
0x00007fefee830000, 0x00007feff3ac4800, 0x00007fefee82aa00, 0x00007feff100fe00,
0x00007feff2030a00, 0x00007feff2033800, 0x00007feff422fc00, 0x00007feff4063000,
0x00007feff4133c00, 0x00007feff1053600, 0x00007feff7023c00, 0x00007fefecc37c00,
0x00007fefecc36400, 0x00007feff3a84e00, 0x00007fefea6c1e00, 0x00007feff71e6c00,
0x00007feff7022200, 0x00007fefebffd200, 0x00007fefed863200, 0x00007feff4ccc600,
0x00007fefed9ae200, 0x00007fefecadd000, 0x00007fefed91a600, 0x00007feff182f000,
0x00007feff45a5400, 0x00007feff45a6000, 0x00007feff4cccc00, 0x00007fefea0ca400,
0x00007fefeccca000, 0x00007fefecadd600, 0x00007feff71d6000, 0x00007feff3c54a00,
0x00007feff45c3c00, 0x00007feff703dc00, 0x00007feff4ccd200, 0x00007fefee5b9a00,
0x00007feff7436e00, 0x00007feff45c2200, 0x00007feff45c2800, 0x00007feff45c2e00,
0x00007feff446cc00, 0x00007feff74af600, 0x00007feff4c6aa00, 0x00007fefebd4b400,
0x00007feff1255800, 0x00007fefebaf4800, 0x00007feff4c6cc00, 0x00007feff701fa00,
0x00007feff1a64400, 0x00007fefebc22200, 0x00007fefeead9800, 0x00007fefee5ba000,
0x00007feff399fa00, 0x00007feff39a0000, 0x00007fefea498200, 0x00007feff3a9b600,
0x00007feff3a9b000, 0x00007feff3a7c600, 0x00007feff446d200, 0x00007fefee9f8800,
0x00007fefee9f8e00, 0x00007feff3b1b800, 0x00007feff1255e00, 0x00007fefed91ba00,
0x00007fefea693000, 0x00007feff219e200, 0x00007feff3a7d200, 0x00007feff3a7cc00,
0x00007feff23d9a00, 0x00007fefee9fde00, 0x00007fefee75aa00, 0x00007fefed920c00,
0x00007fefeea2e600, 0x00007fefedb38600, 0x00007fefea430600, 0x00007fefeea2ec00,
0x00007fefeea13e00, 0x00007feff3a8d800, 0x00007feff1338800, 0x00007fefec0c8a00,
0x00007feff2249800, 0x00007feff3a81c00, 0x00007feff3a8de00, 0x00007fefedb33400,
0x00007fefec0c8400, 0x00007feff1bf1800, 0x00007fefee5ccc00, 0x00007feff4d76a00,
0x00007feff4c67c00, 0x00007fefee097800, 0x00007fefec0c0000, 0x00007feff2199e00,
0x00007fefeece3e00, 0x00007fefec0bea00, 0x00007feff21b8400, 0x00007fefedb37a00,
0x00007fefee82b800, 0x00007feff1348e00, 0x00007feff3a75a00, 0x00007fefeece3800,
0x00007fefee7a1e00, 0x00007fefebd50600, 0x00007feff21b5c00, 0x00007feff1809000,
0x00007fefec0bf000, 0x00007fefec0bd200, 0x00007fefee82be00, 0x00007fefed85ee00,
0x00007feff41ada00, 0x00007fefeb7fa800, 0x00007feff414a000, 0x00007feff1bed200,
0x00007feff3b03a00, 0x00007fefebffb400, 0x00007fefed85fa00, 0x00007feff4186800,
0x00007feff1349400, 0x00007fefec0c1600, 0x00007feff21b8a00, 0x00007fefea0caa00,
0x00007feff3c50200, 0x00007fefee34da00, 0x00007feff1254800, 0x00007feff21b7e00,
0x00007feff024a000, 0x00007feff7435600, 0x00007feff705f800, 0x00007fefeb0d0600,
0x00007feff0247400, 0x00007fefee5ca000, 0x00007fefea59c800, 0x00007feff724a000,
0x00007fefea209400, 0x00007fefea69d200
}

Java Threads: ( => current thread )
  0x00007fefeb80d800 JavaThread "main" [_thread_blocked, id=8451, stack(0x0000700003285000,0x0000700003385000)]
  0x00007feff0009800 JavaThread "Reference Handler" daemon [_thread_blocked, id=23555, stack(0x000070000399a000,0x0000700003a9a000)]
  0x00007feff000c000 JavaThread "Finalizer" daemon [_thread_blocked, id=31235, stack(0x0000700003a9d000,0x0000700003b9d000)]
  0x00007fefec808e00 JavaThread "Signal Dispatcher" daemon [_thread_blocked, id=28675, stack(0x0000700003ca6000,0x0000700003da6000)]
  0x00007fefeb819800 JavaThread "Service Thread" daemon [_thread_blocked, id=28419, stack(0x0000700003da9000,0x0000700003ea9000)]
  0x00007fefec808800 JavaThread "Monitor Deflation Thread" daemon [_thread_blocked, id=27907, stack(0x0000700003eac000,0x0000700003fac000)]
  0x00007fefee098800 JavaThread "C2 CompilerThread0" daemon [_thread_blocked, id=24835, stack(0x0000700003faf000,0x00007000040af000)]
  0x00007fefee098e00 JavaThread "C1 CompilerThread0" daemon [_thread_blocked, id=25347, stack(0x00007000040b2000,0x00007000041b2000)]
  0x00007fefea00d000 JavaThread "Sweeper thread" daemon [_thread_blocked, id=27139, stack(0x00007000041b5000,0x00007000042b5000)]
  0x00007fefeb033e00 JavaThread "Common-Cleaner" daemon [_thread_blocked, id=25603, stack(0x00007000042b8000,0x00007000043b8000)]
  0x00007fefec00ae00 JavaThread "Notification Thread" daemon [_thread_blocked, id=26371, stack(0x00007000043bb000,0x00007000044bb000)]
  0x00007fefeb116e00 JavaThread "Daemon health stats" [_thread_blocked, id=40963, stack(0x0000700004cd6000,0x0000700004dd6000)]
  0x00007fefed858000 JavaThread "Incoming local TCP Connector on port 49984" [_thread_in_native, id=34563, stack(0x0000700004dd9000,0x0000700004ed9000)]
  0x00007fefed816200 JavaThread "Daemon periodic checks" [_thread_blocked, id=34819, stack(0x0000700004edc000,0x0000700004fdc000)]
  0x00007fefed808200 JavaThread "Daemon" [_thread_blocked, id=40195, stack(0x0000700004fdf000,0x00007000050df000)]
  0x00007fefee900800 JavaThread "Handler for socket connection from /127.0.0.1:49984 to /127.0.0.1:49985" [_thread_in_native, id=39683, stack(0x00007000050e2000,0x00007000051e2000)]
  0x00007feff0248400 JavaThread "Cancel handler" [_thread_blocked, id=35075, stack(0x00007000051e5000,0x00007000052e5000)]
  0x00007fefee33d400 JavaThread "Daemon worker" [_thread_blocked, id=38915, stack(0x00007000052e8000,0x00007000053e8000)]
  0x00007fefec0e8a00 JavaThread "Asynchronous log dispatcher for DefaultDaemonConnection: socket connection from /127.0.0.1:49984 to /127.0.0.1:49985" [_thread_blocked, id=38403, stack(0x00007000053eb000,0x00007000054eb000)]
  0x00007fefecbbc800 JavaThread "Stdin handler" [_thread_blocked, id=35587, stack(0x00007000054ee000,0x00007000055ee000)]
  0x00007fefecaf3400 JavaThread "Daemon client event forwarder" [_thread_blocked, id=37891, stack(0x00007000055f1000,0x00007000056f1000)]
  0x00007feff1076200 JavaThread "Cache worker for journal cache (/Users/macbook/.gradle/caches/journal-1)" [_thread_blocked, id=43019, stack(0x00007000046c4000,0x00007000047c4000)]
  0x00007fefed81e800 JavaThread "File lock request listener" [_thread_in_native, id=65283, stack(0x0000700005b00000,0x0000700005c00000)]
  0x00007fefea08f400 JavaThread "Cache worker for file hash cache (/Users/macbook/.gradle/caches/8.13/fileHashes)" [_thread_blocked, id=65027, stack(0x0000700005c03000,0x0000700005d03000)]
  0x00007fefee339600 JavaThread "Cache worker for file hash cache (/Users/macbook/projects/Alse/android/.gradle/8.13/fileHashes)" [_thread_blocked, id=44547, stack(0x0000700005e09000,0x0000700005f09000)]
  0x00007fefee33bc00 JavaThread "Cache worker for Build Output Cleanup Cache (/Users/macbook/projects/Alse/android/.gradle/buildOutputCleanup)" [_thread_blocked, id=45059, stack(0x0000700005f0c000,0x000070000600c000)]
  0x00007fefea3e1c00 JavaThread "File watcher server" daemon [_thread_in_native, id=46339, stack(0x0000700006215000,0x0000700006315000)]
  0x00007fefee95a400 JavaThread "File watcher consumer" daemon [_thread_blocked, id=46851, stack(0x0000700006318000,0x0000700006418000)]
  0x00007fefec00a800 JavaThread "jar transforms" [_thread_blocked, id=64259, stack(0x000070000641b000,0x000070000651b000)]
  0x00007fefebd66600 JavaThread "jar transforms Thread 2" [_thread_blocked, id=47619, stack(0x000070000651e000,0x000070000661e000)]
  0x00007fefebb46000 JavaThread "jar transforms Thread 3" [_thread_blocked, id=47875, stack(0x0000700006621000,0x0000700006721000)]
  0x00007fefeb521e00 JavaThread "jar transforms Thread 4" [_thread_blocked, id=48131, stack(0x0000700006724000,0x0000700006824000)]
  0x00007fefeb522400 JavaThread "jar transforms Thread 5" [_thread_blocked, id=29459, stack(0x0000700006827000,0x0000700006927000)]
  0x00007feff0062600 JavaThread "Cache worker for checksums cache (/Users/macbook/projects/Alse/android/.gradle/8.13/checksums)" [_thread_blocked, id=62979, stack(0x000070000692a000,0x0000700006a2a000)]
  0x00007fefee5a4a00 JavaThread "Cache worker for file content cache (/Users/macbook/.gradle/caches/8.13/fileContent)" [_thread_blocked, id=48387, stack(0x0000700006a2d000,0x0000700006b2d000)]
  0x00007feff1951400 JavaThread "jar transforms Thread 6" [_thread_blocked, id=48899, stack(0x0000700006b30000,0x0000700006c30000)]
  0x00007feff23b7000 JavaThread "jar transforms Thread 7" [_thread_blocked, id=62467, stack(0x0000700006c33000,0x0000700006d33000)]
  0x00007fefea0b5a00 JavaThread "jar transforms Thread 8" [_thread_blocked, id=60419, stack(0x0000700007142000,0x0000700007242000)]
  0x00007fefeb035a00 JavaThread "jar transforms Thread 9" [_thread_blocked, id=51203, stack(0x0000700007245000,0x0000700007345000)]
  0x00007feff1340a00 JavaThread "jar transforms Thread 10" [_thread_blocked, id=59907, stack(0x0000700007348000,0x0000700007448000)]
  0x00007fefeca0b600 JavaThread "jar transforms Thread 11" [_thread_blocked, id=59651, stack(0x000070000744b000,0x000070000754b000)]
  0x00007fefeecd4000 JavaThread "jar transforms Thread 12" [_thread_blocked, id=59139, stack(0x000070000754e000,0x000070000764e000)]
  0x00007fefea0cbe00 JavaThread "Cache worker for cache directory md-supplier (/Users/macbook/.gradle/caches/8.13/md-supplier)" [_thread_blocked, id=51715, stack(0x0000700007651000,0x0000700007751000)]
  0x00007fefea104400 JavaThread "Cache worker for cache directory md-rule (/Users/macbook/.gradle/caches/8.13/md-rule)" [_thread_blocked, id=51971, stack(0x0000700007754000,0x0000700007854000)]
  0x00007fefed86a200 JavaThread "Cache worker for Build Output Cleanup Cache (/Users/macbook/projects/Alse/node_modules/@react-native/gradle-plugin/.gradle/buildOutputCleanup)" [_thread_blocked, id=58371, stack(0x0000700007857000,0x0000700007957000)]
  0x00007feff4226600 JavaThread "Unconstrained build operations" [_thread_blocked, id=43299, stack(0x00007000045c1000,0x00007000046c1000)]
  0x00007feff4226c00 JavaThread "Unconstrained build operations Thread 2" [_thread_blocked, id=53251, stack(0x0000700007c63000,0x0000700007d63000)]
  0x00007feff4df4c00 JavaThread "Unconstrained build operations Thread 3" [_thread_blocked, id=55811, stack(0x0000700007d66000,0x0000700007e66000)]
  0x00007feff4e67400 JavaThread "Unconstrained build operations Thread 4" [_thread_blocked, id=55555, stack(0x0000700007e69000,0x0000700007f69000)]
  0x00007feff7019600 JavaThread "Unconstrained build operations Thread 5" [_thread_blocked, id=55299, stack(0x0000700007f6c000,0x000070000806c000)]
  0x00007feff7018800 JavaThread "Unconstrained build operations Thread 6" [_thread_blocked, id=54787, stack(0x000070000806f000,0x000070000816f000)]
  0x00007feff494cc00 JavaThread "Kotlin DSL Writer" [_thread_blocked, id=54019, stack(0x0000700008172000,0x0000700008272000)]
  0x00007fefeca3b800 JavaThread "Unconstrained build operations Thread 7" [_thread_blocked, id=65539, stack(0x0000700008275000,0x0000700008375000)]
  0x00007fefebef1a00 JavaThread "Unconstrained build operations Thread 8" [_thread_blocked, id=65795, stack(0x0000700008378000,0x0000700008478000)]
  0x00007fefebef1200 JavaThread "Unconstrained build operations Thread 9" [_thread_blocked, id=66307, stack(0x000070000847b000,0x000070000857b000)]
  0x00007fefebef2000 JavaThread "Unconstrained build operations Thread 10" [_thread_blocked, id=86531, stack(0x000070000857e000,0x000070000867e000)]
  0x00007fefeca3be00 JavaThread "Unconstrained build operations Thread 11" [_thread_blocked, id=86275, stack(0x0000700008681000,0x0000700008781000)]
  0x00007fefeca38400 JavaThread "Unconstrained build operations Thread 12" [_thread_blocked, id=66819, stack(0x0000700008784000,0x0000700008884000)]
  0x00007fefea776800 JavaThread "Unconstrained build operations Thread 13" [_thread_blocked, id=85507, stack(0x0000700008887000,0x0000700008987000)]
  0x00007feff48f9000 JavaThread "Unconstrained build operations Thread 14" [_thread_blocked, id=85251, stack(0x000070000898a000,0x0000700008a8a000)]
  0x00007feff4d01c00 JavaThread "Unconstrained build operations Thread 15" [_thread_blocked, id=67587, stack(0x0000700008a8d000,0x0000700008b8d000)]
  0x00007feff4d02200 JavaThread "Unconstrained build operations Thread 16" [_thread_blocked, id=67843, stack(0x0000700008b90000,0x0000700008c90000)]
  0x00007feff4d02800 JavaThread "Unconstrained build operations Thread 17" [_thread_blocked, id=84483, stack(0x0000700008c93000,0x0000700008d93000)]
  0x00007feff3ac4e00 JavaThread "Unconstrained build operations Thread 18" [_thread_blocked, id=68355, stack(0x0000700008d96000,0x0000700008e96000)]
  0x00007feff2030400 JavaThread "Unconstrained build operations Thread 19" [_thread_blocked, id=83971, stack(0x0000700008e99000,0x0000700008f99000)]
  0x00007fefea774600 JavaThread "Unconstrained build operations Thread 20" [_thread_blocked, id=68867, stack(0x0000700008f9c000,0x000070000909c000)]
  0x00007fefeca36200 JavaThread "Unconstrained build operations Thread 21" [_thread_blocked, id=69379, stack(0x000070000909f000,0x000070000919f000)]
  0x00007feff71e6600 JavaThread "Unconstrained build operations Thread 22" [_thread_blocked, id=69635, stack(0x00007000091a2000,0x00007000092a2000)]
  0x00007fefee830000 JavaThread "Unconstrained build operations Thread 23" [_thread_blocked, id=83203, stack(0x00007000092a5000,0x00007000093a5000)]
  0x00007feff3ac4800 JavaThread "Unconstrained build operations Thread 24" [_thread_blocked, id=82947, stack(0x00007000093a8000,0x00007000094a8000)]
  0x00007fefee82aa00 JavaThread "Unconstrained build operations Thread 25" [_thread_blocked, id=70403, stack(0x00007000094ab000,0x00007000095ab000)]
  0x00007feff100fe00 JavaThread "Unconstrained build operations Thread 26" [_thread_blocked, id=70915, stack(0x00007000095ae000,0x00007000096ae000)]
  0x00007feff2030a00 JavaThread "Unconstrained build operations Thread 27" [_thread_blocked, id=82691, stack(0x00007000096b1000,0x00007000097b1000)]
  0x00007feff2033800 JavaThread "Unconstrained build operations Thread 28" [_thread_blocked, id=71427, stack(0x00007000097b4000,0x00007000098b4000)]
  0x00007feff422fc00 JavaThread "Unconstrained build operations Thread 29" [_thread_blocked, id=82179, stack(0x00007000098b7000,0x00007000099b7000)]
  0x00007feff4063000 JavaThread "Unconstrained build operations Thread 30" [_thread_blocked, id=81667, stack(0x00007000099ba000,0x0000700009aba000)]
  0x00007feff4133c00 JavaThread "Unconstrained build operations Thread 31" [_thread_blocked, id=72195, stack(0x0000700009abd000,0x0000700009bbd000)]
  0x00007feff1053600 JavaThread "Unconstrained build operations Thread 32" [_thread_blocked, id=72451, stack(0x0000700009bc0000,0x0000700009cc0000)]
  0x00007feff7023c00 JavaThread "Unconstrained build operations Thread 33" [_thread_blocked, id=81155, stack(0x0000700009cc3000,0x0000700009dc3000)]
  0x00007fefecc37c00 JavaThread "Unconstrained build operations Thread 34" [_thread_blocked, id=80643, stack(0x0000700009dc6000,0x0000700009ec6000)]
  0x00007fefecc36400 JavaThread "Unconstrained build operations Thread 35" [_thread_blocked, id=72963, stack(0x0000700009ec9000,0x0000700009fc9000)]
  0x00007feff3a84e00 JavaThread "Unconstrained build operations Thread 36" [_thread_blocked, id=80131, stack(0x0000700009fcc000,0x000070000a0cc000)]
  0x00007fefea6c1e00 JavaThread "Unconstrained build operations Thread 37" [_thread_blocked, id=79875, stack(0x000070000a0cf000,0x000070000a1cf000)]
  0x00007feff71e6c00 JavaThread "Unconstrained build operations Thread 38" [_thread_blocked, id=73731, stack(0x000070000a1d2000,0x000070000a2d2000)]
  0x00007feff7022200 JavaThread "Unconstrained build operations Thread 39" [_thread_blocked, id=74243, stack(0x000070000a2d5000,0x000070000a3d5000)]
  0x00007fefebffd200 JavaThread "build event listener" [_thread_blocked, id=75011, stack(0x000070000a5de000,0x000070000a6de000)]
  0x00007fefed863200 JavaThread "Memory manager" [_thread_blocked, id=78083, stack(0x000070000a6e1000,0x000070000a7e1000)]
  0x00007feff4ccc600 JavaThread "ForkJoinPool.commonPool-worker-1" daemon [_thread_blocked, id=44051, stack(0x0000700005d06000,0x0000700005e06000)]
  0x00007fefed9ae200 JavaThread "ForkJoinPool.commonPool-worker-3" daemon [_thread_blocked, id=75779, stack(0x000070000a8e7000,0x000070000a9e7000)]
  0x00007fefecadd000 JavaThread "ForkJoinPool.commonPool-worker-4" daemon [_thread_blocked, id=77315, stack(0x000070000a9ea000,0x000070000aaea000)]
  0x00007fefed91a600 JavaThread "ForkJoinPool.commonPool-worker-5" daemon [_thread_blocked, id=76547, stack(0x000070000aaed000,0x000070000abed000)]
  0x00007feff182f000 JavaThread "ForkJoinPool.commonPool-worker-6" daemon [_thread_blocked, id=76803, stack(0x000070000abf0000,0x000070000acf0000)]
  0x00007feff45a5400 JavaThread "ForkJoinPool.commonPool-worker-8" daemon [_thread_blocked, id=88067, stack(0x000070000adf6000,0x000070000aef6000)]
  0x00007feff45a6000 JavaThread "ForkJoinPool.commonPool-worker-9" daemon [_thread_blocked, id=88323, stack(0x000070000aef9000,0x000070000aff9000)]
  0x00007feff4cccc00 JavaThread "ForkJoinPool.commonPool-worker-10" daemon [_thread_blocked, id=130563, stack(0x000070000affc000,0x000070000b0fc000)]
  0x00007fefea0ca400 JavaThread "ForkJoinPool.commonPool-worker-11" daemon [_thread_blocked, id=130051, stack(0x000070000b0ff000,0x000070000b1ff000)]
  0x00007fefeccca000 JavaThread "process reaper (pid 17975)" daemon [_thread_in_native, id=129283, stack(0x0000700003c23000,0x0000700003c47000)]
  0x00007fefecadd600 JavaThread "included builds" [_thread_blocked, id=89603, stack(0x000070000b50b000,0x000070000b60b000)]
  0x00007feff71d6000 JavaThread "Execution worker" [_thread_blocked, id=128003, stack(0x000070000b60e000,0x000070000b70e000)]
  0x00007feff3c54a00 JavaThread "Execution worker Thread 2" [_thread_blocked, id=127491, stack(0x000070000b711000,0x000070000b811000)]
  0x00007feff45c3c00 JavaThread "Execution worker Thread 3" [_thread_blocked, id=89859, stack(0x000070000b814000,0x000070000b914000)]
  0x00007feff703dc00 JavaThread "Execution worker Thread 4" [_thread_blocked, id=126979, stack(0x000070000b917000,0x000070000ba17000)]
  0x00007feff4ccd200 JavaThread "Execution worker Thread 5" [_thread_blocked, id=90627, stack(0x000070000ba1a000,0x000070000bb1a000)]
  0x00007fefee5b9a00 JavaThread "Execution worker Thread 6" [_thread_blocked, id=90883, stack(0x000070000bb1d000,0x000070000bc1d000)]
  0x00007feff7436e00 JavaThread "Execution worker Thread 7" [_thread_blocked, id=91139, stack(0x000070000bc20000,0x000070000bd20000)]
  0x00007feff45c2200 JavaThread "Execution worker Thread 8" [_thread_blocked, id=126211, stack(0x000070000bd23000,0x000070000be23000)]
  0x00007feff45c2800 JavaThread "Execution worker Thread 9" [_thread_blocked, id=125955, stack(0x000070000be26000,0x000070000bf26000)]
  0x00007feff45c2e00 JavaThread "Execution worker Thread 10" [_thread_blocked, id=92163, stack(0x000070000bf29000,0x000070000c029000)]
  0x00007feff446cc00 JavaThread "Execution worker Thread 11" [_thread_blocked, id=125699, stack(0x000070000c02c000,0x000070000c12c000)]
  0x00007feff74af600 JavaThread "Cache worker for execution history cache (/Users/macbook/projects/Alse/node_modules/@react-native/gradle-plugin/.gradle/8.13/executionHistory)" [_thread_blocked, id=92675, stack(0x000070000c12f000,0x000070000c22f000)]
  0x00007feff4c6aa00 JavaThread "Unconstrained build operations Thread 40" [_thread_blocked, id=93443, stack(0x000070000c232000,0x000070000c332000)]
  0x00007fefebd4b400 JavaThread "Unconstrained build operations Thread 41" [_thread_blocked, id=93699, stack(0x000070000c335000,0x000070000c435000)]
  0x00007feff1255800 JavaThread "Unconstrained build operations Thread 42" [_thread_blocked, id=94211, stack(0x000070000c438000,0x000070000c538000)]
  0x00007fefebaf4800 JavaThread "Unconstrained build operations Thread 43" [_thread_blocked, id=94723, stack(0x000070000c53b000,0x000070000c63b000)]
  0x00007feff4c6cc00 JavaThread "Unconstrained build operations Thread 44" [_thread_blocked, id=123907, stack(0x000070000c63e000,0x000070000c73e000)]
  0x00007feff701fa00 JavaThread "Unconstrained build operations Thread 45" [_thread_blocked, id=95491, stack(0x000070000c741000,0x000070000c841000)]
  0x00007feff1a64400 JavaThread "Unconstrained build operations Thread 46" [_thread_blocked, id=123651, stack(0x000070000c844000,0x000070000c944000)]
  0x00007fefebc22200 JavaThread "Unconstrained build operations Thread 47" [_thread_blocked, id=123395, stack(0x000070000c947000,0x000070000ca47000)]
  0x00007fefeead9800 JavaThread "Unconstrained build operations Thread 48" [_thread_blocked, id=123139, stack(0x000070000ca4a000,0x000070000cb4a000)]
  0x00007fefee5ba000 JavaThread "Unconstrained build operations Thread 49" [_thread_blocked, id=96771, stack(0x000070000cb4d000,0x000070000cc4d000)]
  0x00007feff399fa00 JavaThread "Unconstrained build operations Thread 50" [_thread_blocked, id=122883, stack(0x000070000cc50000,0x000070000cd50000)]
  0x00007feff39a0000 JavaThread "Unconstrained build operations Thread 51" [_thread_blocked, id=122371, stack(0x000070000cd53000,0x000070000ce53000)]
  0x00007fefea498200 JavaThread "Unconstrained build operations Thread 52" [_thread_blocked, id=122115, stack(0x000070000ce56000,0x000070000cf56000)]
  0x00007feff3a9b600 JavaThread "Unconstrained build operations Thread 53" [_thread_blocked, id=121859, stack(0x000070000cf59000,0x000070000d059000)]
  0x00007feff3a9b000 JavaThread "Unconstrained build operations Thread 54" [_thread_blocked, id=121603, stack(0x000070000d05c000,0x000070000d15c000)]
  0x00007feff3a7c600 JavaThread "Unconstrained build operations Thread 55" [_thread_blocked, id=121347, stack(0x000070000d15f000,0x000070000d25f000)]
  0x00007feff446d200 JavaThread "Unconstrained build operations Thread 56" [_thread_blocked, id=121091, stack(0x000070000d262000,0x000070000d362000)]
  0x00007fefee9f8800 JavaThread "Unconstrained build operations Thread 57" [_thread_blocked, id=98563, stack(0x000070000d365000,0x000070000d465000)]
  0x00007fefee9f8e00 JavaThread "Unconstrained build operations Thread 58" [_thread_blocked, id=120579, stack(0x000070000d468000,0x000070000d568000)]
  0x00007feff3b1b800 JavaThread "Unconstrained build operations Thread 59" [_thread_blocked, id=99075, stack(0x000070000d56b000,0x000070000d66b000)]
  0x00007feff1255e00 JavaThread "Unconstrained build operations Thread 60" [_thread_blocked, id=99587, stack(0x000070000d66e000,0x000070000d76e000)]
  0x00007fefed91ba00 JavaThread "Unconstrained build operations Thread 61" [_thread_blocked, id=99843, stack(0x000070000d771000,0x000070000d871000)]
  0x00007fefea693000 JavaThread "Unconstrained build operations Thread 62" [_thread_blocked, id=100355, stack(0x000070000d874000,0x000070000d974000)]
  0x00007feff219e200 JavaThread "Unconstrained build operations Thread 63" [_thread_blocked, id=119811, stack(0x000070000d977000,0x000070000da77000)]
  0x00007feff3a7d200 JavaThread "Unconstrained build operations Thread 64" [_thread_blocked, id=119555, stack(0x000070000da7a000,0x000070000db7a000)]
  0x00007feff3a7cc00 JavaThread "Unconstrained build operations Thread 65" [_thread_blocked, id=119299, stack(0x000070000db7d000,0x000070000dc7d000)]
  0x00007feff23d9a00 JavaThread "Unconstrained build operations Thread 66" [_thread_blocked, id=101379, stack(0x000070000dc80000,0x000070000dd80000)]
  0x00007fefee9fde00 JavaThread "WorkerExecutor Queue" [_thread_blocked, id=101635, stack(0x000070000dd83000,0x000070000de83000)]
  0x00007fefee75aa00 JavaThread "RMI Scheduler(0)" daemon [_thread_blocked, id=101907, stack(0x000070000de86000,0x000070000df86000)]
  0x00007fefed920c00 JavaThread "RMI GC Daemon" daemon [_thread_blocked, id=117507, stack(0x000070000e18f000,0x000070000e28f000)]
  0x00007fefeea2e600 JavaThread "RMI TCP Accept-0" daemon [_thread_in_native, id=102659, stack(0x000070000e292000,0x000070000e392000)]
  0x00007fefedb38600 JavaThread "RMI Reaper" [_thread_blocked, id=103171, stack(0x000070000e395000,0x000070000e495000)]
  0x00007fefea430600 JavaThread "RMI TCP Connection(idle)" daemon [_thread_blocked, id=103683, stack(0x000070000e498000,0x000070000e598000)]
  0x00007fefeea2ec00 JavaThread "Unconstrained build operations Thread 67" [_thread_blocked, id=116995, stack(0x000070000e59b000,0x000070000e69b000)]
  0x00007fefeea13e00 JavaThread "Unconstrained build operations Thread 68" [_thread_blocked, id=104451, stack(0x000070000e69e000,0x000070000e79e000)]
  0x00007feff3a8d800 JavaThread "Unconstrained build operations Thread 69" [_thread_blocked, id=116483, stack(0x000070000e7a1000,0x000070000e8a1000)]
  0x00007feff1338800 JavaThread "Unconstrained build operations Thread 70" [_thread_blocked, id=116227, stack(0x000070000e8a4000,0x000070000e9a4000)]
  0x00007fefec0c8a00 JavaThread "Unconstrained build operations Thread 71" [_thread_blocked, id=104963, stack(0x000070000e9a7000,0x000070000eaa7000)]
  0x00007feff2249800 JavaThread "Unconstrained build operations Thread 72" [_thread_blocked, id=115715, stack(0x000070000eaaa000,0x000070000ebaa000)]
  0x00007feff3a81c00 JavaThread "Unconstrained build operations Thread 73" [_thread_blocked, id=105731, stack(0x000070000ebad000,0x000070000ecad000)]
  0x00007feff3a8de00 JavaThread "Unconstrained build operations Thread 74" [_thread_blocked, id=115459, stack(0x000070000ecb0000,0x000070000edb0000)]
  0x00007fefedb33400 JavaThread "Unconstrained build operations Thread 75" [_thread_blocked, id=106499, stack(0x000070000edb3000,0x000070000eeb3000)]
  0x00007fefec0c8400 JavaThread "Unconstrained build operations Thread 76" [_thread_blocked, id=115203, stack(0x000070000eeb6000,0x000070000efb6000)]
  0x00007feff1bf1800 JavaThread "Unconstrained build operations Thread 77" [_thread_blocked, id=114947, stack(0x000070000efb9000,0x000070000f0b9000)]
  0x00007fefee5ccc00 JavaThread "Unconstrained build operations Thread 78" [_thread_blocked, id=114691, stack(0x000070000f0bc000,0x000070000f1bc000)]
  0x00007feff4d76a00 JavaThread "WorkerExecutor Queue Thread 2" [_thread_blocked, id=107783, stack(0x000070000f1bf000,0x000070000f2bf000)]
  0x00007feff4c67c00 JavaThread "Unconstrained build operations Thread 79" [_thread_blocked, id=117795, stack(0x000070000e08c000,0x000070000e18c000)]
  0x00007fefee097800 JavaThread "Unconstrained build operations Thread 80" [_thread_blocked, id=108803, stack(0x000070000f4c8000,0x000070000f5c8000)]
  0x00007fefec0c0000 JavaThread "Unconstrained build operations Thread 81" [_thread_blocked, id=113923, stack(0x000070000f5cb000,0x000070000f6cb000)]
  0x00007feff2199e00 JavaThread "Unconstrained build operations Thread 82" [_thread_blocked, id=113411, stack(0x000070000f6ce000,0x000070000f7ce000)]
  0x00007fefeece3e00 JavaThread "Unconstrained build operations Thread 83" [_thread_blocked, id=109571, stack(0x000070000f7d1000,0x000070000f8d1000)]
  0x00007fefec0bea00 JavaThread "Unconstrained build operations Thread 84" [_thread_blocked, id=112899, stack(0x000070000f8d4000,0x000070000f9d4000)]
  0x00007feff21b8400 JavaThread "Unconstrained build operations Thread 85" [_thread_blocked, id=112643, stack(0x000070000f9d7000,0x000070000fad7000)]
  0x00007fefedb37a00 JavaThread "Unconstrained build operations Thread 86" [_thread_blocked, id=112387, stack(0x000070000fada000,0x000070000fbda000)]
  0x00007fefee82b800 JavaThread "Unconstrained build operations Thread 87" [_thread_blocked, id=111875, stack(0x000070000fbdd000,0x000070000fcdd000)]
  0x00007feff1348e00 JavaThread "Unconstrained build operations Thread 88" [_thread_blocked, id=111619, stack(0x000070000fce0000,0x000070000fde0000)]
  0x00007feff3a75a00 JavaThread "Unconstrained build operations Thread 89" [_thread_blocked, id=110595, stack(0x000070000fde3000,0x000070000fee3000)]
  0x00007fefeece3800 JavaThread "Unconstrained build operations Thread 90" [_thread_blocked, id=110851, stack(0x000070000fee6000,0x000070000ffe6000)]
  0x00007fefee7a1e00 JavaThread "Unconstrained build operations Thread 91" [_thread_blocked, id=131331, stack(0x000070000ffe9000,0x00007000100e9000)]
  0x00007fefebd50600 JavaThread "Unconstrained build operations Thread 92" [_thread_blocked, id=174083, stack(0x00007000100ec000,0x00007000101ec000)]
  0x00007feff21b5c00 JavaThread "Unconstrained build operations Thread 93" [_thread_blocked, id=173827, stack(0x00007000101ef000,0x00007000102ef000)]
  0x00007feff1809000 JavaThread "Unconstrained build operations Thread 94" [_thread_blocked, id=173315, stack(0x00007000102f2000,0x00007000103f2000)]
  0x00007fefec0bf000 JavaThread "Unconstrained build operations Thread 95" [_thread_blocked, id=132099, stack(0x00007000103f5000,0x00007000104f5000)]
  0x00007fefec0bd200 JavaThread "Unconstrained build operations Thread 96" [_thread_blocked, id=132611, stack(0x00007000104f8000,0x00007000105f8000)]
  0x00007fefee82be00 JavaThread "Unconstrained build operations Thread 97" [_thread_blocked, id=173059, stack(0x00007000105fb000,0x00007000106fb000)]
  0x00007fefed85ee00 JavaThread "Unconstrained build operations Thread 98" [_thread_blocked, id=133123, stack(0x00007000106fe000,0x00007000107fe000)]
  0x00007feff41ada00 JavaThread "Unconstrained build operations Thread 99" [_thread_blocked, id=133635, stack(0x0000700010801000,0x0000700010901000)]
  0x00007fefeb7fa800 JavaThread "Unconstrained build operations Thread 100" [_thread_blocked, id=172035, stack(0x0000700010b0a000,0x0000700010c0a000)]
  0x00007feff414a000 JavaThread "Unconstrained build operations Thread 101" [_thread_blocked, id=134915, stack(0x0000700010c0d000,0x0000700010d0d000)]
  0x00007feff1bed200 JavaThread "Unconstrained build operations Thread 102" [_thread_blocked, id=171779, stack(0x0000700010d10000,0x0000700010e10000)]
  0x00007feff3b03a00 JavaThread "Unconstrained build operations Thread 103" [_thread_blocked, id=135427, stack(0x0000700010e13000,0x0000700010f13000)]
  0x00007fefebffb400 JavaThread "Unconstrained build operations Thread 104" [_thread_blocked, id=171267, stack(0x0000700010f16000,0x0000700011016000)]
  0x00007fefed85fa00 JavaThread "Unconstrained build operations Thread 105" [_thread_blocked, id=170755, stack(0x0000700011019000,0x0000700011119000)]
  0x00007feff4186800 JavaThread "Unconstrained build operations Thread 106" [_thread_blocked, id=170243, stack(0x000070001111c000,0x000070001121c000)]
  0x00007feff1349400 JavaThread "Unconstrained build operations Thread 107" [_thread_blocked, id=135939, stack(0x000070001121f000,0x000070001131f000)]
  0x00007fefec0c1600 JavaThread "Unconstrained build operations Thread 108" [_thread_blocked, id=136195, stack(0x0000700011322000,0x0000700011422000)]
  0x00007feff21b8a00 JavaThread "Unconstrained build operations Thread 109" [_thread_blocked, id=169219, stack(0x0000700011425000,0x0000700011525000)]
  0x00007fefea0caa00 JavaThread "Unconstrained build operations Thread 110" [_thread_blocked, id=136451, stack(0x0000700011528000,0x0000700011628000)]
  0x00007feff3c50200 JavaThread "Unconstrained build operations Thread 111" [_thread_blocked, id=89103, stack(0x000070000b305000,0x000070000b405000)]
  0x00007fefee34da00 JavaThread "Unconstrained build operations Thread 112" [_thread_blocked, id=77831, stack(0x000070000b408000,0x000070000b508000)]
  0x00007feff1254800 JavaThread "Unconstrained build operations Thread 113" [_thread_blocked, id=134155, stack(0x0000700010904000,0x0000700010a04000)]
  0x00007feff21b7e00 JavaThread "Unconstrained build operations Thread 114" [_thread_blocked, id=134419, stack(0x0000700010a07000,0x0000700010b07000)]
  0x00007feff024a000 JavaThread "Unconstrained build operations Thread 115" [_thread_blocked, id=167427, stack(0x0000700011831000,0x0000700011931000)]
  0x00007feff7435600 JavaThread "Unconstrained build operations Thread 116" [_thread_blocked, id=167171, stack(0x0000700011934000,0x0000700011a34000)]
  0x00007feff705f800 JavaThread "Unconstrained build operations Thread 117" [_thread_blocked, id=166659, stack(0x0000700011a37000,0x0000700011b37000)]
  0x00007fefeb0d0600 JavaThread "Unconstrained build operations Thread 118" [_thread_blocked, id=137475, stack(0x0000700011b3a000,0x0000700011c3a000)]
  0x00007feff0247400 JavaThread "Unconstrained build operations Thread 119" [_thread_blocked, id=137731, stack(0x0000700011c3d000,0x0000700011d3d000)]
  0x00007fefee5ca000 JavaThread "Unconstrained build operations Thread 120" [_thread_blocked, id=138243, stack(0x0000700011d40000,0x0000700011e40000)]
  0x00007fefea59c800 JavaThread "WorkerExecutor Queue Thread 3" [_thread_blocked, id=138499, stack(0x0000700011e43000,0x0000700011f43000)]
  0x00007feff724a000 JavaThread "Problems report writer" [_thread_blocked, id=128803, stack(0x0000700011f46000,0x0000700012046000)]
  0x00007fefea209400 JavaThread "build event listener" [_thread_blocked, id=139011, stack(0x0000700012049000,0x0000700012149000)]
  0x00007fefea69d200 JavaThread "File lock release action executor Thread 3" [_thread_blocked, id=118051, stack(0x000070000a7e4000,0x000070000a8e4000)]

Other Threads:
  0x00007fefea81e770 VMThread "VM Thread" [stack: 0x0000700003897000,0x0000700003997000] [id=17923]
  0x00007fefe9f258b0 WatcherThread [stack: 0x00007000044be000,0x00007000045be000] [id=26115]
  0x00007fefea812cb0 GCTaskThread "GC Thread#0" [stack: 0x0000700003388000,0x0000700003488000] [id=12547]
=>0x00007fefeae1ffd0 GCTaskThread "GC Thread#1" [stack: 0x00007000047c7000,0x00007000048c7000] [id=42499]
  0x00007fefe9f2c570 GCTaskThread "GC Thread#2" [stack: 0x00007000048ca000,0x00007000049ca000] [id=33283]
  0x00007fefeae20950 GCTaskThread "GC Thread#3" [stack: 0x00007000049cd000,0x0000700004acd000] [id=41731]
  0x00007fefeae21280 GCTaskThread "GC Thread#4" [stack: 0x0000700004ad0000,0x0000700004bd0000] [id=33539]
  0x00007fefeae21bb0 GCTaskThread "GC Thread#5" [stack: 0x0000700004bd3000,0x0000700004cd3000] [id=34051]
  0x00007fefeab1b190 GCTaskThread "GC Thread#6" [stack: 0x00007000056f4000,0x00007000057f4000] [id=37635]
  0x00007fefe9f96eb0 GCTaskThread "GC Thread#7" [stack: 0x00007000057f7000,0x00007000058f7000] [id=37379]
  0x00007fefe9f976c0 GCTaskThread "GC Thread#8" [stack: 0x00007000058fa000,0x00007000059fa000] [id=36611]
  0x00007fefe9f97fa0 GCTaskThread "GC Thread#9" [stack: 0x00007000059fd000,0x0000700005afd000] [id=36867]
  0x00007fefe9f19be0 ConcurrentGCThread "G1 Main Marker" [stack: 0x000070000348b000,0x000070000358b000] [id=12803]
  0x00007fefe9f1a980 ConcurrentGCThread "G1 Conc#0" [stack: 0x000070000358e000,0x000070000368e000] [id=13571]
  0x00007fefeab3c3c0 ConcurrentGCThread "G1 Conc#1" [stack: 0x000070000600f000,0x000070000610f000] [id=64515]
  0x00007fefeac1d240 ConcurrentGCThread "G1 Conc#2" [stack: 0x0000700006112000,0x0000700006212000] [id=45827]
  0x00007fefed233410 ConcurrentGCThread "G1 Refine#0" [stack: 0x0000700003691000,0x0000700003791000] [id=21251]
  0x00007feff2c42880 ConcurrentGCThread "G1 Refine#1" [stack: 0x0000700006d36000,0x0000700006e36000] [id=61955]
  0x00007fefeadc7f30 ConcurrentGCThread "G1 Refine#2" [stack: 0x0000700006e39000,0x0000700006f39000] [id=61443]
  0x00007fefeadc8fb0 ConcurrentGCThread "G1 Refine#3" [stack: 0x0000700006f3c000,0x000070000703c000] [id=50179]
  0x00007fefed18c930 ConcurrentGCThread "G1 Refine#4" [stack: 0x000070000703f000,0x000070000713f000] [id=60675]
  0x00007feff3413f90 ConcurrentGCThread "G1 Refine#5" [stack: 0x000070000795a000,0x0000700007a5a000] [id=52483]
  0x00007feff35dc8c0 ConcurrentGCThread "G1 Refine#6" [stack: 0x0000700007a5d000,0x0000700007b5d000] [id=57091]
  0x00007feff54beba0 ConcurrentGCThread "G1 Refine#7" [stack: 0x0000700007b60000,0x0000700007c60000] [id=52739]
  0x00007fefeace3670 ConcurrentGCThread "G1 Refine#8" [stack: 0x000070000a3d8000,0x000070000a4d8000] [id=79107]
  0x00007feff6170f50 ConcurrentGCThread "G1 Refine#9" [stack: 0x000070000a4db000,0x000070000a5db000] [id=74755]
  0x00007fefed234190 ConcurrentGCThread "G1 Service" [stack: 0x0000700003794000,0x0000700003894000] [id=20739]

Threads with active compile tasks:

VM state: at safepoint (normal execution)

VM Mutex/Monitor currently owned by a thread:  ([mutex/lock_event])
[0x00007fefea80dd80] Threads_lock - owner thread: 0x00007fefea81e770
[0x00007fefea80ea50] Heap_lock - owner thread: 0x00007fefee33d400

Heap address: 0x0000000780000000, size: 2048 MB, Compressed Oops mode: Zero based, Oop shift amount: 3

CDS archive(s) mapped at: [0x0000000132000000-0x0000000132bed000-0x0000000132bed000), size 12505088, SharedBaseAddress: 0x0000000132000000, ArchiveRelocationMode: 1.
Compressed class space mapped at: 0x0000000133000000-0x000000014d000000, reserved size: 436207616
Narrow klass base: 0x0000000132000000, Narrow klass shift: 0, Narrow klass range: 0x100000000

GC Precious Log:
 CPUs: 12 total, 12 available
 Memory: 16384M
 Large Page Support: Disabled
 NUMA Support: Disabled
 Compressed Oops: Enabled (Zero based)
 Heap Region Size: 1M
 Heap Min Capacity: 8M
 Heap Initial Capacity: 256M
 Heap Max Capacity: 2G
 Pre-touch: Disabled
 Parallel Workers: 10
 Concurrent Workers: 3
 Concurrent Refinement Workers: 10
 Periodic GC: Disabled

Heap:
 garbage-first heap   total 1374208K, used 1191587K [0x0000000780000000, 0x0000000800000000)
  region size 1024K, 697 young (713728K), 36 survivors (36864K)
 Metaspace       used 210872K, committed 212608K, reserved 622592K
  class space    used 26757K, committed 27584K, reserved 425984K

Heap Regions: E=young(eden), S=young(survivor), O=old, HS=humongous(starts), HC=humongous(continues), CS=collection set, F=free, OA=open archive, CA=closed archive, TAMS=top-at-mark-start (previous, next)
|   0|0x0000000780000000, 0x0000000780100000, 0x0000000780100000|100%|HS|  |TAMS 0x0000000780100000, 0x0000000780000000| Complete 
|   1|0x0000000780100000, 0x0000000780200000, 0x0000000780200000|100%|HC|  |TAMS 0x0000000780200000, 0x0000000780100000| Complete 
|   2|0x0000000780200000, 0x0000000780300000, 0x0000000780300000|100%|HC|  |TAMS 0x0000000780300000, 0x0000000780200000| Complete 
|   3|0x0000000780300000, 0x0000000780400000, 0x0000000780400000|100%| O|  |TAMS 0x0000000780400000, 0x0000000780300000| Untracked 
|   4|0x0000000780400000, 0x0000000780500000, 0x0000000780500000|100%| O|  |TAMS 0x0000000780500000, 0x0000000780400000| Untracked 
|   5|0x0000000780500000, 0x0000000780600000, 0x0000000780600000|100%| O|  |TAMS 0x0000000780600000, 0x0000000780500000| Untracked 
|   6|0x0000000780600000, 0x0000000780700000, 0x0000000780700000|100%| O|  |TAMS 0x0000000780700000, 0x0000000780600000| Untracked 
|   7|0x0000000780700000, 0x0000000780800000, 0x0000000780800000|100%| O|  |TAMS 0x0000000780800000, 0x0000000780700000| Untracked 
|   8|0x0000000780800000, 0x0000000780900000, 0x0000000780900000|100%| O|  |TAMS 0x0000000780900000, 0x0000000780800000| Untracked 
|   9|0x0000000780900000, 0x00000007809e7400, 0x0000000780a00000| 90%| O|  |TAMS 0x00000007809e7400, 0x0000000780900000| Untracked 
|  10|0x0000000780a00000, 0x0000000780b00000, 0x0000000780b00000|100%|HS|  |TAMS 0x0000000780b00000, 0x0000000780a00000| Complete 
|  11|0x0000000780b00000, 0x0000000780c00000, 0x0000000780c00000|100%| O|  |TAMS 0x0000000780c00000, 0x0000000780b00000| Untracked 
|  12|0x0000000780c00000, 0x0000000780d00000, 0x0000000780d00000|100%| O|  |TAMS 0x0000000780d00000, 0x0000000780c00000| Untracked 
|  13|0x0000000780d00000, 0x0000000780e00000, 0x0000000780e00000|100%| O|  |TAMS 0x0000000780e00000, 0x0000000780d00000| Untracked 
|  14|0x0000000780e00000, 0x0000000780f00000, 0x0000000780f00000|100%| O|  |TAMS 0x0000000780f00000, 0x0000000780e00000| Untracked 
|  15|0x0000000780f00000, 0x0000000781000000, 0x0000000781000000|100%| O|  |TAMS 0x0000000781000000, 0x0000000780f00000| Untracked 
|  16|0x0000000781000000, 0x0000000781100000, 0x0000000781100000|100%| O|  |TAMS 0x0000000781100000, 0x0000000781000000| Untracked 
|  17|0x0000000781100000, 0x0000000781200000, 0x0000000781200000|100%| O|  |TAMS 0x0000000781200000, 0x0000000781100000| Untracked 
|  18|0x0000000781200000, 0x0000000781300000, 0x0000000781300000|100%| O|  |TAMS 0x0000000781300000, 0x0000000781200000| Untracked 
|  19|0x0000000781300000, 0x0000000781400000, 0x0000000781400000|100%| O|  |TAMS 0x0000000781400000, 0x0000000781300000| Untracked 
|  20|0x0000000781400000, 0x0000000781500000, 0x0000000781500000|100%| O|  |TAMS 0x0000000781500000, 0x0000000781400000| Untracked 
|  21|0x0000000781500000, 0x0000000781600000, 0x0000000781600000|100%| O|  |TAMS 0x0000000781600000, 0x0000000781500000| Untracked 
|  22|0x0000000781600000, 0x0000000781700000, 0x0000000781700000|100%| O|  |TAMS 0x0000000781700000, 0x0000000781600000| Untracked 
|  23|0x0000000781700000, 0x0000000781800000, 0x0000000781800000|100%| O|  |TAMS 0x0000000781800000, 0x0000000781700000| Untracked 
|  24|0x0000000781800000, 0x0000000781900000, 0x0000000781900000|100%| O|  |TAMS 0x0000000781900000, 0x0000000781800000| Untracked 
|  25|0x0000000781900000, 0x0000000781a00000, 0x0000000781a00000|100%| O|  |TAMS 0x0000000781a00000, 0x0000000781900000| Untracked 
|  26|0x0000000781a00000, 0x0000000781b00000, 0x0000000781b00000|100%| O|  |TAMS 0x0000000781b00000, 0x0000000781a00000| Untracked 
|  27|0x0000000781b00000, 0x0000000781c00000, 0x0000000781c00000|100%| O|  |TAMS 0x0000000781c00000, 0x0000000781b00000| Untracked 
|  28|0x0000000781c00000, 0x0000000781d00000, 0x0000000781d00000|100%| O|  |TAMS 0x0000000781d00000, 0x0000000781c00000| Untracked 
|  29|0x0000000781d00000, 0x0000000781e00000, 0x0000000781e00000|100%| O|  |TAMS 0x0000000781e00000, 0x0000000781d00000| Untracked 
|  30|0x0000000781e00000, 0x0000000781f00000, 0x0000000781f00000|100%| O|  |TAMS 0x0000000781f00000, 0x0000000781e00000| Untracked 
|  31|0x0000000781f00000, 0x0000000782000000, 0x0000000782000000|100%| O|  |TAMS 0x0000000782000000, 0x0000000781f00000| Untracked 
|  32|0x0000000782000000, 0x0000000782100000, 0x0000000782100000|100%| O|  |TAMS 0x0000000782100000, 0x0000000782000000| Untracked 
|  33|0x0000000782100000, 0x0000000782200000, 0x0000000782200000|100%| O|  |TAMS 0x0000000782200000, 0x0000000782100000| Untracked 
|  34|0x0000000782200000, 0x0000000782300000, 0x0000000782300000|100%| O|  |TAMS 0x0000000782300000, 0x0000000782200000| Untracked 
|  35|0x0000000782300000, 0x0000000782400000, 0x0000000782400000|100%| O|  |TAMS 0x0000000782400000, 0x0000000782300000| Untracked 
|  36|0x0000000782400000, 0x0000000782500000, 0x0000000782500000|100%| O|  |TAMS 0x0000000782500000, 0x0000000782400000| Untracked 
|  37|0x0000000782500000, 0x0000000782600000, 0x0000000782600000|100%| O|  |TAMS 0x0000000782600000, 0x0000000782500000| Untracked 
|  38|0x0000000782600000, 0x0000000782700000, 0x0000000782700000|100%| O|  |TAMS 0x0000000782700000, 0x0000000782600000| Untracked 
|  39|0x0000000782700000, 0x0000000782800000, 0x0000000782800000|100%| O|  |TAMS 0x0000000782800000, 0x0000000782700000| Untracked 
|  40|0x0000000782800000, 0x0000000782900000, 0x0000000782900000|100%| O|  |TAMS 0x0000000782900000, 0x0000000782800000| Untracked 
|  41|0x0000000782900000, 0x0000000782a00000, 0x0000000782a00000|100%| O|  |TAMS 0x0000000782a00000, 0x0000000782900000| Untracked 
|  42|0x0000000782a00000, 0x0000000782b00000, 0x0000000782b00000|100%| O|  |TAMS 0x0000000782b00000, 0x0000000782a00000| Untracked 
|  43|0x0000000782b00000, 0x0000000782c00000, 0x0000000782c00000|100%|HS|  |TAMS 0x0000000782c00000, 0x0000000782b00000| Complete 
|  44|0x0000000782c00000, 0x0000000782d00000, 0x0000000782d00000|100%| O|  |TAMS 0x0000000782d00000, 0x0000000782c00000| Untracked 
|  45|0x0000000782d00000, 0x0000000782e00000, 0x0000000782e00000|100%| O|  |TAMS 0x0000000782e00000, 0x0000000782d00000| Untracked 
|  46|0x0000000782e00000, 0x0000000782f00000, 0x0000000782f00000|100%| O|  |TAMS 0x0000000782f00000, 0x0000000782e00000| Untracked 
|  47|0x0000000782f00000, 0x0000000783000000, 0x0000000783000000|100%| O|  |TAMS 0x0000000783000000, 0x0000000782f00000| Untracked 
|  48|0x0000000783000000, 0x0000000783100000, 0x0000000783100000|100%| O|  |TAMS 0x0000000783100000, 0x0000000783000000| Untracked 
|  49|0x0000000783100000, 0x0000000783200000, 0x0000000783200000|100%| O|  |TAMS 0x0000000783200000, 0x0000000783100000| Untracked 
|  50|0x0000000783200000, 0x0000000783300000, 0x0000000783300000|100%| O|  |TAMS 0x0000000783300000, 0x0000000783200000| Untracked 
|  51|0x0000000783300000, 0x0000000783400000, 0x0000000783400000|100%| O|  |TAMS 0x0000000783400000, 0x0000000783300000| Untracked 
|  52|0x0000000783400000, 0x0000000783500000, 0x0000000783500000|100%| O|  |TAMS 0x0000000783500000, 0x0000000783400000| Untracked 
|  53|0x0000000783500000, 0x0000000783600000, 0x0000000783600000|100%| O|  |TAMS 0x0000000783600000, 0x0000000783500000| Untracked 
|  54|0x0000000783600000, 0x0000000783700000, 0x0000000783700000|100%| O|  |TAMS 0x0000000783700000, 0x0000000783600000| Untracked 
|  55|0x0000000783700000, 0x0000000783800000, 0x0000000783800000|100%| O|  |TAMS 0x0000000783700000, 0x0000000783700000| Untracked 
|  56|0x0000000783800000, 0x0000000783900000, 0x0000000783900000|100%| O|  |TAMS 0x0000000783900000, 0x0000000783800000| Untracked 
|  57|0x0000000783900000, 0x0000000783a00000, 0x0000000783a00000|100%| O|  |TAMS 0x0000000783a00000, 0x0000000783900000| Untracked 
|  58|0x0000000783a00000, 0x0000000783b00000, 0x0000000783b00000|100%| O|  |TAMS 0x0000000783b00000, 0x0000000783a00000| Untracked 
|  59|0x0000000783b00000, 0x0000000783c00000, 0x0000000783c00000|100%| O|  |TAMS 0x0000000783c00000, 0x0000000783b00000| Untracked 
|  60|0x0000000783c00000, 0x0000000783d00000, 0x0000000783d00000|100%| O|  |TAMS 0x0000000783d00000, 0x0000000783c00000| Untracked 
|  61|0x0000000783d00000, 0x0000000783e00000, 0x0000000783e00000|100%| O|  |TAMS 0x0000000783e00000, 0x0000000783d00000| Untracked 
|  62|0x0000000783e00000, 0x0000000783f00000, 0x0000000783f00000|100%| O|  |TAMS 0x0000000783f00000, 0x0000000783e00000| Untracked 
|  63|0x0000000783f00000, 0x0000000784000000, 0x0000000784000000|100%| O|  |TAMS 0x0000000784000000, 0x0000000783f00000| Untracked 
|  64|0x0000000784000000, 0x0000000784100000, 0x0000000784100000|100%| O|  |TAMS 0x0000000784100000, 0x0000000784000000| Untracked 
|  65|0x0000000784100000, 0x0000000784200000, 0x0000000784200000|100%| O|  |TAMS 0x0000000784200000, 0x0000000784100000| Untracked 
|  66|0x0000000784200000, 0x0000000784300000, 0x0000000784300000|100%| O|  |TAMS 0x0000000784300000, 0x0000000784200000| Untracked 
|  67|0x0000000784300000, 0x0000000784400000, 0x0000000784400000|100%| O|  |TAMS 0x0000000784400000, 0x0000000784300000| Untracked 
|  68|0x0000000784400000, 0x0000000784500000, 0x0000000784500000|100%| O|  |TAMS 0x0000000784500000, 0x0000000784400000| Untracked 
|  69|0x0000000784500000, 0x0000000784600000, 0x0000000784600000|100%| O|  |TAMS 0x0000000784500000, 0x0000000784500000| Untracked 
|  70|0x0000000784600000, 0x0000000784700000, 0x0000000784700000|100%| O|  |TAMS 0x0000000784600000, 0x0000000784600000| Untracked 
|  71|0x0000000784700000, 0x0000000784800000, 0x0000000784800000|100%| O|  |TAMS 0x0000000784800000, 0x0000000784700000| Untracked 
|  72|0x0000000784800000, 0x0000000784900000, 0x0000000784900000|100%| O|  |TAMS 0x0000000784900000, 0x0000000784800000| Untracked 
|  73|0x0000000784900000, 0x0000000784a00000, 0x0000000784a00000|100%| O|  |TAMS 0x0000000784a00000, 0x0000000784900000| Untracked 
|  74|0x0000000784a00000, 0x0000000784b00000, 0x0000000784b00000|100%| O|  |TAMS 0x0000000784b00000, 0x0000000784a00000| Untracked 
|  75|0x0000000784b00000, 0x0000000784c00000, 0x0000000784c00000|100%| O|  |TAMS 0x0000000784c00000, 0x0000000784b00000| Untracked 
|  76|0x0000000784c00000, 0x0000000784d00000, 0x0000000784d00000|100%| O|  |TAMS 0x0000000784d00000, 0x0000000784c00000| Untracked 
|  77|0x0000000784d00000, 0x0000000784e00000, 0x0000000784e00000|100%| O|  |TAMS 0x0000000784e00000, 0x0000000784d00000| Untracked 
|  78|0x0000000784e00000, 0x0000000784f00000, 0x0000000784f00000|100%| O|  |TAMS 0x0000000784f00000, 0x0000000784e00000| Untracked 
|  79|0x0000000784f00000, 0x0000000785000000, 0x0000000785000000|100%|HS|  |TAMS 0x0000000784f00000, 0x0000000784f00000| Complete 
|  80|0x0000000785000000, 0x0000000785100000, 0x0000000785100000|100%|HS|  |TAMS 0x0000000785000000, 0x0000000785000000| Complete 
|  81|0x0000000785100000, 0x0000000785200000, 0x0000000785200000|100%| O|  |TAMS 0x0000000785100000, 0x0000000785100000| Untracked 
|  82|0x0000000785200000, 0x0000000785300000, 0x0000000785300000|100%| O|  |TAMS 0x0000000785300000, 0x0000000785200000| Untracked 
|  83|0x0000000785300000, 0x0000000785400000, 0x0000000785400000|100%| O|  |TAMS 0x0000000785400000, 0x0000000785300000| Untracked 
|  84|0x0000000785400000, 0x0000000785500000, 0x0000000785500000|100%| O|  |TAMS 0x0000000785500000, 0x0000000785400000| Untracked 
|  85|0x0000000785500000, 0x0000000785600000, 0x0000000785600000|100%| O|  |TAMS 0x0000000785600000, 0x0000000785500000| Untracked 
|  86|0x0000000785600000, 0x0000000785700000, 0x0000000785700000|100%| O|  |TAMS 0x0000000785700000, 0x0000000785600000| Untracked 
|  87|0x0000000785700000, 0x0000000785800000, 0x0000000785800000|100%| O|  |TAMS 0x0000000785800000, 0x0000000785700000| Untracked 
|  88|0x0000000785800000, 0x0000000785900000, 0x0000000785900000|100%| O|  |TAMS 0x0000000785900000, 0x0000000785800000| Untracked 
|  89|0x0000000785900000, 0x0000000785a00000, 0x0000000785a00000|100%| O|  |TAMS 0x0000000785a00000, 0x0000000785900000| Untracked 
|  90|0x0000000785a00000, 0x0000000785b00000, 0x0000000785b00000|100%| O|  |TAMS 0x0000000785b00000, 0x0000000785a00000| Untracked 
|  91|0x0000000785b00000, 0x0000000785c00000, 0x0000000785c00000|100%| O|  |TAMS 0x0000000785c00000, 0x0000000785b00000| Untracked 
|  92|0x0000000785c00000, 0x0000000785d00000, 0x0000000785d00000|100%| O|  |TAMS 0x0000000785d00000, 0x0000000785c00000| Untracked 
|  93|0x0000000785d00000, 0x0000000785e00000, 0x0000000785e00000|100%| O|  |TAMS 0x0000000785e00000, 0x0000000785d00000| Untracked 
|  94|0x0000000785e00000, 0x0000000785f00000, 0x0000000785f00000|100%| O|  |TAMS 0x0000000785f00000, 0x0000000785e00000| Untracked 
|  95|0x0000000785f00000, 0x0000000786000000, 0x0000000786000000|100%| O|  |TAMS 0x0000000786000000, 0x0000000785f00000| Untracked 
|  96|0x0000000786000000, 0x0000000786100000, 0x0000000786100000|100%| O|  |TAMS 0x0000000786100000, 0x0000000786000000| Untracked 
|  97|0x0000000786100000, 0x0000000786200000, 0x0000000786200000|100%| O|  |TAMS 0x0000000786200000, 0x0000000786100000| Untracked 
|  98|0x0000000786200000, 0x0000000786300000, 0x0000000786300000|100%| O|  |TAMS 0x0000000786300000, 0x0000000786200000| Untracked 
|  99|0x0000000786300000, 0x0000000786400000, 0x0000000786400000|100%|HS|  |TAMS 0x0000000786300000, 0x0000000786300000| Complete 
| 100|0x0000000786400000, 0x0000000786500000, 0x0000000786500000|100%| O|  |TAMS 0x0000000786500000, 0x0000000786400000| Untracked 
| 101|0x0000000786500000, 0x0000000786600000, 0x0000000786600000|100%| O|  |TAMS 0x0000000786600000, 0x0000000786500000| Untracked 
| 102|0x0000000786600000, 0x0000000786700000, 0x0000000786700000|100%| O|  |TAMS 0x0000000786700000, 0x0000000786600000| Untracked 
| 103|0x0000000786700000, 0x0000000786800000, 0x0000000786800000|100%| O|  |TAMS 0x0000000786800000, 0x0000000786700000| Untracked 
| 104|0x0000000786800000, 0x0000000786900000, 0x0000000786900000|100%| O|  |TAMS 0x0000000786900000, 0x0000000786800000| Untracked 
| 105|0x0000000786900000, 0x0000000786a00000, 0x0000000786a00000|100%| O|  |TAMS 0x0000000786a00000, 0x0000000786900000| Untracked 
| 106|0x0000000786a00000, 0x0000000786b00000, 0x0000000786b00000|100%| O|  |TAMS 0x0000000786b00000, 0x0000000786a00000| Untracked 
| 107|0x0000000786b00000, 0x0000000786c00000, 0x0000000786c00000|100%| O|  |TAMS 0x0000000786c00000, 0x0000000786b00000| Untracked 
| 108|0x0000000786c00000, 0x0000000786d00000, 0x0000000786d00000|100%| O|  |TAMS 0x0000000786d00000, 0x0000000786c00000| Untracked 
| 109|0x0000000786d00000, 0x0000000786e00000, 0x0000000786e00000|100%| O|  |TAMS 0x0000000786e00000, 0x0000000786d00000| Untracked 
| 110|0x0000000786e00000, 0x0000000786f00000, 0x0000000786f00000|100%|HS|  |TAMS 0x0000000786e00000, 0x0000000786e00000| Complete 
| 111|0x0000000786f00000, 0x0000000787000000, 0x0000000787000000|100%| O|  |TAMS 0x0000000787000000, 0x0000000786f00000| Untracked 
| 112|0x0000000787000000, 0x0000000787100000, 0x0000000787100000|100%| O|  |TAMS 0x0000000787100000, 0x0000000787000000| Untracked 
| 113|0x0000000787100000, 0x0000000787200000, 0x0000000787200000|100%| O|  |TAMS 0x0000000787200000, 0x0000000787100000| Untracked 
| 114|0x0000000787200000, 0x0000000787300000, 0x0000000787300000|100%| O|  |TAMS 0x0000000787300000, 0x0000000787200000| Untracked 
| 115|0x0000000787300000, 0x0000000787400000, 0x0000000787400000|100%| O|  |TAMS 0x0000000787400000, 0x0000000787300000| Untracked 
| 116|0x0000000787400000, 0x0000000787500000, 0x0000000787500000|100%| O|  |TAMS 0x0000000787500000, 0x0000000787400000| Untracked 
| 117|0x0000000787500000, 0x0000000787600000, 0x0000000787600000|100%| O|  |TAMS 0x0000000787600000, 0x0000000787500000| Untracked 
| 118|0x0000000787600000, 0x0000000787700000, 0x0000000787700000|100%| O|  |TAMS 0x0000000787700000, 0x0000000787600000| Untracked 
| 119|0x0000000787700000, 0x0000000787800000, 0x0000000787800000|100%| O|  |TAMS 0x0000000787800000, 0x0000000787700000| Untracked 
| 120|0x0000000787800000, 0x0000000787900000, 0x0000000787900000|100%| O|  |TAMS 0x0000000787900000, 0x0000000787800000| Untracked 
| 121|0x0000000787900000, 0x0000000787a00000, 0x0000000787a00000|100%| O|  |TAMS 0x0000000787a00000, 0x0000000787900000| Untracked 
| 122|0x0000000787a00000, 0x0000000787b00000, 0x0000000787b00000|100%| O|  |TAMS 0x0000000787b00000, 0x0000000787a00000| Untracked 
| 123|0x0000000787b00000, 0x0000000787c00000, 0x0000000787c00000|100%| O|  |TAMS 0x0000000787c00000, 0x0000000787b00000| Untracked 
| 124|0x0000000787c00000, 0x0000000787d00000, 0x0000000787d00000|100%| O|  |TAMS 0x0000000787d00000, 0x0000000787c00000| Untracked 
| 125|0x0000000787d00000, 0x0000000787e00000, 0x0000000787e00000|100%|HS|  |TAMS 0x0000000787e00000, 0x0000000787d00000| Complete 
| 126|0x0000000787e00000, 0x0000000787f00000, 0x0000000787f00000|100%|HC|  |TAMS 0x0000000787f00000, 0x0000000787e00000| Complete 
| 127|0x0000000787f00000, 0x0000000788000000, 0x0000000788000000|100%| O|  |TAMS 0x0000000788000000, 0x0000000787f00000| Untracked 
| 128|0x0000000788000000, 0x0000000788100000, 0x0000000788100000|100%| O|  |TAMS 0x0000000788100000, 0x0000000788000000| Untracked 
| 129|0x0000000788100000, 0x0000000788200000, 0x0000000788200000|100%| O|  |TAMS 0x0000000788200000, 0x0000000788100000| Untracked 
| 130|0x0000000788200000, 0x0000000788300000, 0x0000000788300000|100%| O|  |TAMS 0x0000000788300000, 0x0000000788200000| Untracked 
| 131|0x0000000788300000, 0x0000000788400000, 0x0000000788400000|100%| O|  |TAMS 0x0000000788400000, 0x0000000788300000| Untracked 
| 132|0x0000000788400000, 0x0000000788500000, 0x0000000788500000|100%| O|  |TAMS 0x0000000788500000, 0x0000000788400000| Untracked 
| 133|0x0000000788500000, 0x0000000788600000, 0x0000000788600000|100%| O|  |TAMS 0x0000000788600000, 0x0000000788500000| Untracked 
| 134|0x0000000788600000, 0x0000000788700000, 0x0000000788700000|100%| O|  |TAMS 0x0000000788700000, 0x0000000788600000| Untracked 
| 135|0x0000000788700000, 0x0000000788800000, 0x0000000788800000|100%| O|  |TAMS 0x0000000788800000, 0x0000000788700000| Untracked 
| 136|0x0000000788800000, 0x0000000788900000, 0x0000000788900000|100%| O|  |TAMS 0x0000000788900000, 0x0000000788800000| Untracked 
| 137|0x0000000788900000, 0x0000000788a00000, 0x0000000788a00000|100%| O|  |TAMS 0x0000000788a00000, 0x0000000788900000| Untracked 
| 138|0x0000000788a00000, 0x0000000788b00000, 0x0000000788b00000|100%| O|  |TAMS 0x0000000788b00000, 0x0000000788a00000| Untracked 
| 139|0x0000000788b00000, 0x0000000788c00000, 0x0000000788c00000|100%| O|  |TAMS 0x0000000788c00000, 0x0000000788b00000| Untracked 
| 140|0x0000000788c00000, 0x0000000788d00000, 0x0000000788d00000|100%| O|  |TAMS 0x0000000788d00000, 0x0000000788c00000| Untracked 
| 141|0x0000000788d00000, 0x0000000788e00000, 0x0000000788e00000|100%| O|  |TAMS 0x0000000788e00000, 0x0000000788d00000| Untracked 
| 142|0x0000000788e00000, 0x0000000788f00000, 0x0000000788f00000|100%| O|  |TAMS 0x0000000788f00000, 0x0000000788e00000| Untracked 
| 143|0x0000000788f00000, 0x0000000789000000, 0x0000000789000000|100%| O|  |TAMS 0x0000000789000000, 0x0000000788f00000| Untracked 
| 144|0x0000000789000000, 0x0000000789100000, 0x0000000789100000|100%| O|  |TAMS 0x0000000789100000, 0x0000000789000000| Untracked 
| 145|0x0000000789100000, 0x0000000789200000, 0x0000000789200000|100%| O|  |TAMS 0x0000000789200000, 0x0000000789100000| Untracked 
| 146|0x0000000789200000, 0x0000000789300000, 0x0000000789300000|100%| O|  |TAMS 0x0000000789300000, 0x0000000789200000| Untracked 
| 147|0x0000000789300000, 0x0000000789400000, 0x0000000789400000|100%| O|  |TAMS 0x0000000789400000, 0x0000000789300000| Untracked 
| 148|0x0000000789400000, 0x0000000789500000, 0x0000000789500000|100%| O|  |TAMS 0x0000000789500000, 0x0000000789400000| Untracked 
| 149|0x0000000789500000, 0x0000000789600000, 0x0000000789600000|100%| O|  |TAMS 0x0000000789600000, 0x0000000789500000| Untracked 
| 150|0x0000000789600000, 0x0000000789700000, 0x0000000789700000|100%| O|  |TAMS 0x0000000789700000, 0x0000000789600000| Untracked 
| 151|0x0000000789700000, 0x0000000789800000, 0x0000000789800000|100%| O|  |TAMS 0x0000000789800000, 0x0000000789700000| Untracked 
| 152|0x0000000789800000, 0x0000000789900000, 0x0000000789900000|100%| O|  |TAMS 0x0000000789900000, 0x0000000789800000| Untracked 
| 153|0x0000000789900000, 0x0000000789a00000, 0x0000000789a00000|100%| O|  |TAMS 0x0000000789a00000, 0x0000000789900000| Untracked 
| 154|0x0000000789a00000, 0x0000000789b00000, 0x0000000789b00000|100%|HS|  |TAMS 0x0000000789a00000, 0x0000000789a00000| Complete 
| 155|0x0000000789b00000, 0x0000000789c00000, 0x0000000789c00000|100%| O|  |TAMS 0x0000000789b00000, 0x0000000789b00000| Untracked 
| 156|0x0000000789c00000, 0x0000000789d00000, 0x0000000789d00000|100%| O|  |TAMS 0x0000000789d00000, 0x0000000789c00000| Untracked 
| 157|0x0000000789d00000, 0x0000000789e00000, 0x0000000789e00000|100%| O|  |TAMS 0x0000000789d00000, 0x0000000789d00000| Untracked 
| 158|0x0000000789e00000, 0x0000000789f00000, 0x0000000789f00000|100%| O|  |TAMS 0x0000000789f00000, 0x0000000789e00000| Untracked 
| 159|0x0000000789f00000, 0x000000078a000000, 0x000000078a000000|100%|HS|  |TAMS 0x000000078a000000, 0x0000000789f00000| Complete 
| 160|0x000000078a000000, 0x000000078a100000, 0x000000078a100000|100%|HC|  |TAMS 0x000000078a100000, 0x000000078a000000| Complete 
| 161|0x000000078a100000, 0x000000078a200000, 0x000000078a200000|100%|HS|  |TAMS 0x000000078a200000, 0x000000078a100000| Complete 
| 162|0x000000078a200000, 0x000000078a300000, 0x000000078a300000|100%|HC|  |TAMS 0x000000078a300000, 0x000000078a200000| Complete 
| 163|0x000000078a300000, 0x000000078a400000, 0x000000078a400000|100%|HC|  |TAMS 0x000000078a400000, 0x000000078a300000| Complete 
| 164|0x000000078a400000, 0x000000078a500000, 0x000000078a500000|100%| O|  |TAMS 0x000000078a500000, 0x000000078a400000| Untracked 
| 165|0x000000078a500000, 0x000000078a600000, 0x000000078a600000|100%| O|  |TAMS 0x000000078a600000, 0x000000078a500000| Untracked 
| 166|0x000000078a600000, 0x000000078a700000, 0x000000078a700000|100%| O|  |TAMS 0x000000078a700000, 0x000000078a600000| Untracked 
| 167|0x000000078a700000, 0x000000078a800000, 0x000000078a800000|100%| O|  |TAMS 0x000000078a700000, 0x000000078a700000| Untracked 
| 168|0x000000078a800000, 0x000000078a900000, 0x000000078a900000|100%| O|  |TAMS 0x000000078a900000, 0x000000078a800000| Untracked 
| 169|0x000000078a900000, 0x000000078aa00000, 0x000000078aa00000|100%| O|  |TAMS 0x000000078aa00000, 0x000000078a900000| Untracked 
| 170|0x000000078aa00000, 0x000000078ab00000, 0x000000078ab00000|100%| O|  |TAMS 0x000000078ab00000, 0x000000078aa00000| Untracked 
| 171|0x000000078ab00000, 0x000000078ac00000, 0x000000078ac00000|100%|HS|  |TAMS 0x000000078ac00000, 0x000000078ab00000| Complete 
| 172|0x000000078ac00000, 0x000000078ad00000, 0x000000078ad00000|100%|HC|  |TAMS 0x000000078ad00000, 0x000000078ac00000| Complete 
| 173|0x000000078ad00000, 0x000000078ae00000, 0x000000078ae00000|100%|HC|  |TAMS 0x000000078ae00000, 0x000000078ad00000| Complete 
| 174|0x000000078ae00000, 0x000000078af00000, 0x000000078af00000|100%| O|  |TAMS 0x000000078af00000, 0x000000078ae00000| Untracked 
| 175|0x000000078af00000, 0x000000078b000000, 0x000000078b000000|100%| O|  |TAMS 0x000000078b000000, 0x000000078af00000| Untracked 
| 176|0x000000078b000000, 0x000000078b100000, 0x000000078b100000|100%| O|  |TAMS 0x000000078b000000, 0x000000078b000000| Untracked 
| 177|0x000000078b100000, 0x000000078b200000, 0x000000078b200000|100%|HS|  |TAMS 0x000000078b100000, 0x000000078b100000| Complete 
| 178|0x000000078b200000, 0x000000078b300000, 0x000000078b300000|100%| O|  |TAMS 0x000000078b200000, 0x000000078b200000| Untracked 
| 179|0x000000078b300000, 0x000000078b400000, 0x000000078b400000|100%| O|  |TAMS 0x000000078b400000, 0x000000078b300000| Untracked 
| 180|0x000000078b400000, 0x000000078b500000, 0x000000078b500000|100%|HS|  |TAMS 0x000000078b400000, 0x000000078b400000| Complete 
| 181|0x000000078b500000, 0x000000078b600000, 0x000000078b600000|100%| O|  |TAMS 0x000000078b600000, 0x000000078b500000| Untracked 
| 182|0x000000078b600000, 0x000000078b700000, 0x000000078b700000|100%| O|  |TAMS 0x000000078b700000, 0x000000078b600000| Untracked 
| 183|0x000000078b700000, 0x000000078b800000, 0x000000078b800000|100%| O|  |TAMS 0x000000078b800000, 0x000000078b700000| Untracked 
| 184|0x000000078b800000, 0x000000078b900000, 0x000000078b900000|100%| O|  |TAMS 0x000000078b900000, 0x000000078b800000| Untracked 
| 185|0x000000078b900000, 0x000000078ba00000, 0x000000078ba00000|100%| O|  |TAMS 0x000000078ba00000, 0x000000078b900000| Untracked 
| 186|0x000000078ba00000, 0x000000078bb00000, 0x000000078bb00000|100%| O|  |TAMS 0x000000078bb00000, 0x000000078ba00000| Untracked 
| 187|0x000000078bb00000, 0x000000078bc00000, 0x000000078bc00000|100%| O|  |TAMS 0x000000078bc00000, 0x000000078bb00000| Untracked 
| 188|0x000000078bc00000, 0x000000078bd00000, 0x000000078bd00000|100%| O|  |TAMS 0x000000078bd00000, 0x000000078bc00000| Untracked 
| 189|0x000000078bd00000, 0x000000078be00000, 0x000000078be00000|100%| O|  |TAMS 0x000000078be00000, 0x000000078bd00000| Untracked 
| 190|0x000000078be00000, 0x000000078bf00000, 0x000000078bf00000|100%| O|  |TAMS 0x000000078bf00000, 0x000000078be00000| Untracked 
| 191|0x000000078bf00000, 0x000000078c000000, 0x000000078c000000|100%| O|  |TAMS 0x000000078c000000, 0x000000078bf00000| Untracked 
| 192|0x000000078c000000, 0x000000078c100000, 0x000000078c100000|100%| O|  |TAMS 0x000000078c100000, 0x000000078c000000| Untracked 
| 193|0x000000078c100000, 0x000000078c200000, 0x000000078c200000|100%|HS|  |TAMS 0x000000078c100000, 0x000000078c100000| Complete 
| 194|0x000000078c200000, 0x000000078c300000, 0x000000078c300000|100%| O|  |TAMS 0x000000078c300000, 0x000000078c200000| Untracked 
| 195|0x000000078c300000, 0x000000078c400000, 0x000000078c400000|100%| O|  |TAMS 0x000000078c300000, 0x000000078c300000| Untracked 
| 196|0x000000078c400000, 0x000000078c500000, 0x000000078c500000|100%| O|  |TAMS 0x000000078c500000, 0x000000078c400000| Untracked 
| 197|0x000000078c500000, 0x000000078c600000, 0x000000078c600000|100%| O|  |TAMS 0x000000078c500000, 0x000000078c500000| Untracked 
| 198|0x000000078c600000, 0x000000078c700000, 0x000000078c700000|100%| O|  |TAMS 0x000000078c700000, 0x000000078c600000| Untracked 
| 199|0x000000078c700000, 0x000000078c800000, 0x000000078c800000|100%|HS|  |TAMS 0x000000078c700000, 0x000000078c700000| Complete 
| 200|0x000000078c800000, 0x000000078c900000, 0x000000078c900000|100%| O|  |TAMS 0x000000078c900000, 0x000000078c800000| Untracked 
| 201|0x000000078c900000, 0x000000078ca00000, 0x000000078ca00000|100%| O|  |TAMS 0x000000078ca00000, 0x000000078c900000| Untracked 
| 202|0x000000078ca00000, 0x000000078cb00000, 0x000000078cb00000|100%| O|  |TAMS 0x000000078cb00000, 0x000000078ca00000| Untracked 
| 203|0x000000078cb00000, 0x000000078cc00000, 0x000000078cc00000|100%| O|  |TAMS 0x000000078cc00000, 0x000000078cb00000| Untracked 
| 204|0x000000078cc00000, 0x000000078cd00000, 0x000000078cd00000|100%| O|  |TAMS 0x000000078cd00000, 0x000000078cc00000| Untracked 
| 205|0x000000078cd00000, 0x000000078ce00000, 0x000000078ce00000|100%| O|  |TAMS 0x000000078cd00000, 0x000000078cd00000| Untracked 
| 206|0x000000078ce00000, 0x000000078cf00000, 0x000000078cf00000|100%| O|  |TAMS 0x000000078ce00000, 0x000000078ce00000| Untracked 
| 207|0x000000078cf00000, 0x000000078d000000, 0x000000078d000000|100%| O|  |TAMS 0x000000078d000000, 0x000000078cf00000| Untracked 
| 208|0x000000078d000000, 0x000000078d100000, 0x000000078d100000|100%| O|  |TAMS 0x000000078d100000, 0x000000078d000000| Untracked 
| 209|0x000000078d100000, 0x000000078d200000, 0x000000078d200000|100%| O|  |TAMS 0x000000078d200000, 0x000000078d100000| Untracked 
| 210|0x000000078d200000, 0x000000078d300000, 0x000000078d300000|100%| O|  |TAMS 0x000000078d300000, 0x000000078d200000| Untracked 
| 211|0x000000078d300000, 0x000000078d400000, 0x000000078d400000|100%| O|  |TAMS 0x000000078d400000, 0x000000078d300000| Untracked 
| 212|0x000000078d400000, 0x000000078d500000, 0x000000078d500000|100%| O|  |TAMS 0x000000078d500000, 0x000000078d400000| Untracked 
| 213|0x000000078d500000, 0x000000078d600000, 0x000000078d600000|100%| O|  |TAMS 0x000000078d600000, 0x000000078d500000| Untracked 
| 214|0x000000078d600000, 0x000000078d700000, 0x000000078d700000|100%| O|  |TAMS 0x000000078d700000, 0x000000078d600000| Untracked 
| 215|0x000000078d700000, 0x000000078d800000, 0x000000078d800000|100%| O|  |TAMS 0x000000078d800000, 0x000000078d700000| Untracked 
| 216|0x000000078d800000, 0x000000078d900000, 0x000000078d900000|100%|HS|  |TAMS 0x000000078d800000, 0x000000078d800000| Complete 
| 217|0x000000078d900000, 0x000000078da00000, 0x000000078da00000|100%| O|  |TAMS 0x000000078da00000, 0x000000078d900000| Untracked 
| 218|0x000000078da00000, 0x000000078db00000, 0x000000078db00000|100%| O|  |TAMS 0x000000078da00000, 0x000000078da00000| Untracked 
| 219|0x000000078db00000, 0x000000078dc00000, 0x000000078dc00000|100%| O|  |TAMS 0x000000078dc00000, 0x000000078db00000| Untracked 
| 220|0x000000078dc00000, 0x000000078dd00000, 0x000000078dd00000|100%| O|  |TAMS 0x000000078dc00000, 0x000000078dc00000| Untracked 
| 221|0x000000078dd00000, 0x000000078de00000, 0x000000078de00000|100%| O|  |TAMS 0x000000078dd00000, 0x000000078dd00000| Untracked 
| 222|0x000000078de00000, 0x000000078df00000, 0x000000078df00000|100%| O|  |TAMS 0x000000078df00000, 0x000000078de00000| Untracked 
| 223|0x000000078df00000, 0x000000078e000000, 0x000000078e000000|100%| O|  |TAMS 0x000000078e000000, 0x000000078df00000| Untracked 
| 224|0x000000078e000000, 0x000000078e100000, 0x000000078e100000|100%| O|  |TAMS 0x000000078e000000, 0x000000078e000000| Untracked 
| 225|0x000000078e100000, 0x000000078e200000, 0x000000078e200000|100%| O|  |TAMS 0x000000078e100000, 0x000000078e100000| Untracked 
| 226|0x000000078e200000, 0x000000078e300000, 0x000000078e300000|100%| O|  |TAMS 0x000000078e200000, 0x000000078e200000| Untracked 
| 227|0x000000078e300000, 0x000000078e400000, 0x000000078e400000|100%| O|  |TAMS 0x000000078e400000, 0x000000078e300000| Untracked 
| 228|0x000000078e400000, 0x000000078e500000, 0x000000078e500000|100%| O|  |TAMS 0x000000078e500000, 0x000000078e400000| Untracked 
| 229|0x000000078e500000, 0x000000078e600000, 0x000000078e600000|100%| O|  |TAMS 0x000000078e600000, 0x000000078e500000| Untracked 
| 230|0x000000078e600000, 0x000000078e700000, 0x000000078e700000|100%| O|  |TAMS 0x000000078e600000, 0x000000078e600000| Untracked 
| 231|0x000000078e700000, 0x000000078e800000, 0x000000078e800000|100%| O|  |TAMS 0x000000078e700000, 0x000000078e700000| Untracked 
| 232|0x000000078e800000, 0x000000078e900000, 0x000000078e900000|100%| O|  |TAMS 0x000000078e800000, 0x000000078e800000| Untracked 
| 233|0x000000078e900000, 0x000000078ea00000, 0x000000078ea00000|100%| O|  |TAMS 0x000000078e900000, 0x000000078e900000| Untracked 
| 234|0x000000078ea00000, 0x000000078eb00000, 0x000000078eb00000|100%| O|  |TAMS 0x000000078eb00000, 0x000000078ea00000| Untracked 
| 235|0x000000078eb00000, 0x000000078ec00000, 0x000000078ec00000|100%| O|  |TAMS 0x000000078ec00000, 0x000000078eb00000| Untracked 
| 236|0x000000078ec00000, 0x000000078ed00000, 0x000000078ed00000|100%| O|  |TAMS 0x000000078ec00000, 0x000000078ec00000| Untracked 
| 237|0x000000078ed00000, 0x000000078ee00000, 0x000000078ee00000|100%| O|  |TAMS 0x000000078ee00000, 0x000000078ed00000| Untracked 
| 238|0x000000078ee00000, 0x000000078ef00000, 0x000000078ef00000|100%| O|  |TAMS 0x000000078ee00000, 0x000000078ee00000| Untracked 
| 239|0x000000078ef00000, 0x000000078f000000, 0x000000078f000000|100%| O|  |TAMS 0x000000078f000000, 0x000000078ef00000| Untracked 
| 240|0x000000078f000000, 0x000000078f100000, 0x000000078f100000|100%| O|  |TAMS 0x000000078f100000, 0x000000078f000000| Untracked 
| 241|0x000000078f100000, 0x000000078f200000, 0x000000078f200000|100%| O|  |TAMS 0x000000078f100000, 0x000000078f100000| Untracked 
| 242|0x000000078f200000, 0x000000078f300000, 0x000000078f300000|100%| O|  |TAMS 0x000000078f300000, 0x000000078f200000| Untracked 
| 243|0x000000078f300000, 0x000000078f400000, 0x000000078f400000|100%| O|  |TAMS 0x000000078f400000, 0x000000078f300000| Untracked 
| 244|0x000000078f400000, 0x000000078f500000, 0x000000078f500000|100%| O|  |TAMS 0x000000078f500000, 0x000000078f400000| Untracked 
| 245|0x000000078f500000, 0x000000078f600000, 0x000000078f600000|100%| O|  |TAMS 0x000000078f600000, 0x000000078f500000| Untracked 
| 246|0x000000078f600000, 0x000000078f700000, 0x000000078f700000|100%| O|  |TAMS 0x000000078f600000, 0x000000078f600000| Untracked 
| 247|0x000000078f700000, 0x000000078f800000, 0x000000078f800000|100%|HS|  |TAMS 0x000000078f700000, 0x000000078f700000| Complete 
| 248|0x000000078f800000, 0x000000078f900000, 0x000000078f900000|100%| O|  |TAMS 0x000000078f800000, 0x000000078f800000| Untracked 
| 249|0x000000078f900000, 0x000000078fa00000, 0x000000078fa00000|100%| O|  |TAMS 0x000000078f900000, 0x000000078f900000| Untracked 
| 250|0x000000078fa00000, 0x000000078fb00000, 0x000000078fb00000|100%| O|  |TAMS 0x000000078fa00000, 0x000000078fa00000| Untracked 
| 251|0x000000078fb00000, 0x000000078fc00000, 0x000000078fc00000|100%| O|  |TAMS 0x000000078fb00000, 0x000000078fb00000| Untracked 
| 252|0x000000078fc00000, 0x000000078fd00000, 0x000000078fd00000|100%| O|  |TAMS 0x000000078fc00000, 0x000000078fc00000| Untracked 
| 253|0x000000078fd00000, 0x000000078fe00000, 0x000000078fe00000|100%| O|  |TAMS 0x000000078fd00000, 0x000000078fd00000| Untracked 
| 254|0x000000078fe00000, 0x000000078ff00000, 0x000000078ff00000|100%| O|  |TAMS 0x000000078fe00000, 0x000000078fe00000| Untracked 
| 255|0x000000078ff00000, 0x0000000790000000, 0x0000000790000000|100%| O|  |TAMS 0x000000078ff00000, 0x000000078ff00000| Untracked 
| 256|0x0000000790000000, 0x0000000790100000, 0x0000000790100000|100%| O|  |TAMS 0x0000000790000000, 0x0000000790000000| Untracked 
| 257|0x0000000790100000, 0x0000000790200000, 0x0000000790200000|100%| O|  |TAMS 0x0000000790100000, 0x0000000790100000| Untracked 
| 258|0x0000000790200000, 0x0000000790300000, 0x0000000790300000|100%| O|  |TAMS 0x0000000790200000, 0x0000000790200000| Untracked 
| 259|0x0000000790300000, 0x0000000790400000, 0x0000000790400000|100%| O|  |TAMS 0x0000000790300000, 0x0000000790300000| Untracked 
| 260|0x0000000790400000, 0x0000000790500000, 0x0000000790500000|100%| O|  |TAMS 0x0000000790400000, 0x0000000790400000| Untracked 
| 261|0x0000000790500000, 0x0000000790600000, 0x0000000790600000|100%| O|  |TAMS 0x0000000790500000, 0x0000000790500000| Untracked 
| 262|0x0000000790600000, 0x0000000790700000, 0x0000000790700000|100%| O|  |TAMS 0x0000000790600000, 0x0000000790600000| Untracked 
| 263|0x0000000790700000, 0x0000000790800000, 0x0000000790800000|100%| O|  |TAMS 0x0000000790700000, 0x0000000790700000| Untracked 
| 264|0x0000000790800000, 0x0000000790900000, 0x0000000790900000|100%| O|  |TAMS 0x0000000790800000, 0x0000000790800000| Untracked 
| 265|0x0000000790900000, 0x0000000790a00000, 0x0000000790a00000|100%| O|  |TAMS 0x0000000790900000, 0x0000000790900000| Untracked 
| 266|0x0000000790a00000, 0x0000000790b00000, 0x0000000790b00000|100%| O|  |TAMS 0x0000000790a00000, 0x0000000790a00000| Untracked 
| 267|0x0000000790b00000, 0x0000000790c00000, 0x0000000790c00000|100%| O|  |TAMS 0x0000000790b00000, 0x0000000790b00000| Untracked 
| 268|0x0000000790c00000, 0x0000000790d00000, 0x0000000790d00000|100%| O|  |TAMS 0x0000000790c00000, 0x0000000790c00000| Untracked 
| 269|0x0000000790d00000, 0x0000000790e00000, 0x0000000790e00000|100%| O|  |TAMS 0x0000000790d00000, 0x0000000790d00000| Untracked 
| 270|0x0000000790e00000, 0x0000000790f00000, 0x0000000790f00000|100%| O|  |TAMS 0x0000000790e00000, 0x0000000790e00000| Untracked 
| 271|0x0000000790f00000, 0x0000000791000000, 0x0000000791000000|100%| O|  |TAMS 0x0000000790f00000, 0x0000000790f00000| Untracked 
| 272|0x0000000791000000, 0x0000000791100000, 0x0000000791100000|100%| O|  |TAMS 0x0000000791000000, 0x0000000791000000| Untracked 
| 273|0x0000000791100000, 0x0000000791200000, 0x0000000791200000|100%| O|  |TAMS 0x0000000791100000, 0x0000000791100000| Untracked 
| 274|0x0000000791200000, 0x0000000791300000, 0x0000000791300000|100%| O|  |TAMS 0x0000000791200000, 0x0000000791200000| Untracked 
| 275|0x0000000791300000, 0x0000000791400000, 0x0000000791400000|100%| O|  |TAMS 0x0000000791300000, 0x0000000791300000| Untracked 
| 276|0x0000000791400000, 0x0000000791500000, 0x0000000791500000|100%| O|  |TAMS 0x0000000791400000, 0x0000000791400000| Untracked 
| 277|0x0000000791500000, 0x0000000791600000, 0x0000000791600000|100%| O|  |TAMS 0x0000000791500000, 0x0000000791500000| Untracked 
| 278|0x0000000791600000, 0x0000000791700000, 0x0000000791700000|100%| O|  |TAMS 0x0000000791600000, 0x0000000791600000| Untracked 
| 279|0x0000000791700000, 0x0000000791800000, 0x0000000791800000|100%| O|  |TAMS 0x0000000791700000, 0x0000000791700000| Untracked 
| 280|0x0000000791800000, 0x0000000791900000, 0x0000000791900000|100%| O|  |TAMS 0x0000000791800000, 0x0000000791800000| Untracked 
| 281|0x0000000791900000, 0x0000000791a00000, 0x0000000791a00000|100%| O|  |TAMS 0x0000000791900000, 0x0000000791900000| Untracked 
| 282|0x0000000791a00000, 0x0000000791b00000, 0x0000000791b00000|100%| O|  |TAMS 0x0000000791a00000, 0x0000000791a00000| Untracked 
| 283|0x0000000791b00000, 0x0000000791c00000, 0x0000000791c00000|100%| O|  |TAMS 0x0000000791b00000, 0x0000000791b00000| Untracked 
| 284|0x0000000791c00000, 0x0000000791d00000, 0x0000000791d00000|100%| O|  |TAMS 0x0000000791c00000, 0x0000000791c00000| Untracked 
| 285|0x0000000791d00000, 0x0000000791e00000, 0x0000000791e00000|100%| O|  |TAMS 0x0000000791d00000, 0x0000000791d00000| Untracked 
| 286|0x0000000791e00000, 0x0000000791f00000, 0x0000000791f00000|100%| O|  |TAMS 0x0000000791e00000, 0x0000000791e00000| Untracked 
| 287|0x0000000791f00000, 0x0000000792000000, 0x0000000792000000|100%| O|  |TAMS 0x0000000791f00000, 0x0000000791f00000| Untracked 
| 288|0x0000000792000000, 0x0000000792100000, 0x0000000792100000|100%|HS|  |TAMS 0x0000000792000000, 0x0000000792000000| Complete 
| 289|0x0000000792100000, 0x0000000792200000, 0x0000000792200000|100%|HC|  |TAMS 0x0000000792100000, 0x0000000792100000| Complete 
| 290|0x0000000792200000, 0x0000000792300000, 0x0000000792300000|100%|HS|  |TAMS 0x0000000792200000, 0x0000000792200000| Complete 
| 291|0x0000000792300000, 0x0000000792400000, 0x0000000792400000|100%|HS|  |TAMS 0x0000000792300000, 0x0000000792300000| Complete 
| 292|0x0000000792400000, 0x0000000792500000, 0x0000000792500000|100%| O|  |TAMS 0x0000000792400000, 0x0000000792400000| Untracked 
| 293|0x0000000792500000, 0x0000000792600000, 0x0000000792600000|100%| O|  |TAMS 0x0000000792500000, 0x0000000792500000| Untracked 
| 294|0x0000000792600000, 0x0000000792700000, 0x0000000792700000|100%| O|  |TAMS 0x0000000792600000, 0x0000000792600000| Untracked 
| 295|0x0000000792700000, 0x0000000792800000, 0x0000000792800000|100%| O|  |TAMS 0x0000000792700000, 0x0000000792700000| Untracked 
| 296|0x0000000792800000, 0x0000000792900000, 0x0000000792900000|100%| O|  |TAMS 0x0000000792800000, 0x0000000792800000| Untracked 
| 297|0x0000000792900000, 0x0000000792a00000, 0x0000000792a00000|100%| O|  |TAMS 0x0000000792900000, 0x0000000792900000| Untracked 
| 298|0x0000000792a00000, 0x0000000792b00000, 0x0000000792b00000|100%| O|  |TAMS 0x0000000792a00000, 0x0000000792a00000| Untracked 
| 299|0x0000000792b00000, 0x0000000792c00000, 0x0000000792c00000|100%| O|  |TAMS 0x0000000792b00000, 0x0000000792b00000| Untracked 
| 300|0x0000000792c00000, 0x0000000792d00000, 0x0000000792d00000|100%| O|  |TAMS 0x0000000792c00000, 0x0000000792c00000| Untracked 
| 301|0x0000000792d00000, 0x0000000792e00000, 0x0000000792e00000|100%| O|  |TAMS 0x0000000792d00000, 0x0000000792d00000| Untracked 
| 302|0x0000000792e00000, 0x0000000792f00000, 0x0000000792f00000|100%| O|  |TAMS 0x0000000792e00000, 0x0000000792e00000| Untracked 
| 303|0x0000000792f00000, 0x0000000793000000, 0x0000000793000000|100%| O|  |TAMS 0x0000000792f00000, 0x0000000792f00000| Untracked 
| 304|0x0000000793000000, 0x0000000793100000, 0x0000000793100000|100%| O|  |TAMS 0x0000000793000000, 0x0000000793000000| Untracked 
| 305|0x0000000793100000, 0x0000000793200000, 0x0000000793200000|100%| O|  |TAMS 0x0000000793100000, 0x0000000793100000| Untracked 
| 306|0x0000000793200000, 0x0000000793300000, 0x0000000793300000|100%| O|  |TAMS 0x0000000793200000, 0x0000000793200000| Untracked 
| 307|0x0000000793300000, 0x0000000793400000, 0x0000000793400000|100%| O|  |TAMS 0x0000000793300000, 0x0000000793300000| Untracked 
| 308|0x0000000793400000, 0x0000000793500000, 0x0000000793500000|100%| O|  |TAMS 0x0000000793400000, 0x0000000793400000| Untracked 
| 309|0x0000000793500000, 0x0000000793600000, 0x0000000793600000|100%| O|  |TAMS 0x0000000793500000, 0x0000000793500000| Untracked 
| 310|0x0000000793600000, 0x0000000793700000, 0x0000000793700000|100%| O|  |TAMS 0x0000000793600000, 0x0000000793600000| Untracked 
| 311|0x0000000793700000, 0x0000000793800000, 0x0000000793800000|100%| O|  |TAMS 0x0000000793700000, 0x0000000793700000| Untracked 
| 312|0x0000000793800000, 0x0000000793900000, 0x0000000793900000|100%| O|  |TAMS 0x0000000793800000, 0x0000000793800000| Untracked 
| 313|0x0000000793900000, 0x0000000793a00000, 0x0000000793a00000|100%| O|  |TAMS 0x0000000793900000, 0x0000000793900000| Untracked 
| 314|0x0000000793a00000, 0x0000000793b00000, 0x0000000793b00000|100%| O|  |TAMS 0x0000000793a00000, 0x0000000793a00000| Untracked 
| 315|0x0000000793b00000, 0x0000000793c00000, 0x0000000793c00000|100%| O|  |TAMS 0x0000000793b00000, 0x0000000793b00000| Untracked 
| 316|0x0000000793c00000, 0x0000000793d00000, 0x0000000793d00000|100%| O|  |TAMS 0x0000000793c00000, 0x0000000793c00000| Untracked 
| 317|0x0000000793d00000, 0x0000000793e00000, 0x0000000793e00000|100%| O|  |TAMS 0x0000000793d00000, 0x0000000793d00000| Untracked 
| 318|0x0000000793e00000, 0x0000000793f00000, 0x0000000793f00000|100%| O|  |TAMS 0x0000000793e00000, 0x0000000793e00000| Untracked 
| 319|0x0000000793f00000, 0x0000000794000000, 0x0000000794000000|100%| O|  |TAMS 0x0000000793f00000, 0x0000000793f00000| Untracked 
| 320|0x0000000794000000, 0x0000000794100000, 0x0000000794100000|100%| O|  |TAMS 0x0000000794000000, 0x0000000794000000| Untracked 
| 321|0x0000000794100000, 0x0000000794200000, 0x0000000794200000|100%| O|  |TAMS 0x0000000794100000, 0x0000000794100000| Untracked 
| 322|0x0000000794200000, 0x0000000794300000, 0x0000000794300000|100%| O|  |TAMS 0x0000000794200000, 0x0000000794200000| Untracked 
| 323|0x0000000794300000, 0x0000000794400000, 0x0000000794400000|100%| O|  |TAMS 0x0000000794300000, 0x0000000794300000| Untracked 
| 324|0x0000000794400000, 0x0000000794500000, 0x0000000794500000|100%| O|  |TAMS 0x0000000794400000, 0x0000000794400000| Untracked 
| 325|0x0000000794500000, 0x0000000794600000, 0x0000000794600000|100%| O|  |TAMS 0x0000000794500000, 0x0000000794500000| Untracked 
| 326|0x0000000794600000, 0x0000000794700000, 0x0000000794700000|100%| O|  |TAMS 0x0000000794600000, 0x0000000794600000| Untracked 
| 327|0x0000000794700000, 0x0000000794800000, 0x0000000794800000|100%| O|  |TAMS 0x0000000794700000, 0x0000000794700000| Untracked 
| 328|0x0000000794800000, 0x0000000794900000, 0x0000000794900000|100%| O|  |TAMS 0x0000000794800000, 0x0000000794800000| Untracked 
| 329|0x0000000794900000, 0x0000000794a00000, 0x0000000794a00000|100%| O|  |TAMS 0x0000000794900000, 0x0000000794900000| Untracked 
| 330|0x0000000794a00000, 0x0000000794b00000, 0x0000000794b00000|100%| O|  |TAMS 0x0000000794a00000, 0x0000000794a00000| Untracked 
| 331|0x0000000794b00000, 0x0000000794c00000, 0x0000000794c00000|100%| O|  |TAMS 0x0000000794b00000, 0x0000000794b00000| Untracked 
| 332|0x0000000794c00000, 0x0000000794d00000, 0x0000000794d00000|100%| O|  |TAMS 0x0000000794c00000, 0x0000000794c00000| Untracked 
| 333|0x0000000794d00000, 0x0000000794e00000, 0x0000000794e00000|100%| O|  |TAMS 0x0000000794d00000, 0x0000000794d00000| Untracked 
| 334|0x0000000794e00000, 0x0000000794f00000, 0x0000000794f00000|100%| O|  |TAMS 0x0000000794e00000, 0x0000000794e00000| Untracked 
| 335|0x0000000794f00000, 0x0000000795000000, 0x0000000795000000|100%| O|  |TAMS 0x0000000794f00000, 0x0000000794f00000| Untracked 
| 336|0x0000000795000000, 0x0000000795100000, 0x0000000795100000|100%| O|  |TAMS 0x0000000795000000, 0x0000000795000000| Untracked 
| 337|0x0000000795100000, 0x0000000795200000, 0x0000000795200000|100%| O|  |TAMS 0x0000000795100000, 0x0000000795100000| Untracked 
| 338|0x0000000795200000, 0x0000000795300000, 0x0000000795300000|100%| O|  |TAMS 0x0000000795200000, 0x0000000795200000| Untracked 
| 339|0x0000000795300000, 0x0000000795400000, 0x0000000795400000|100%| O|  |TAMS 0x0000000795300000, 0x0000000795300000| Untracked 
| 340|0x0000000795400000, 0x0000000795500000, 0x0000000795500000|100%| O|  |TAMS 0x0000000795400000, 0x0000000795400000| Untracked 
| 341|0x0000000795500000, 0x0000000795600000, 0x0000000795600000|100%| O|  |TAMS 0x0000000795500000, 0x0000000795500000| Untracked 
| 342|0x0000000795600000, 0x0000000795700000, 0x0000000795700000|100%| O|  |TAMS 0x0000000795600000, 0x0000000795600000| Untracked 
| 343|0x0000000795700000, 0x0000000795800000, 0x0000000795800000|100%| O|  |TAMS 0x0000000795700000, 0x0000000795700000| Untracked 
| 344|0x0000000795800000, 0x0000000795900000, 0x0000000795900000|100%| O|  |TAMS 0x0000000795800000, 0x0000000795800000| Untracked 
| 345|0x0000000795900000, 0x0000000795a00000, 0x0000000795a00000|100%| O|  |TAMS 0x0000000795900000, 0x0000000795900000| Untracked 
| 346|0x0000000795a00000, 0x0000000795b00000, 0x0000000795b00000|100%| O|  |TAMS 0x0000000795a00000, 0x0000000795a00000| Untracked 
| 347|0x0000000795b00000, 0x0000000795c00000, 0x0000000795c00000|100%| O|  |TAMS 0x0000000795b00000, 0x0000000795b00000| Untracked 
| 348|0x0000000795c00000, 0x0000000795d00000, 0x0000000795d00000|100%|HS|  |TAMS 0x0000000795c00000, 0x0000000795c00000| Complete 
| 349|0x0000000795d00000, 0x0000000795e00000, 0x0000000795e00000|100%|HC|  |TAMS 0x0000000795d00000, 0x0000000795d00000| Complete 
| 350|0x0000000795e00000, 0x0000000795f00000, 0x0000000795f00000|100%|HS|  |TAMS 0x0000000795e00000, 0x0000000795e00000| Complete 
| 351|0x0000000795f00000, 0x0000000796000000, 0x0000000796000000|100%|HS|  |TAMS 0x0000000795f00000, 0x0000000795f00000| Complete 
| 352|0x0000000796000000, 0x0000000796100000, 0x0000000796100000|100%| O|  |TAMS 0x0000000796000000, 0x0000000796000000| Untracked 
| 353|0x0000000796100000, 0x0000000796200000, 0x0000000796200000|100%| O|  |TAMS 0x0000000796100000, 0x0000000796100000| Untracked 
| 354|0x0000000796200000, 0x0000000796300000, 0x0000000796300000|100%| O|  |TAMS 0x0000000796200000, 0x0000000796200000| Untracked 
| 355|0x0000000796300000, 0x0000000796400000, 0x0000000796400000|100%| O|  |TAMS 0x0000000796300000, 0x0000000796300000| Untracked 
| 356|0x0000000796400000, 0x0000000796500000, 0x0000000796500000|100%| O|  |TAMS 0x0000000796400000, 0x0000000796400000| Untracked 
| 357|0x0000000796500000, 0x0000000796600000, 0x0000000796600000|100%| O|  |TAMS 0x0000000796500000, 0x0000000796500000| Untracked 
| 358|0x0000000796600000, 0x0000000796700000, 0x0000000796700000|100%| O|  |TAMS 0x0000000796600000, 0x0000000796600000| Untracked 
| 359|0x0000000796700000, 0x0000000796800000, 0x0000000796800000|100%| O|  |TAMS 0x0000000796700000, 0x0000000796700000| Untracked 
| 360|0x0000000796800000, 0x0000000796900000, 0x0000000796900000|100%| O|  |TAMS 0x0000000796800000, 0x0000000796800000| Untracked 
| 361|0x0000000796900000, 0x0000000796a00000, 0x0000000796a00000|100%| O|  |TAMS 0x0000000796900000, 0x0000000796900000| Untracked 
| 362|0x0000000796a00000, 0x0000000796b00000, 0x0000000796b00000|100%| O|  |TAMS 0x0000000796a00000, 0x0000000796a00000| Untracked 
| 363|0x0000000796b00000, 0x0000000796c00000, 0x0000000796c00000|100%| O|  |TAMS 0x0000000796b00000, 0x0000000796b00000| Untracked 
| 364|0x0000000796c00000, 0x0000000796d00000, 0x0000000796d00000|100%| O|  |TAMS 0x0000000796c00000, 0x0000000796c00000| Untracked 
| 365|0x0000000796d00000, 0x0000000796e00000, 0x0000000796e00000|100%| O|  |TAMS 0x0000000796d00000, 0x0000000796d00000| Untracked 
| 366|0x0000000796e00000, 0x0000000796f00000, 0x0000000796f00000|100%| O|  |TAMS 0x0000000796e00000, 0x0000000796e00000| Untracked 
| 367|0x0000000796f00000, 0x0000000797000000, 0x0000000797000000|100%| O|  |TAMS 0x0000000796f00000, 0x0000000796f00000| Untracked 
| 368|0x0000000797000000, 0x0000000797100000, 0x0000000797100000|100%| O|  |TAMS 0x0000000797000000, 0x0000000797000000| Untracked 
| 369|0x0000000797100000, 0x0000000797200000, 0x0000000797200000|100%| O|  |TAMS 0x0000000797100000, 0x0000000797100000| Untracked 
| 370|0x0000000797200000, 0x0000000797300000, 0x0000000797300000|100%| O|  |TAMS 0x0000000797200000, 0x0000000797200000| Untracked 
| 371|0x0000000797300000, 0x0000000797400000, 0x0000000797400000|100%| O|  |TAMS 0x0000000797300000, 0x0000000797300000| Untracked 
| 372|0x0000000797400000, 0x0000000797500000, 0x0000000797500000|100%| O|  |TAMS 0x0000000797400000, 0x0000000797400000| Untracked 
| 373|0x0000000797500000, 0x0000000797600000, 0x0000000797600000|100%| O|  |TAMS 0x0000000797500000, 0x0000000797500000| Untracked 
| 374|0x0000000797600000, 0x0000000797700000, 0x0000000797700000|100%| O|  |TAMS 0x0000000797600000, 0x0000000797600000| Untracked 
| 375|0x0000000797700000, 0x0000000797800000, 0x0000000797800000|100%| O|  |TAMS 0x0000000797700000, 0x0000000797700000| Untracked 
| 376|0x0000000797800000, 0x0000000797900000, 0x0000000797900000|100%| O|  |TAMS 0x0000000797800000, 0x0000000797800000| Untracked 
| 377|0x0000000797900000, 0x0000000797a00000, 0x0000000797a00000|100%| O|  |TAMS 0x0000000797900000, 0x0000000797900000| Untracked 
| 378|0x0000000797a00000, 0x0000000797b00000, 0x0000000797b00000|100%| O|  |TAMS 0x0000000797a00000, 0x0000000797a00000| Untracked 
| 379|0x0000000797b00000, 0x0000000797c00000, 0x0000000797c00000|100%| O|  |TAMS 0x0000000797b00000, 0x0000000797b00000| Untracked 
| 380|0x0000000797c00000, 0x0000000797d00000, 0x0000000797d00000|100%| O|  |TAMS 0x0000000797c00000, 0x0000000797c00000| Untracked 
| 381|0x0000000797d00000, 0x0000000797e00000, 0x0000000797e00000|100%| O|  |TAMS 0x0000000797d00000, 0x0000000797d00000| Untracked 
| 382|0x0000000797e00000, 0x0000000797f00000, 0x0000000797f00000|100%| O|  |TAMS 0x0000000797e00000, 0x0000000797e00000| Untracked 
| 383|0x0000000797f00000, 0x0000000798000000, 0x0000000798000000|100%| O|  |TAMS 0x0000000797f00000, 0x0000000797f00000| Untracked 
| 384|0x0000000798000000, 0x0000000798100000, 0x0000000798100000|100%| O|  |TAMS 0x0000000798000000, 0x0000000798000000| Untracked 
| 385|0x0000000798100000, 0x0000000798200000, 0x0000000798200000|100%| O|  |TAMS 0x0000000798100000, 0x0000000798100000| Untracked 
| 386|0x0000000798200000, 0x0000000798300000, 0x0000000798300000|100%| O|  |TAMS 0x0000000798200000, 0x0000000798200000| Untracked 
| 387|0x0000000798300000, 0x0000000798400000, 0x0000000798400000|100%| O|  |TAMS 0x0000000798300000, 0x0000000798300000| Untracked 
| 388|0x0000000798400000, 0x0000000798500000, 0x0000000798500000|100%| O|  |TAMS 0x0000000798400000, 0x0000000798400000| Untracked 
| 389|0x0000000798500000, 0x0000000798600000, 0x0000000798600000|100%| O|  |TAMS 0x0000000798500000, 0x0000000798500000| Untracked 
| 390|0x0000000798600000, 0x0000000798700000, 0x0000000798700000|100%| O|  |TAMS 0x0000000798600000, 0x0000000798600000| Untracked 
| 391|0x0000000798700000, 0x0000000798800000, 0x0000000798800000|100%| O|  |TAMS 0x0000000798700000, 0x0000000798700000| Untracked 
| 392|0x0000000798800000, 0x0000000798900000, 0x0000000798900000|100%| O|  |TAMS 0x0000000798800000, 0x0000000798800000| Untracked 
| 393|0x0000000798900000, 0x0000000798a00000, 0x0000000798a00000|100%| O|  |TAMS 0x0000000798900000, 0x0000000798900000| Untracked 
| 394|0x0000000798a00000, 0x0000000798b00000, 0x0000000798b00000|100%| O|  |TAMS 0x0000000798a00000, 0x0000000798a00000| Untracked 
| 395|0x0000000798b00000, 0x0000000798c00000, 0x0000000798c00000|100%| O|  |TAMS 0x0000000798b00000, 0x0000000798b00000| Untracked 
| 396|0x0000000798c00000, 0x0000000798d00000, 0x0000000798d00000|100%| O|  |TAMS 0x0000000798c00000, 0x0000000798c00000| Untracked 
| 397|0x0000000798d00000, 0x0000000798e00000, 0x0000000798e00000|100%| O|  |TAMS 0x0000000798d00000, 0x0000000798d00000| Untracked 
| 398|0x0000000798e00000, 0x0000000798f00000, 0x0000000798f00000|100%| O|  |TAMS 0x0000000798e00000, 0x0000000798e00000| Untracked 
| 399|0x0000000798f00000, 0x0000000799000000, 0x0000000799000000|100%| O|  |TAMS 0x0000000798f00000, 0x0000000798f00000| Untracked 
| 400|0x0000000799000000, 0x0000000799100000, 0x0000000799100000|100%|HS|  |TAMS 0x0000000799000000, 0x0000000799000000| Complete 
| 401|0x0000000799100000, 0x0000000799200000, 0x0000000799200000|100%|HS|  |TAMS 0x0000000799100000, 0x0000000799100000| Complete 
| 402|0x0000000799200000, 0x0000000799300000, 0x0000000799300000|100%| O|  |TAMS 0x0000000799200000, 0x0000000799200000| Untracked 
| 403|0x0000000799300000, 0x0000000799400000, 0x0000000799400000|100%| O|  |TAMS 0x0000000799300000, 0x0000000799300000| Untracked 
| 404|0x0000000799400000, 0x0000000799500000, 0x0000000799500000|100%| O|  |TAMS 0x0000000799400000, 0x0000000799400000| Untracked 
| 405|0x0000000799500000, 0x0000000799600000, 0x0000000799600000|100%| O|  |TAMS 0x0000000799500000, 0x0000000799500000| Untracked 
| 406|0x0000000799600000, 0x0000000799700000, 0x0000000799700000|100%| O|  |TAMS 0x0000000799600000, 0x0000000799600000| Untracked 
| 407|0x0000000799700000, 0x0000000799800000, 0x0000000799800000|100%| O|  |TAMS 0x0000000799700000, 0x0000000799700000| Untracked 
| 408|0x0000000799800000, 0x0000000799900000, 0x0000000799900000|100%| O|  |TAMS 0x0000000799800000, 0x0000000799800000| Untracked 
| 409|0x0000000799900000, 0x0000000799a00000, 0x0000000799a00000|100%| O|  |TAMS 0x0000000799900000, 0x0000000799900000| Untracked 
| 410|0x0000000799a00000, 0x0000000799b00000, 0x0000000799b00000|100%| O|  |TAMS 0x0000000799a00000, 0x0000000799a00000| Untracked 
| 411|0x0000000799b00000, 0x0000000799c00000, 0x0000000799c00000|100%| O|  |TAMS 0x0000000799b00000, 0x0000000799b00000| Untracked 
| 412|0x0000000799c00000, 0x0000000799d00000, 0x0000000799d00000|100%| O|  |TAMS 0x0000000799c00000, 0x0000000799c00000| Untracked 
| 413|0x0000000799d00000, 0x0000000799e00000, 0x0000000799e00000|100%| O|  |TAMS 0x0000000799d00000, 0x0000000799d00000| Untracked 
| 414|0x0000000799e00000, 0x0000000799f00000, 0x0000000799f00000|100%| O|  |TAMS 0x0000000799e00000, 0x0000000799e00000| Untracked 
| 415|0x0000000799f00000, 0x000000079a000000, 0x000000079a000000|100%| O|  |TAMS 0x0000000799f00000, 0x0000000799f00000| Untracked 
| 416|0x000000079a000000, 0x000000079a100000, 0x000000079a100000|100%| O|  |TAMS 0x000000079a000000, 0x000000079a000000| Untracked 
| 417|0x000000079a100000, 0x000000079a200000, 0x000000079a200000|100%| O|  |TAMS 0x000000079a100000, 0x000000079a100000| Untracked 
| 418|0x000000079a200000, 0x000000079a300000, 0x000000079a300000|100%| O|  |TAMS 0x000000079a200000, 0x000000079a200000| Untracked 
| 419|0x000000079a300000, 0x000000079a400000, 0x000000079a400000|100%| O|  |TAMS 0x000000079a300000, 0x000000079a300000| Untracked 
| 420|0x000000079a400000, 0x000000079a500000, 0x000000079a500000|100%|HS|  |TAMS 0x000000079a400000, 0x000000079a400000| Complete 
| 421|0x000000079a500000, 0x000000079a600000, 0x000000079a600000|100%|HC|  |TAMS 0x000000079a500000, 0x000000079a500000| Complete 
| 422|0x000000079a600000, 0x000000079a700000, 0x000000079a700000|100%| O|  |TAMS 0x000000079a600000, 0x000000079a600000| Untracked 
| 423|0x000000079a700000, 0x000000079a800000, 0x000000079a800000|100%| O|  |TAMS 0x000000079a700000, 0x000000079a700000| Untracked 
| 424|0x000000079a800000, 0x000000079a900000, 0x000000079a900000|100%| O|  |TAMS 0x000000079a800000, 0x000000079a800000| Untracked 
| 425|0x000000079a900000, 0x000000079aa00000, 0x000000079aa00000|100%| O|  |TAMS 0x000000079a900000, 0x000000079a900000| Untracked 
| 426|0x000000079aa00000, 0x000000079ab00000, 0x000000079ab00000|100%| O|  |TAMS 0x000000079aa00000, 0x000000079aa00000| Untracked 
| 427|0x000000079ab00000, 0x000000079ac00000, 0x000000079ac00000|100%| O|  |TAMS 0x000000079ab00000, 0x000000079ab00000| Untracked 
| 428|0x000000079ac00000, 0x000000079ad00000, 0x000000079ad00000|100%| O|  |TAMS 0x000000079ac00000, 0x000000079ac00000| Untracked 
| 429|0x000000079ad00000, 0x000000079ae00000, 0x000000079ae00000|100%| O|  |TAMS 0x000000079ad00000, 0x000000079ad00000| Untracked 
| 430|0x000000079ae00000, 0x000000079af00000, 0x000000079af00000|100%| O|  |TAMS 0x000000079ae00000, 0x000000079ae00000| Untracked 
| 431|0x000000079af00000, 0x000000079b000000, 0x000000079b000000|100%| O|  |TAMS 0x000000079af00000, 0x000000079af00000| Untracked 
| 432|0x000000079b000000, 0x000000079b100000, 0x000000079b100000|100%| O|  |TAMS 0x000000079b000000, 0x000000079b000000| Untracked 
| 433|0x000000079b100000, 0x000000079b200000, 0x000000079b200000|100%| O|  |TAMS 0x000000079b100000, 0x000000079b100000| Untracked 
| 434|0x000000079b200000, 0x000000079b300000, 0x000000079b300000|100%| O|  |TAMS 0x000000079b200000, 0x000000079b200000| Untracked 
| 435|0x000000079b300000, 0x000000079b400000, 0x000000079b400000|100%| O|  |TAMS 0x000000079b300000, 0x000000079b300000| Untracked 
| 436|0x000000079b400000, 0x000000079b500000, 0x000000079b500000|100%| O|  |TAMS 0x000000079b400000, 0x000000079b400000| Untracked 
| 437|0x000000079b500000, 0x000000079b600000, 0x000000079b600000|100%| O|  |TAMS 0x000000079b500000, 0x000000079b500000| Untracked 
| 438|0x000000079b600000, 0x000000079b700000, 0x000000079b700000|100%| O|  |TAMS 0x000000079b600000, 0x000000079b600000| Untracked 
| 439|0x000000079b700000, 0x000000079b800000, 0x000000079b800000|100%| O|  |TAMS 0x000000079b700000, 0x000000079b700000| Untracked 
| 440|0x000000079b800000, 0x000000079b900000, 0x000000079b900000|100%| O|  |TAMS 0x000000079b800000, 0x000000079b800000| Untracked 
| 441|0x000000079b900000, 0x000000079ba00000, 0x000000079ba00000|100%|HS|  |TAMS 0x000000079b900000, 0x000000079b900000| Complete 
| 442|0x000000079ba00000, 0x000000079bb00000, 0x000000079bb00000|100%| O|  |TAMS 0x000000079ba00000, 0x000000079ba00000| Untracked 
| 443|0x000000079bb00000, 0x000000079bc00000, 0x000000079bc00000|100%| O|  |TAMS 0x000000079bb00000, 0x000000079bb00000| Untracked 
| 444|0x000000079bc00000, 0x000000079bd00000, 0x000000079bd00000|100%| O|  |TAMS 0x000000079bc00000, 0x000000079bc00000| Untracked 
| 445|0x000000079bd00000, 0x000000079be00000, 0x000000079be00000|100%| O|  |TAMS 0x000000079bd00000, 0x000000079bd00000| Untracked 
| 446|0x000000079be00000, 0x000000079bf00000, 0x000000079bf00000|100%| O|  |TAMS 0x000000079be00000, 0x000000079be00000| Untracked 
| 447|0x000000079bf00000, 0x000000079c000000, 0x000000079c000000|100%| O|  |TAMS 0x000000079bf00000, 0x000000079bf00000| Untracked 
| 448|0x000000079c000000, 0x000000079c100000, 0x000000079c100000|100%| O|  |TAMS 0x000000079c000000, 0x000000079c000000| Untracked 
| 449|0x000000079c100000, 0x000000079c200000, 0x000000079c200000|100%| O|  |TAMS 0x000000079c100000, 0x000000079c100000| Untracked 
| 450|0x000000079c200000, 0x000000079c300000, 0x000000079c300000|100%| O|  |TAMS 0x000000079c200000, 0x000000079c200000| Untracked 
| 451|0x000000079c300000, 0x000000079c400000, 0x000000079c400000|100%| O|  |TAMS 0x000000079c300000, 0x000000079c300000| Untracked 
| 452|0x000000079c400000, 0x000000079c500000, 0x000000079c500000|100%| O|  |TAMS 0x000000079c400000, 0x000000079c400000| Untracked 
| 453|0x000000079c500000, 0x000000079c600000, 0x000000079c600000|100%| O|  |TAMS 0x000000079c500000, 0x000000079c500000| Untracked 
| 454|0x000000079c600000, 0x000000079c700000, 0x000000079c700000|100%| O|  |TAMS 0x000000079c600000, 0x000000079c600000| Untracked 
| 455|0x000000079c700000, 0x000000079c800000, 0x000000079c800000|100%| O|  |TAMS 0x000000079c700000, 0x000000079c700000| Untracked 
| 456|0x000000079c800000, 0x000000079c900000, 0x000000079c900000|100%| O|  |TAMS 0x000000079c800000, 0x000000079c800000| Untracked 
| 457|0x000000079c900000, 0x000000079c956800, 0x000000079ca00000| 33%| O|  |TAMS 0x000000079c900000, 0x000000079c900000| Untracked 
| 458|0x000000079ca00000, 0x000000079cb00000, 0x000000079cb00000|100%|HS|  |TAMS 0x000000079ca00000, 0x000000079ca00000| Complete 
| 459|0x000000079cb00000, 0x000000079cc00000, 0x000000079cc00000|100%|HS|  |TAMS 0x000000079cb00000, 0x000000079cb00000| Complete 
| 460|0x000000079cc00000, 0x000000079cc00000, 0x000000079cd00000|  0%| F|  |TAMS 0x000000079cc00000, 0x000000079cc00000| Untracked 
| 461|0x000000079cd00000, 0x000000079cd00000, 0x000000079ce00000|  0%| F|  |TAMS 0x000000079cd00000, 0x000000079cd00000| Untracked 
| 462|0x000000079ce00000, 0x000000079ce00000, 0x000000079cf00000|  0%| F|  |TAMS 0x000000079ce00000, 0x000000079ce00000| Untracked 
| 463|0x000000079cf00000, 0x000000079cf00000, 0x000000079d000000|  0%| F|  |TAMS 0x000000079cf00000, 0x000000079cf00000| Untracked 
| 464|0x000000079d000000, 0x000000079d000000, 0x000000079d100000|  0%| F|  |TAMS 0x000000079d000000, 0x000000079d000000| Untracked 
| 465|0x000000079d100000, 0x000000079d100000, 0x000000079d200000|  0%| F|  |TAMS 0x000000079d100000, 0x000000079d100000| Untracked 
| 466|0x000000079d200000, 0x000000079d200000, 0x000000079d300000|  0%| F|  |TAMS 0x000000079d200000, 0x000000079d200000| Untracked 
| 467|0x000000079d300000, 0x000000079d300000, 0x000000079d400000|  0%| F|  |TAMS 0x000000079d300000, 0x000000079d300000| Untracked 
| 468|0x000000079d400000, 0x000000079d400000, 0x000000079d500000|  0%| F|  |TAMS 0x000000079d400000, 0x000000079d400000| Untracked 
| 469|0x000000079d500000, 0x000000079d500000, 0x000000079d600000|  0%| F|  |TAMS 0x000000079d500000, 0x000000079d500000| Untracked 
| 470|0x000000079d600000, 0x000000079d600000, 0x000000079d700000|  0%| F|  |TAMS 0x000000079d600000, 0x000000079d600000| Untracked 
| 471|0x000000079d700000, 0x000000079d700000, 0x000000079d800000|  0%| F|  |TAMS 0x000000079d700000, 0x000000079d700000| Untracked 
| 472|0x000000079d800000, 0x000000079d800000, 0x000000079d900000|  0%| F|  |TAMS 0x000000079d800000, 0x000000079d800000| Untracked 
| 473|0x000000079d900000, 0x000000079d900000, 0x000000079da00000|  0%| F|  |TAMS 0x000000079d900000, 0x000000079d900000| Untracked 
| 474|0x000000079da00000, 0x000000079da00000, 0x000000079db00000|  0%| F|  |TAMS 0x000000079da00000, 0x000000079da00000| Untracked 
| 475|0x000000079db00000, 0x000000079db00000, 0x000000079dc00000|  0%| F|  |TAMS 0x000000079db00000, 0x000000079db00000| Untracked 
| 476|0x000000079dc00000, 0x000000079dc00000, 0x000000079dd00000|  0%| F|  |TAMS 0x000000079dc00000, 0x000000079dc00000| Untracked 
| 477|0x000000079dd00000, 0x000000079dd00000, 0x000000079de00000|  0%| F|  |TAMS 0x000000079dd00000, 0x000000079dd00000| Untracked 
| 478|0x000000079de00000, 0x000000079de00000, 0x000000079df00000|  0%| F|  |TAMS 0x000000079de00000, 0x000000079de00000| Untracked 
| 479|0x000000079df00000, 0x000000079df00000, 0x000000079e000000|  0%| F|  |TAMS 0x000000079df00000, 0x000000079df00000| Untracked 
| 480|0x000000079e000000, 0x000000079e000000, 0x000000079e100000|  0%| F|  |TAMS 0x000000079e000000, 0x000000079e000000| Untracked 
| 481|0x000000079e100000, 0x000000079e100000, 0x000000079e200000|  0%| F|  |TAMS 0x000000079e100000, 0x000000079e100000| Untracked 
| 482|0x000000079e200000, 0x000000079e200000, 0x000000079e300000|  0%| F|  |TAMS 0x000000079e200000, 0x000000079e200000| Untracked 
| 483|0x000000079e300000, 0x000000079e300000, 0x000000079e400000|  0%| F|  |TAMS 0x000000079e300000, 0x000000079e300000| Untracked 
| 484|0x000000079e400000, 0x000000079e400000, 0x000000079e500000|  0%| F|  |TAMS 0x000000079e400000, 0x000000079e400000| Untracked 
| 485|0x000000079e500000, 0x000000079e500000, 0x000000079e600000|  0%| F|  |TAMS 0x000000079e500000, 0x000000079e500000| Untracked 
| 486|0x000000079e600000, 0x000000079e600000, 0x000000079e700000|  0%| F|  |TAMS 0x000000079e600000, 0x000000079e600000| Untracked 
| 487|0x000000079e700000, 0x000000079e700000, 0x000000079e800000|  0%| F|  |TAMS 0x000000079e700000, 0x000000079e700000| Untracked 
| 488|0x000000079e800000, 0x000000079e800000, 0x000000079e900000|  0%| F|  |TAMS 0x000000079e800000, 0x000000079e800000| Untracked 
| 489|0x000000079e900000, 0x000000079e900000, 0x000000079ea00000|  0%| F|  |TAMS 0x000000079e900000, 0x000000079e900000| Untracked 
| 490|0x000000079ea00000, 0x000000079ea00000, 0x000000079eb00000|  0%| F|  |TAMS 0x000000079ea00000, 0x000000079ea00000| Untracked 
| 491|0x000000079eb00000, 0x000000079eb00000, 0x000000079ec00000|  0%| F|  |TAMS 0x000000079eb00000, 0x000000079eb00000| Untracked 
| 492|0x000000079ec00000, 0x000000079ec00000, 0x000000079ed00000|  0%| F|  |TAMS 0x000000079ec00000, 0x000000079ec00000| Untracked 
| 493|0x000000079ed00000, 0x000000079ed00000, 0x000000079ee00000|  0%| F|  |TAMS 0x000000079ed00000, 0x000000079ed00000| Untracked 
| 494|0x000000079ee00000, 0x000000079ee00000, 0x000000079ef00000|  0%| F|  |TAMS 0x000000079ee00000, 0x000000079ee00000| Untracked 
| 495|0x000000079ef00000, 0x000000079ef00000, 0x000000079f000000|  0%| F|  |TAMS 0x000000079ef00000, 0x000000079ef00000| Untracked 
| 496|0x000000079f000000, 0x000000079f000000, 0x000000079f100000|  0%| F|  |TAMS 0x000000079f000000, 0x000000079f000000| Untracked 
| 497|0x000000079f100000, 0x000000079f100000, 0x000000079f200000|  0%| F|  |TAMS 0x000000079f100000, 0x000000079f100000| Untracked 
| 498|0x000000079f200000, 0x000000079f200000, 0x000000079f300000|  0%| F|  |TAMS 0x000000079f200000, 0x000000079f200000| Untracked 
| 499|0x000000079f300000, 0x000000079f300000, 0x000000079f400000|  0%| F|  |TAMS 0x000000079f300000, 0x000000079f300000| Untracked 
| 500|0x000000079f400000, 0x000000079f400000, 0x000000079f500000|  0%| F|  |TAMS 0x000000079f400000, 0x000000079f400000| Untracked 
| 501|0x000000079f500000, 0x000000079f500000, 0x000000079f600000|  0%| F|  |TAMS 0x000000079f500000, 0x000000079f500000| Untracked 
| 502|0x000000079f600000, 0x000000079f600000, 0x000000079f700000|  0%| F|  |TAMS 0x000000079f600000, 0x000000079f600000| Untracked 
| 503|0x000000079f700000, 0x000000079f700000, 0x000000079f800000|  0%| F|  |TAMS 0x000000079f700000, 0x000000079f700000| Untracked 
| 504|0x000000079f800000, 0x000000079f800000, 0x000000079f900000|  0%| F|  |TAMS 0x000000079f800000, 0x000000079f800000| Untracked 
| 505|0x000000079f900000, 0x000000079f900000, 0x000000079fa00000|  0%| F|  |TAMS 0x000000079f900000, 0x000000079f900000| Untracked 
| 506|0x000000079fa00000, 0x000000079fa00000, 0x000000079fb00000|  0%| F|  |TAMS 0x000000079fa00000, 0x000000079fa00000| Untracked 
| 507|0x000000079fb00000, 0x000000079fb00000, 0x000000079fc00000|  0%| F|  |TAMS 0x000000079fb00000, 0x000000079fb00000| Untracked 
| 508|0x000000079fc00000, 0x000000079fc00000, 0x000000079fd00000|  0%| F|  |TAMS 0x000000079fc00000, 0x000000079fc00000| Untracked 
| 509|0x000000079fd00000, 0x000000079fd00000, 0x000000079fe00000|  0%| F|  |TAMS 0x000000079fd00000, 0x000000079fd00000| Untracked 
| 510|0x000000079fe00000, 0x000000079fe00000, 0x000000079ff00000|  0%| F|  |TAMS 0x000000079fe00000, 0x000000079fe00000| Untracked 
| 511|0x000000079ff00000, 0x000000079ff00000, 0x00000007a0000000|  0%| F|  |TAMS 0x000000079ff00000, 0x000000079ff00000| Untracked 
| 512|0x00000007a0000000, 0x00000007a0000000, 0x00000007a0100000|  0%| F|  |TAMS 0x00000007a0000000, 0x00000007a0000000| Untracked 
| 513|0x00000007a0100000, 0x00000007a0100000, 0x00000007a0200000|  0%| F|  |TAMS 0x00000007a0100000, 0x00000007a0100000| Untracked 
| 514|0x00000007a0200000, 0x00000007a0200000, 0x00000007a0300000|  0%| F|  |TAMS 0x00000007a0200000, 0x00000007a0200000| Untracked 
| 515|0x00000007a0300000, 0x00000007a0300000, 0x00000007a0400000|  0%| F|  |TAMS 0x00000007a0300000, 0x00000007a0300000| Untracked 
| 516|0x00000007a0400000, 0x00000007a0400000, 0x00000007a0500000|  0%| F|  |TAMS 0x00000007a0400000, 0x00000007a0400000| Untracked 
| 517|0x00000007a0500000, 0x00000007a0500000, 0x00000007a0600000|  0%| F|  |TAMS 0x00000007a0500000, 0x00000007a0500000| Untracked 
| 518|0x00000007a0600000, 0x00000007a0600000, 0x00000007a0700000|  0%| F|  |TAMS 0x00000007a0600000, 0x00000007a0600000| Untracked 
| 519|0x00000007a0700000, 0x00000007a0700000, 0x00000007a0800000|  0%| F|  |TAMS 0x00000007a0700000, 0x00000007a0700000| Untracked 
| 520|0x00000007a0800000, 0x00000007a0800000, 0x00000007a0900000|  0%| F|  |TAMS 0x00000007a0800000, 0x00000007a0800000| Untracked 
| 521|0x00000007a0900000, 0x00000007a0900000, 0x00000007a0a00000|  0%| F|  |TAMS 0x00000007a0900000, 0x00000007a0900000| Untracked 
| 522|0x00000007a0a00000, 0x00000007a0a00000, 0x00000007a0b00000|  0%| F|  |TAMS 0x00000007a0a00000, 0x00000007a0a00000| Untracked 
| 523|0x00000007a0b00000, 0x00000007a0b00000, 0x00000007a0c00000|  0%| F|  |TAMS 0x00000007a0b00000, 0x00000007a0b00000| Untracked 
| 524|0x00000007a0c00000, 0x00000007a0c00000, 0x00000007a0d00000|  0%| F|  |TAMS 0x00000007a0c00000, 0x00000007a0c00000| Untracked 
| 525|0x00000007a0d00000, 0x00000007a0d00000, 0x00000007a0e00000|  0%| F|  |TAMS 0x00000007a0d00000, 0x00000007a0d00000| Untracked 
| 526|0x00000007a0e00000, 0x00000007a0e00000, 0x00000007a0f00000|  0%| F|  |TAMS 0x00000007a0e00000, 0x00000007a0e00000| Untracked 
| 527|0x00000007a0f00000, 0x00000007a0f00000, 0x00000007a1000000|  0%| F|  |TAMS 0x00000007a0f00000, 0x00000007a0f00000| Untracked 
| 528|0x00000007a1000000, 0x00000007a1000000, 0x00000007a1100000|  0%| F|  |TAMS 0x00000007a1000000, 0x00000007a1000000| Untracked 
| 529|0x00000007a1100000, 0x00000007a1100000, 0x00000007a1200000|  0%| F|  |TAMS 0x00000007a1100000, 0x00000007a1100000| Untracked 
| 530|0x00000007a1200000, 0x00000007a1200000, 0x00000007a1300000|  0%| F|  |TAMS 0x00000007a1200000, 0x00000007a1200000| Untracked 
| 531|0x00000007a1300000, 0x00000007a1300000, 0x00000007a1400000|  0%| F|  |TAMS 0x00000007a1300000, 0x00000007a1300000| Untracked 
| 532|0x00000007a1400000, 0x00000007a1400000, 0x00000007a1500000|  0%| F|  |TAMS 0x00000007a1400000, 0x00000007a1400000| Untracked 
| 533|0x00000007a1500000, 0x00000007a1500000, 0x00000007a1600000|  0%| F|  |TAMS 0x00000007a1500000, 0x00000007a1500000| Untracked 
| 534|0x00000007a1600000, 0x00000007a1600000, 0x00000007a1700000|  0%| F|  |TAMS 0x00000007a1600000, 0x00000007a1600000| Untracked 
| 535|0x00000007a1700000, 0x00000007a1700000, 0x00000007a1800000|  0%| F|  |TAMS 0x00000007a1700000, 0x00000007a1700000| Untracked 
| 536|0x00000007a1800000, 0x00000007a1800000, 0x00000007a1900000|  0%| F|  |TAMS 0x00000007a1800000, 0x00000007a1800000| Untracked 
| 537|0x00000007a1900000, 0x00000007a1900000, 0x00000007a1a00000|  0%| F|  |TAMS 0x00000007a1900000, 0x00000007a1900000| Untracked 
| 538|0x00000007a1a00000, 0x00000007a1a00000, 0x00000007a1b00000|  0%| F|  |TAMS 0x00000007a1a00000, 0x00000007a1a00000| Untracked 
| 539|0x00000007a1b00000, 0x00000007a1b00000, 0x00000007a1c00000|  0%| F|  |TAMS 0x00000007a1b00000, 0x00000007a1b00000| Untracked 
| 540|0x00000007a1c00000, 0x00000007a1c00000, 0x00000007a1d00000|  0%| F|  |TAMS 0x00000007a1c00000, 0x00000007a1c00000| Untracked 
| 541|0x00000007a1d00000, 0x00000007a1d00000, 0x00000007a1e00000|  0%| F|  |TAMS 0x00000007a1d00000, 0x00000007a1d00000| Untracked 
| 542|0x00000007a1e00000, 0x00000007a1e00000, 0x00000007a1f00000|  0%| F|  |TAMS 0x00000007a1e00000, 0x00000007a1e00000| Untracked 
| 543|0x00000007a1f00000, 0x00000007a1f00000, 0x00000007a2000000|  0%| F|  |TAMS 0x00000007a1f00000, 0x00000007a1f00000| Untracked 
| 544|0x00000007a2000000, 0x00000007a2000000, 0x00000007a2100000|  0%| F|  |TAMS 0x00000007a2000000, 0x00000007a2000000| Untracked 
| 545|0x00000007a2100000, 0x00000007a2100000, 0x00000007a2200000|  0%| F|  |TAMS 0x00000007a2100000, 0x00000007a2100000| Untracked 
| 546|0x00000007a2200000, 0x00000007a2200000, 0x00000007a2300000|  0%| F|  |TAMS 0x00000007a2200000, 0x00000007a2200000| Untracked 
| 547|0x00000007a2300000, 0x00000007a2300000, 0x00000007a2400000|  0%| F|  |TAMS 0x00000007a2300000, 0x00000007a2300000| Untracked 
| 548|0x00000007a2400000, 0x00000007a2400000, 0x00000007a2500000|  0%| F|  |TAMS 0x00000007a2400000, 0x00000007a2400000| Untracked 
| 549|0x00000007a2500000, 0x00000007a2500000, 0x00000007a2600000|  0%| F|  |TAMS 0x00000007a2500000, 0x00000007a2500000| Untracked 
| 550|0x00000007a2600000, 0x00000007a2600000, 0x00000007a2700000|  0%| F|  |TAMS 0x00000007a2600000, 0x00000007a2600000| Untracked 
| 551|0x00000007a2700000, 0x00000007a2700000, 0x00000007a2800000|  0%| F|  |TAMS 0x00000007a2700000, 0x00000007a2700000| Untracked 
| 552|0x00000007a2800000, 0x00000007a2800000, 0x00000007a2900000|  0%| F|  |TAMS 0x00000007a2800000, 0x00000007a2800000| Untracked 
| 553|0x00000007a2900000, 0x00000007a2900000, 0x00000007a2a00000|  0%| F|  |TAMS 0x00000007a2900000, 0x00000007a2900000| Untracked 
| 554|0x00000007a2a00000, 0x00000007a2a00000, 0x00000007a2b00000|  0%| F|  |TAMS 0x00000007a2a00000, 0x00000007a2a00000| Untracked 
| 555|0x00000007a2b00000, 0x00000007a2b00000, 0x00000007a2c00000|  0%| F|  |TAMS 0x00000007a2b00000, 0x00000007a2b00000| Untracked 
| 556|0x00000007a2c00000, 0x00000007a2c00000, 0x00000007a2d00000|  0%| F|  |TAMS 0x00000007a2c00000, 0x00000007a2c00000| Untracked 
| 557|0x00000007a2d00000, 0x00000007a2d00000, 0x00000007a2e00000|  0%| F|  |TAMS 0x00000007a2d00000, 0x00000007a2d00000| Untracked 
| 558|0x00000007a2e00000, 0x00000007a2e00000, 0x00000007a2f00000|  0%| F|  |TAMS 0x00000007a2e00000, 0x00000007a2e00000| Untracked 
| 559|0x00000007a2f00000, 0x00000007a2f00000, 0x00000007a3000000|  0%| F|  |TAMS 0x00000007a2f00000, 0x00000007a2f00000| Untracked 
| 560|0x00000007a3000000, 0x00000007a3000000, 0x00000007a3100000|  0%| F|  |TAMS 0x00000007a3000000, 0x00000007a3000000| Untracked 
| 561|0x00000007a3100000, 0x00000007a3100000, 0x00000007a3200000|  0%| F|  |TAMS 0x00000007a3100000, 0x00000007a3100000| Untracked 
| 562|0x00000007a3200000, 0x00000007a3200000, 0x00000007a3300000|  0%| F|  |TAMS 0x00000007a3200000, 0x00000007a3200000| Untracked 
| 563|0x00000007a3300000, 0x00000007a3300000, 0x00000007a3400000|  0%| F|  |TAMS 0x00000007a3300000, 0x00000007a3300000| Untracked 
| 564|0x00000007a3400000, 0x00000007a3400000, 0x00000007a3500000|  0%| F|  |TAMS 0x00000007a3400000, 0x00000007a3400000| Untracked 
| 565|0x00000007a3500000, 0x00000007a3500000, 0x00000007a3600000|  0%| F|  |TAMS 0x00000007a3500000, 0x00000007a3500000| Untracked 
| 566|0x00000007a3600000, 0x00000007a3600000, 0x00000007a3700000|  0%| F|  |TAMS 0x00000007a3600000, 0x00000007a3600000| Untracked 
| 567|0x00000007a3700000, 0x00000007a3700000, 0x00000007a3800000|  0%| F|  |TAMS 0x00000007a3700000, 0x00000007a3700000| Untracked 
| 568|0x00000007a3800000, 0x00000007a3800000, 0x00000007a3900000|  0%| F|  |TAMS 0x00000007a3800000, 0x00000007a3800000| Untracked 
| 569|0x00000007a3900000, 0x00000007a3900000, 0x00000007a3a00000|  0%| F|  |TAMS 0x00000007a3900000, 0x00000007a3900000| Untracked 
| 570|0x00000007a3a00000, 0x00000007a3a00000, 0x00000007a3b00000|  0%| F|  |TAMS 0x00000007a3a00000, 0x00000007a3a00000| Untracked 
| 571|0x00000007a3b00000, 0x00000007a3b00000, 0x00000007a3c00000|  0%| F|  |TAMS 0x00000007a3b00000, 0x00000007a3b00000| Untracked 
| 572|0x00000007a3c00000, 0x00000007a3c00000, 0x00000007a3d00000|  0%| F|  |TAMS 0x00000007a3c00000, 0x00000007a3c00000| Untracked 
| 573|0x00000007a3d00000, 0x00000007a3d00000, 0x00000007a3e00000|  0%| F|  |TAMS 0x00000007a3d00000, 0x00000007a3d00000| Untracked 
| 574|0x00000007a3e00000, 0x00000007a3e00000, 0x00000007a3f00000|  0%| F|  |TAMS 0x00000007a3e00000, 0x00000007a3e00000| Untracked 
| 575|0x00000007a3f00000, 0x00000007a3f00000, 0x00000007a4000000|  0%| F|  |TAMS 0x00000007a3f00000, 0x00000007a3f00000| Untracked 
| 576|0x00000007a4000000, 0x00000007a4000000, 0x00000007a4100000|  0%| F|  |TAMS 0x00000007a4000000, 0x00000007a4000000| Untracked 
| 577|0x00000007a4100000, 0x00000007a4100000, 0x00000007a4200000|  0%| F|  |TAMS 0x00000007a4100000, 0x00000007a4100000| Untracked 
| 578|0x00000007a4200000, 0x00000007a4200000, 0x00000007a4300000|  0%| F|  |TAMS 0x00000007a4200000, 0x00000007a4200000| Untracked 
| 579|0x00000007a4300000, 0x00000007a4300000, 0x00000007a4400000|  0%| F|  |TAMS 0x00000007a4300000, 0x00000007a4300000| Untracked 
| 580|0x00000007a4400000, 0x00000007a4400000, 0x00000007a4500000|  0%| F|  |TAMS 0x00000007a4400000, 0x00000007a4400000| Untracked 
| 581|0x00000007a4500000, 0x00000007a4500000, 0x00000007a4600000|  0%| F|  |TAMS 0x00000007a4500000, 0x00000007a4500000| Untracked 
| 582|0x00000007a4600000, 0x00000007a4600000, 0x00000007a4700000|  0%| F|  |TAMS 0x00000007a4600000, 0x00000007a4600000| Untracked 
| 583|0x00000007a4700000, 0x00000007a4700000, 0x00000007a4800000|  0%| F|  |TAMS 0x00000007a4700000, 0x00000007a4700000| Untracked 
| 584|0x00000007a4800000, 0x00000007a4800000, 0x00000007a4900000|  0%| F|  |TAMS 0x00000007a4800000, 0x00000007a4800000| Untracked 
| 585|0x00000007a4900000, 0x00000007a4900000, 0x00000007a4a00000|  0%| F|  |TAMS 0x00000007a4900000, 0x00000007a4900000| Untracked 
| 586|0x00000007a4a00000, 0x00000007a4a00000, 0x00000007a4b00000|  0%| F|  |TAMS 0x00000007a4a00000, 0x00000007a4a00000| Untracked 
| 587|0x00000007a4b00000, 0x00000007a4b00000, 0x00000007a4c00000|  0%| F|  |TAMS 0x00000007a4b00000, 0x00000007a4b00000| Untracked 
| 588|0x00000007a4c00000, 0x00000007a4c00000, 0x00000007a4d00000|  0%| F|  |TAMS 0x00000007a4c00000, 0x00000007a4c00000| Untracked 
| 589|0x00000007a4d00000, 0x00000007a4d00000, 0x00000007a4e00000|  0%| F|  |TAMS 0x00000007a4d00000, 0x00000007a4d00000| Untracked 
| 590|0x00000007a4e00000, 0x00000007a4e00000, 0x00000007a4f00000|  0%| F|  |TAMS 0x00000007a4e00000, 0x00000007a4e00000| Untracked 
| 591|0x00000007a4f00000, 0x00000007a4f00000, 0x00000007a5000000|  0%| F|  |TAMS 0x00000007a4f00000, 0x00000007a4f00000| Untracked 
| 592|0x00000007a5000000, 0x00000007a5000000, 0x00000007a5100000|  0%| F|  |TAMS 0x00000007a5000000, 0x00000007a5000000| Untracked 
| 593|0x00000007a5100000, 0x00000007a5100000, 0x00000007a5200000|  0%| F|  |TAMS 0x00000007a5100000, 0x00000007a5100000| Untracked 
| 594|0x00000007a5200000, 0x00000007a5200000, 0x00000007a5300000|  0%| F|  |TAMS 0x00000007a5200000, 0x00000007a5200000| Untracked 
| 595|0x00000007a5300000, 0x00000007a5300000, 0x00000007a5400000|  0%| F|  |TAMS 0x00000007a5300000, 0x00000007a5300000| Untracked 
| 596|0x00000007a5400000, 0x00000007a5400000, 0x00000007a5500000|  0%| F|  |TAMS 0x00000007a5400000, 0x00000007a5400000| Untracked 
| 597|0x00000007a5500000, 0x00000007a5500000, 0x00000007a5600000|  0%| F|  |TAMS 0x00000007a5500000, 0x00000007a5500000| Untracked 
| 598|0x00000007a5600000, 0x00000007a5600000, 0x00000007a5700000|  0%| F|  |TAMS 0x00000007a5600000, 0x00000007a5600000| Untracked 
| 599|0x00000007a5700000, 0x00000007a5700000, 0x00000007a5800000|  0%| F|  |TAMS 0x00000007a5700000, 0x00000007a5700000| Untracked 
| 600|0x00000007a5800000, 0x00000007a5880000, 0x00000007a5900000| 50%| S|  |TAMS 0x00000007a5800000, 0x00000007a5800000| Complete 
| 601|0x00000007a5900000, 0x00000007a5a00000, 0x00000007a5a00000|100%| S|  |TAMS 0x00000007a5900000, 0x00000007a5900000| Complete 
| 602|0x00000007a5a00000, 0x00000007a5b00000, 0x00000007a5b00000|100%| S|  |TAMS 0x00000007a5a00000, 0x00000007a5a00000| Complete 
| 603|0x00000007a5b00000, 0x00000007a5c00000, 0x00000007a5c00000|100%| S|  |TAMS 0x00000007a5b00000, 0x00000007a5b00000| Complete 
| 604|0x00000007a5c00000, 0x00000007a5d00000, 0x00000007a5d00000|100%| S|  |TAMS 0x00000007a5c00000, 0x00000007a5c00000| Complete 
| 605|0x00000007a5d00000, 0x00000007a5e00000, 0x00000007a5e00000|100%| S|  |TAMS 0x00000007a5d00000, 0x00000007a5d00000| Complete 
| 606|0x00000007a5e00000, 0x00000007a5f00000, 0x00000007a5f00000|100%| S|  |TAMS 0x00000007a5e00000, 0x00000007a5e00000| Complete 
| 607|0x00000007a5f00000, 0x00000007a6000000, 0x00000007a6000000|100%| S|  |TAMS 0x00000007a5f00000, 0x00000007a5f00000| Complete 
| 608|0x00000007a6000000, 0x00000007a6100000, 0x00000007a6100000|100%| S|  |TAMS 0x00000007a6000000, 0x00000007a6000000| Complete 
| 609|0x00000007a6100000, 0x00000007a6200000, 0x00000007a6200000|100%| S|  |TAMS 0x00000007a6100000, 0x00000007a6100000| Complete 
| 610|0x00000007a6200000, 0x00000007a6300000, 0x00000007a6300000|100%| S|  |TAMS 0x00000007a6200000, 0x00000007a6200000| Complete 
| 611|0x00000007a6300000, 0x00000007a6400000, 0x00000007a6400000|100%| S|  |TAMS 0x00000007a6300000, 0x00000007a6300000| Complete 
| 612|0x00000007a6400000, 0x00000007a6500000, 0x00000007a6500000|100%| S|  |TAMS 0x00000007a6400000, 0x00000007a6400000| Complete 
| 613|0x00000007a6500000, 0x00000007a6580000, 0x00000007a6600000| 50%| E|CS|TAMS 0x00000007a6500000, 0x00000007a6500000| Complete 
| 614|0x00000007a6600000, 0x00000007a6700000, 0x00000007a6700000|100%| E|CS|TAMS 0x00000007a6600000, 0x00000007a6600000| Complete 
| 615|0x00000007a6700000, 0x00000007a6800000, 0x00000007a6800000|100%| S|  |TAMS 0x00000007a6700000, 0x00000007a6700000| Complete 
| 616|0x00000007a6800000, 0x00000007a6900000, 0x00000007a6900000|100%| S|  |TAMS 0x00000007a6800000, 0x00000007a6800000| Complete 
| 617|0x00000007a6900000, 0x00000007a6a00000, 0x00000007a6a00000|100%| S|  |TAMS 0x00000007a6900000, 0x00000007a6900000| Complete 
| 618|0x00000007a6a00000, 0x00000007a6b00000, 0x00000007a6b00000|100%| S|  |TAMS 0x00000007a6a00000, 0x00000007a6a00000| Complete 
| 619|0x00000007a6b00000, 0x00000007a6c00000, 0x00000007a6c00000|100%| S|  |TAMS 0x00000007a6b00000, 0x00000007a6b00000| Complete 
| 620|0x00000007a6c00000, 0x00000007a6d00000, 0x00000007a6d00000|100%| S|  |TAMS 0x00000007a6c00000, 0x00000007a6c00000| Complete 
| 621|0x00000007a6d00000, 0x00000007a6e00000, 0x00000007a6e00000|100%| S|  |TAMS 0x00000007a6d00000, 0x00000007a6d00000| Complete 
| 622|0x00000007a6e00000, 0x00000007a6f00000, 0x00000007a6f00000|100%| S|  |TAMS 0x00000007a6e00000, 0x00000007a6e00000| Complete 
| 623|0x00000007a6f00000, 0x00000007a7000000, 0x00000007a7000000|100%| S|  |TAMS 0x00000007a6f00000, 0x00000007a6f00000| Complete 
| 624|0x00000007a7000000, 0x00000007a7100000, 0x00000007a7100000|100%| S|  |TAMS 0x00000007a7000000, 0x00000007a7000000| Complete 
| 625|0x00000007a7100000, 0x00000007a7200000, 0x00000007a7200000|100%| S|  |TAMS 0x00000007a7100000, 0x00000007a7100000| Complete 
| 626|0x00000007a7200000, 0x00000007a7300000, 0x00000007a7300000|100%| S|  |TAMS 0x00000007a7200000, 0x00000007a7200000| Complete 
| 627|0x00000007a7300000, 0x00000007a7400000, 0x00000007a7400000|100%| S|  |TAMS 0x00000007a7300000, 0x00000007a7300000| Complete 
| 628|0x00000007a7400000, 0x00000007a7500000, 0x00000007a7500000|100%| S|  |TAMS 0x00000007a7400000, 0x00000007a7400000| Complete 
| 629|0x00000007a7500000, 0x00000007a7600000, 0x00000007a7600000|100%| E|CS|TAMS 0x00000007a7500000, 0x00000007a7500000| Complete 
| 630|0x00000007a7600000, 0x00000007a7700000, 0x00000007a7700000|100%| E|CS|TAMS 0x00000007a7600000, 0x00000007a7600000| Complete 
| 631|0x00000007a7700000, 0x00000007a7800000, 0x00000007a7800000|100%| E|CS|TAMS 0x00000007a7700000, 0x00000007a7700000| Complete 
| 632|0x00000007a7800000, 0x00000007a7900000, 0x00000007a7900000|100%| E|CS|TAMS 0x00000007a7800000, 0x00000007a7800000| Complete 
| 633|0x00000007a7900000, 0x00000007a7a00000, 0x00000007a7a00000|100%| E|CS|TAMS 0x00000007a7900000, 0x00000007a7900000| Complete 
| 634|0x00000007a7a00000, 0x00000007a7b00000, 0x00000007a7b00000|100%| E|CS|TAMS 0x00000007a7a00000, 0x00000007a7a00000| Complete 
| 635|0x00000007a7b00000, 0x00000007a7c00000, 0x00000007a7c00000|100%| E|CS|TAMS 0x00000007a7b00000, 0x00000007a7b00000| Complete 
| 636|0x00000007a7c00000, 0x00000007a7d00000, 0x00000007a7d00000|100%| E|CS|TAMS 0x00000007a7c00000, 0x00000007a7c00000| Complete 
| 637|0x00000007a7d00000, 0x00000007a7e00000, 0x00000007a7e00000|100%| E|CS|TAMS 0x00000007a7d00000, 0x00000007a7d00000| Complete 
| 638|0x00000007a7e00000, 0x00000007a7f00000, 0x00000007a7f00000|100%| E|CS|TAMS 0x00000007a7e00000, 0x00000007a7e00000| Complete 
| 639|0x00000007a7f00000, 0x00000007a8000000, 0x00000007a8000000|100%| E|CS|TAMS 0x00000007a7f00000, 0x00000007a7f00000| Complete 
| 640|0x00000007a8000000, 0x00000007a8100000, 0x00000007a8100000|100%| E|CS|TAMS 0x00000007a8000000, 0x00000007a8000000| Complete 
| 641|0x00000007a8100000, 0x00000007a8200000, 0x00000007a8200000|100%| E|CS|TAMS 0x00000007a8100000, 0x00000007a8100000| Complete 
| 642|0x00000007a8200000, 0x00000007a8300000, 0x00000007a8300000|100%| E|CS|TAMS 0x00000007a8200000, 0x00000007a8200000| Complete 
| 643|0x00000007a8300000, 0x00000007a8400000, 0x00000007a8400000|100%| E|CS|TAMS 0x00000007a8300000, 0x00000007a8300000| Complete 
| 644|0x00000007a8400000, 0x00000007a8500000, 0x00000007a8500000|100%| E|CS|TAMS 0x00000007a8400000, 0x00000007a8400000| Complete 
| 645|0x00000007a8500000, 0x00000007a8600000, 0x00000007a8600000|100%| E|CS|TAMS 0x00000007a8500000, 0x00000007a8500000| Complete 
| 646|0x00000007a8600000, 0x00000007a8700000, 0x00000007a8700000|100%| E|CS|TAMS 0x00000007a8600000, 0x00000007a8600000| Complete 
| 647|0x00000007a8700000, 0x00000007a8800000, 0x00000007a8800000|100%| E|CS|TAMS 0x00000007a8700000, 0x00000007a8700000| Complete 
| 648|0x00000007a8800000, 0x00000007a8900000, 0x00000007a8900000|100%| E|CS|TAMS 0x00000007a8800000, 0x00000007a8800000| Complete 
| 649|0x00000007a8900000, 0x00000007a8a00000, 0x00000007a8a00000|100%| E|CS|TAMS 0x00000007a8900000, 0x00000007a8900000| Complete 
| 650|0x00000007a8a00000, 0x00000007a8b00000, 0x00000007a8b00000|100%| E|CS|TAMS 0x00000007a8a00000, 0x00000007a8a00000| Complete 
| 651|0x00000007a8b00000, 0x00000007a8c00000, 0x00000007a8c00000|100%| E|CS|TAMS 0x00000007a8b00000, 0x00000007a8b00000| Complete 
| 652|0x00000007a8c00000, 0x00000007a8d00000, 0x00000007a8d00000|100%| E|CS|TAMS 0x00000007a8c00000, 0x00000007a8c00000| Complete 
| 653|0x00000007a8d00000, 0x00000007a8e00000, 0x00000007a8e00000|100%| E|CS|TAMS 0x00000007a8d00000, 0x00000007a8d00000| Complete 
| 654|0x00000007a8e00000, 0x00000007a8f00000, 0x00000007a8f00000|100%| E|CS|TAMS 0x00000007a8e00000, 0x00000007a8e00000| Complete 
| 655|0x00000007a8f00000, 0x00000007a9000000, 0x00000007a9000000|100%| E|CS|TAMS 0x00000007a8f00000, 0x00000007a8f00000| Complete 
| 656|0x00000007a9000000, 0x00000007a9100000, 0x00000007a9100000|100%| E|CS|TAMS 0x00000007a9000000, 0x00000007a9000000| Complete 
| 657|0x00000007a9100000, 0x00000007a9200000, 0x00000007a9200000|100%| E|CS|TAMS 0x00000007a9100000, 0x00000007a9100000| Complete 
| 658|0x00000007a9200000, 0x00000007a9300000, 0x00000007a9300000|100%| E|CS|TAMS 0x00000007a9200000, 0x00000007a9200000| Complete 
| 659|0x00000007a9300000, 0x00000007a9400000, 0x00000007a9400000|100%| E|CS|TAMS 0x00000007a9300000, 0x00000007a9300000| Complete 
| 660|0x00000007a9400000, 0x00000007a9500000, 0x00000007a9500000|100%| E|CS|TAMS 0x00000007a9400000, 0x00000007a9400000| Complete 
| 661|0x00000007a9500000, 0x00000007a9600000, 0x00000007a9600000|100%| E|CS|TAMS 0x00000007a9500000, 0x00000007a9500000| Complete 
| 662|0x00000007a9600000, 0x00000007a9700000, 0x00000007a9700000|100%| E|CS|TAMS 0x00000007a9600000, 0x00000007a9600000| Complete 
| 663|0x00000007a9700000, 0x00000007a9800000, 0x00000007a9800000|100%| E|CS|TAMS 0x00000007a9700000, 0x00000007a9700000| Complete 
| 664|0x00000007a9800000, 0x00000007a9900000, 0x00000007a9900000|100%| E|CS|TAMS 0x00000007a9800000, 0x00000007a9800000| Complete 
| 665|0x00000007a9900000, 0x00000007a9a00000, 0x00000007a9a00000|100%| S|  |TAMS 0x00000007a9900000, 0x00000007a9900000| Complete 
| 666|0x00000007a9a00000, 0x00000007a9b00000, 0x00000007a9b00000|100%| S|  |TAMS 0x00000007a9a00000, 0x00000007a9a00000| Complete 
| 667|0x00000007a9b00000, 0x00000007a9c00000, 0x00000007a9c00000|100%| S|  |TAMS 0x00000007a9b00000, 0x00000007a9b00000| Complete 
| 668|0x00000007a9c00000, 0x00000007a9d00000, 0x00000007a9d00000|100%| S|  |TAMS 0x00000007a9c00000, 0x00000007a9c00000| Complete 
| 669|0x00000007a9d00000, 0x00000007a9e00000, 0x00000007a9e00000|100%| S|  |TAMS 0x00000007a9d00000, 0x00000007a9d00000| Complete 
| 670|0x00000007a9e00000, 0x00000007a9f00000, 0x00000007a9f00000|100%| S|  |TAMS 0x00000007a9e00000, 0x00000007a9e00000| Complete 
| 671|0x00000007a9f00000, 0x00000007aa000000, 0x00000007aa000000|100%| S|  |TAMS 0x00000007a9f00000, 0x00000007a9f00000| Complete 
| 672|0x00000007aa000000, 0x00000007aa100000, 0x00000007aa100000|100%| S|  |TAMS 0x00000007aa000000, 0x00000007aa000000| Complete 
| 673|0x00000007aa100000, 0x00000007aa200000, 0x00000007aa200000|100%| S|  |TAMS 0x00000007aa100000, 0x00000007aa100000| Complete 
| 674|0x00000007aa200000, 0x00000007aa300000, 0x00000007aa300000|100%| E|CS|TAMS 0x00000007aa200000, 0x00000007aa200000| Complete 
| 675|0x00000007aa300000, 0x00000007aa400000, 0x00000007aa400000|100%| E|CS|TAMS 0x00000007aa300000, 0x00000007aa300000| Complete 
| 676|0x00000007aa400000, 0x00000007aa500000, 0x00000007aa500000|100%| E|CS|TAMS 0x00000007aa400000, 0x00000007aa400000| Complete 
| 677|0x00000007aa500000, 0x00000007aa600000, 0x00000007aa600000|100%| E|CS|TAMS 0x00000007aa500000, 0x00000007aa500000| Complete 
| 678|0x00000007aa600000, 0x00000007aa700000, 0x00000007aa700000|100%| E|CS|TAMS 0x00000007aa600000, 0x00000007aa600000| Complete 
| 679|0x00000007aa700000, 0x00000007aa800000, 0x00000007aa800000|100%| E|CS|TAMS 0x00000007aa700000, 0x00000007aa700000| Complete 
| 680|0x00000007aa800000, 0x00000007aa900000, 0x00000007aa900000|100%| E|CS|TAMS 0x00000007aa800000, 0x00000007aa800000| Complete 
| 681|0x00000007aa900000, 0x00000007aaa00000, 0x00000007aaa00000|100%| E|CS|TAMS 0x00000007aa900000, 0x00000007aa900000| Complete 
| 682|0x00000007aaa00000, 0x00000007aab00000, 0x00000007aab00000|100%| E|CS|TAMS 0x00000007aaa00000, 0x00000007aaa00000| Complete 
| 683|0x00000007aab00000, 0x00000007aac00000, 0x00000007aac00000|100%| E|CS|TAMS 0x00000007aab00000, 0x00000007aab00000| Complete 
| 684|0x00000007aac00000, 0x00000007aad00000, 0x00000007aad00000|100%| E|CS|TAMS 0x00000007aac00000, 0x00000007aac00000| Complete 
| 685|0x00000007aad00000, 0x00000007aae00000, 0x00000007aae00000|100%| E|CS|TAMS 0x00000007aad00000, 0x00000007aad00000| Complete 
| 686|0x00000007aae00000, 0x00000007aaf00000, 0x00000007aaf00000|100%| E|CS|TAMS 0x00000007aae00000, 0x00000007aae00000| Complete 
| 687|0x00000007aaf00000, 0x00000007ab000000, 0x00000007ab000000|100%| E|CS|TAMS 0x00000007aaf00000, 0x00000007aaf00000| Complete 
| 688|0x00000007ab000000, 0x00000007ab100000, 0x00000007ab100000|100%| E|CS|TAMS 0x00000007ab000000, 0x00000007ab000000| Complete 
| 689|0x00000007ab100000, 0x00000007ab200000, 0x00000007ab200000|100%| E|CS|TAMS 0x00000007ab100000, 0x00000007ab100000| Complete 
| 690|0x00000007ab200000, 0x00000007ab300000, 0x00000007ab300000|100%| E|CS|TAMS 0x00000007ab200000, 0x00000007ab200000| Complete 
| 691|0x00000007ab300000, 0x00000007ab400000, 0x00000007ab400000|100%| E|CS|TAMS 0x00000007ab300000, 0x00000007ab300000| Complete 
| 692|0x00000007ab400000, 0x00000007ab500000, 0x00000007ab500000|100%| E|CS|TAMS 0x00000007ab400000, 0x00000007ab400000| Complete 
| 693|0x00000007ab500000, 0x00000007ab600000, 0x00000007ab600000|100%| E|CS|TAMS 0x00000007ab500000, 0x00000007ab500000| Complete 
| 694|0x00000007ab600000, 0x00000007ab700000, 0x00000007ab700000|100%| E|CS|TAMS 0x00000007ab600000, 0x00000007ab600000| Complete 
| 695|0x00000007ab700000, 0x00000007ab800000, 0x00000007ab800000|100%| E|CS|TAMS 0x00000007ab700000, 0x00000007ab700000| Complete 
| 696|0x00000007ab800000, 0x00000007ab900000, 0x00000007ab900000|100%| E|CS|TAMS 0x00000007ab800000, 0x00000007ab800000| Complete 
| 697|0x00000007ab900000, 0x00000007aba00000, 0x00000007aba00000|100%| E|CS|TAMS 0x00000007ab900000, 0x00000007ab900000| Complete 
| 698|0x00000007aba00000, 0x00000007abb00000, 0x00000007abb00000|100%| E|CS|TAMS 0x00000007aba00000, 0x00000007aba00000| Complete 
| 699|0x00000007abb00000, 0x00000007abc00000, 0x00000007abc00000|100%| E|CS|TAMS 0x00000007abb00000, 0x00000007abb00000| Complete 
| 700|0x00000007abc00000, 0x00000007abd00000, 0x00000007abd00000|100%| E|CS|TAMS 0x00000007abc00000, 0x00000007abc00000| Complete 
| 701|0x00000007abd00000, 0x00000007abe00000, 0x00000007abe00000|100%| E|CS|TAMS 0x00000007abd00000, 0x00000007abd00000| Complete 
| 702|0x00000007abe00000, 0x00000007abf00000, 0x00000007abf00000|100%| E|CS|TAMS 0x00000007abe00000, 0x00000007abe00000| Complete 
| 703|0x00000007abf00000, 0x00000007ac000000, 0x00000007ac000000|100%| E|CS|TAMS 0x00000007abf00000, 0x00000007abf00000| Complete 
| 704|0x00000007ac000000, 0x00000007ac100000, 0x00000007ac100000|100%| E|CS|TAMS 0x00000007ac000000, 0x00000007ac000000| Complete 
| 705|0x00000007ac100000, 0x00000007ac200000, 0x00000007ac200000|100%| E|CS|TAMS 0x00000007ac100000, 0x00000007ac100000| Complete 
| 706|0x00000007ac200000, 0x00000007ac300000, 0x00000007ac300000|100%| E|CS|TAMS 0x00000007ac200000, 0x00000007ac200000| Complete 
| 707|0x00000007ac300000, 0x00000007ac400000, 0x00000007ac400000|100%| E|CS|TAMS 0x00000007ac300000, 0x00000007ac300000| Complete 
| 708|0x00000007ac400000, 0x00000007ac500000, 0x00000007ac500000|100%| E|CS|TAMS 0x00000007ac400000, 0x00000007ac400000| Complete 
| 709|0x00000007ac500000, 0x00000007ac600000, 0x00000007ac600000|100%| E|CS|TAMS 0x00000007ac500000, 0x00000007ac500000| Complete 
| 710|0x00000007ac600000, 0x00000007ac700000, 0x00000007ac700000|100%| E|CS|TAMS 0x00000007ac600000, 0x00000007ac600000| Complete 
| 711|0x00000007ac700000, 0x00000007ac800000, 0x00000007ac800000|100%| E|CS|TAMS 0x00000007ac700000, 0x00000007ac700000| Complete 
| 712|0x00000007ac800000, 0x00000007ac900000, 0x00000007ac900000|100%| E|CS|TAMS 0x00000007ac800000, 0x00000007ac800000| Complete 
| 713|0x00000007ac900000, 0x00000007aca00000, 0x00000007aca00000|100%| E|CS|TAMS 0x00000007ac900000, 0x00000007ac900000| Complete 
| 714|0x00000007aca00000, 0x00000007acb00000, 0x00000007acb00000|100%| E|CS|TAMS 0x00000007aca00000, 0x00000007aca00000| Complete 
| 715|0x00000007acb00000, 0x00000007acc00000, 0x00000007acc00000|100%| E|CS|TAMS 0x00000007acb00000, 0x00000007acb00000| Complete 
| 716|0x00000007acc00000, 0x00000007acd00000, 0x00000007acd00000|100%| E|CS|TAMS 0x00000007acc00000, 0x00000007acc00000| Complete 
| 717|0x00000007acd00000, 0x00000007ace00000, 0x00000007ace00000|100%| E|CS|TAMS 0x00000007acd00000, 0x00000007acd00000| Complete 
| 718|0x00000007ace00000, 0x00000007acf00000, 0x00000007acf00000|100%| E|CS|TAMS 0x00000007ace00000, 0x00000007ace00000| Complete 
| 719|0x00000007acf00000, 0x00000007ad000000, 0x00000007ad000000|100%| E|CS|TAMS 0x00000007acf00000, 0x00000007acf00000| Complete 
| 720|0x00000007ad000000, 0x00000007ad100000, 0x00000007ad100000|100%| E|CS|TAMS 0x00000007ad000000, 0x00000007ad000000| Complete 
| 721|0x00000007ad100000, 0x00000007ad200000, 0x00000007ad200000|100%| E|CS|TAMS 0x00000007ad100000, 0x00000007ad100000| Complete 
| 722|0x00000007ad200000, 0x00000007ad300000, 0x00000007ad300000|100%| E|CS|TAMS 0x00000007ad200000, 0x00000007ad200000| Complete 
| 723|0x00000007ad300000, 0x00000007ad400000, 0x00000007ad400000|100%| E|CS|TAMS 0x00000007ad300000, 0x00000007ad300000| Complete 
| 724|0x00000007ad400000, 0x00000007ad500000, 0x00000007ad500000|100%| E|CS|TAMS 0x00000007ad400000, 0x00000007ad400000| Complete 
| 725|0x00000007ad500000, 0x00000007ad600000, 0x00000007ad600000|100%| E|CS|TAMS 0x00000007ad500000, 0x00000007ad500000| Complete 
| 726|0x00000007ad600000, 0x00000007ad700000, 0x00000007ad700000|100%| E|CS|TAMS 0x00000007ad600000, 0x00000007ad600000| Complete 
| 727|0x00000007ad700000, 0x00000007ad800000, 0x00000007ad800000|100%| E|CS|TAMS 0x00000007ad700000, 0x00000007ad700000| Complete 
| 728|0x00000007ad800000, 0x00000007ad900000, 0x00000007ad900000|100%| E|CS|TAMS 0x00000007ad800000, 0x00000007ad800000| Complete 
| 729|0x00000007ad900000, 0x00000007ada00000, 0x00000007ada00000|100%| E|CS|TAMS 0x00000007ad900000, 0x00000007ad900000| Complete 
| 730|0x00000007ada00000, 0x00000007adb00000, 0x00000007adb00000|100%| E|CS|TAMS 0x00000007ada00000, 0x00000007ada00000| Complete 
| 731|0x00000007adb00000, 0x00000007adc00000, 0x00000007adc00000|100%| E|CS|TAMS 0x00000007adb00000, 0x00000007adb00000| Complete 
| 732|0x00000007adc00000, 0x00000007add00000, 0x00000007add00000|100%| E|CS|TAMS 0x00000007adc00000, 0x00000007adc00000| Complete 
| 733|0x00000007add00000, 0x00000007ade00000, 0x00000007ade00000|100%| E|CS|TAMS 0x00000007add00000, 0x00000007add00000| Complete 
| 734|0x00000007ade00000, 0x00000007adf00000, 0x00000007adf00000|100%| E|CS|TAMS 0x00000007ade00000, 0x00000007ade00000| Complete 
| 735|0x00000007adf00000, 0x00000007ae000000, 0x00000007ae000000|100%| E|CS|TAMS 0x00000007adf00000, 0x00000007adf00000| Complete 
| 736|0x00000007ae000000, 0x00000007ae100000, 0x00000007ae100000|100%| E|CS|TAMS 0x00000007ae000000, 0x00000007ae000000| Complete 
| 737|0x00000007ae100000, 0x00000007ae200000, 0x00000007ae200000|100%| E|CS|TAMS 0x00000007ae100000, 0x00000007ae100000| Complete 
| 738|0x00000007ae200000, 0x00000007ae300000, 0x00000007ae300000|100%| E|CS|TAMS 0x00000007ae200000, 0x00000007ae200000| Complete 
| 739|0x00000007ae300000, 0x00000007ae400000, 0x00000007ae400000|100%| E|CS|TAMS 0x00000007ae300000, 0x00000007ae300000| Complete 
| 740|0x00000007ae400000, 0x00000007ae500000, 0x00000007ae500000|100%| E|CS|TAMS 0x00000007ae400000, 0x00000007ae400000| Complete 
| 741|0x00000007ae500000, 0x00000007ae600000, 0x00000007ae600000|100%| E|CS|TAMS 0x00000007ae500000, 0x00000007ae500000| Complete 
| 742|0x00000007ae600000, 0x00000007ae700000, 0x00000007ae700000|100%| E|CS|TAMS 0x00000007ae600000, 0x00000007ae600000| Complete 
| 743|0x00000007ae700000, 0x00000007ae800000, 0x00000007ae800000|100%| E|CS|TAMS 0x00000007ae700000, 0x00000007ae700000| Complete 
| 744|0x00000007ae800000, 0x00000007ae900000, 0x00000007ae900000|100%| E|CS|TAMS 0x00000007ae800000, 0x00000007ae800000| Complete 
| 745|0x00000007ae900000, 0x00000007aea00000, 0x00000007aea00000|100%| E|CS|TAMS 0x00000007ae900000, 0x00000007ae900000| Complete 
| 746|0x00000007aea00000, 0x00000007aeb00000, 0x00000007aeb00000|100%| E|CS|TAMS 0x00000007aea00000, 0x00000007aea00000| Complete 
| 747|0x00000007aeb00000, 0x00000007aec00000, 0x00000007aec00000|100%| E|CS|TAMS 0x00000007aeb00000, 0x00000007aeb00000| Complete 
| 748|0x00000007aec00000, 0x00000007aed00000, 0x00000007aed00000|100%| E|CS|TAMS 0x00000007aec00000, 0x00000007aec00000| Complete 
| 749|0x00000007aed00000, 0x00000007aee00000, 0x00000007aee00000|100%| E|CS|TAMS 0x00000007aed00000, 0x00000007aed00000| Complete 
| 750|0x00000007aee00000, 0x00000007aef00000, 0x00000007aef00000|100%| E|CS|TAMS 0x00000007aee00000, 0x00000007aee00000| Complete 
| 751|0x00000007aef00000, 0x00000007af000000, 0x00000007af000000|100%| E|CS|TAMS 0x00000007aef00000, 0x00000007aef00000| Complete 
| 752|0x00000007af000000, 0x00000007af100000, 0x00000007af100000|100%| E|CS|TAMS 0x00000007af000000, 0x00000007af000000| Complete 
| 753|0x00000007af100000, 0x00000007af200000, 0x00000007af200000|100%| E|CS|TAMS 0x00000007af100000, 0x00000007af100000| Complete 
| 754|0x00000007af200000, 0x00000007af300000, 0x00000007af300000|100%| E|CS|TAMS 0x00000007af200000, 0x00000007af200000| Complete 
| 755|0x00000007af300000, 0x00000007af400000, 0x00000007af400000|100%| E|CS|TAMS 0x00000007af300000, 0x00000007af300000| Complete 
| 756|0x00000007af400000, 0x00000007af500000, 0x00000007af500000|100%| E|CS|TAMS 0x00000007af400000, 0x00000007af400000| Complete 
| 757|0x00000007af500000, 0x00000007af600000, 0x00000007af600000|100%| E|CS|TAMS 0x00000007af500000, 0x00000007af500000| Complete 
| 758|0x00000007af600000, 0x00000007af700000, 0x00000007af700000|100%| E|CS|TAMS 0x00000007af600000, 0x00000007af600000| Complete 
| 759|0x00000007af700000, 0x00000007af800000, 0x00000007af800000|100%| E|CS|TAMS 0x00000007af700000, 0x00000007af700000| Complete 
| 760|0x00000007af800000, 0x00000007af900000, 0x00000007af900000|100%| E|CS|TAMS 0x00000007af800000, 0x00000007af800000| Complete 
| 761|0x00000007af900000, 0x00000007afa00000, 0x00000007afa00000|100%| E|CS|TAMS 0x00000007af900000, 0x00000007af900000| Complete 
| 762|0x00000007afa00000, 0x00000007afb00000, 0x00000007afb00000|100%| E|CS|TAMS 0x00000007afa00000, 0x00000007afa00000| Complete 
| 763|0x00000007afb00000, 0x00000007afc00000, 0x00000007afc00000|100%| E|CS|TAMS 0x00000007afb00000, 0x00000007afb00000| Complete 
| 764|0x00000007afc00000, 0x00000007afd00000, 0x00000007afd00000|100%| E|CS|TAMS 0x00000007afc00000, 0x00000007afc00000| Complete 
| 765|0x00000007afd00000, 0x00000007afe00000, 0x00000007afe00000|100%| E|CS|TAMS 0x00000007afd00000, 0x00000007afd00000| Complete 
| 766|0x00000007afe00000, 0x00000007aff00000, 0x00000007aff00000|100%| E|CS|TAMS 0x00000007afe00000, 0x00000007afe00000| Complete 
| 767|0x00000007aff00000, 0x00000007b0000000, 0x00000007b0000000|100%| E|CS|TAMS 0x00000007aff00000, 0x00000007aff00000| Complete 
| 768|0x00000007b0000000, 0x00000007b0100000, 0x00000007b0100000|100%| E|CS|TAMS 0x00000007b0000000, 0x00000007b0000000| Complete 
| 769|0x00000007b0100000, 0x00000007b0200000, 0x00000007b0200000|100%| E|CS|TAMS 0x00000007b0100000, 0x00000007b0100000| Complete 
| 770|0x00000007b0200000, 0x00000007b0300000, 0x00000007b0300000|100%| E|CS|TAMS 0x00000007b0200000, 0x00000007b0200000| Complete 
| 771|0x00000007b0300000, 0x00000007b0400000, 0x00000007b0400000|100%| E|CS|TAMS 0x00000007b0300000, 0x00000007b0300000| Complete 
| 772|0x00000007b0400000, 0x00000007b0500000, 0x00000007b0500000|100%| E|CS|TAMS 0x00000007b0400000, 0x00000007b0400000| Complete 
| 773|0x00000007b0500000, 0x00000007b0600000, 0x00000007b0600000|100%| E|CS|TAMS 0x00000007b0500000, 0x00000007b0500000| Complete 
| 774|0x00000007b0600000, 0x00000007b0700000, 0x00000007b0700000|100%| E|CS|TAMS 0x00000007b0600000, 0x00000007b0600000| Complete 
| 775|0x00000007b0700000, 0x00000007b0800000, 0x00000007b0800000|100%| E|CS|TAMS 0x00000007b0700000, 0x00000007b0700000| Complete 
| 776|0x00000007b0800000, 0x00000007b0900000, 0x00000007b0900000|100%| E|CS|TAMS 0x00000007b0800000, 0x00000007b0800000| Complete 
| 777|0x00000007b0900000, 0x00000007b0a00000, 0x00000007b0a00000|100%| E|CS|TAMS 0x00000007b0900000, 0x00000007b0900000| Complete 
| 778|0x00000007b0a00000, 0x00000007b0b00000, 0x00000007b0b00000|100%| E|CS|TAMS 0x00000007b0a00000, 0x00000007b0a00000| Complete 
| 779|0x00000007b0b00000, 0x00000007b0c00000, 0x00000007b0c00000|100%| E|CS|TAMS 0x00000007b0b00000, 0x00000007b0b00000| Complete 
| 780|0x00000007b0c00000, 0x00000007b0d00000, 0x00000007b0d00000|100%| E|CS|TAMS 0x00000007b0c00000, 0x00000007b0c00000| Complete 
| 781|0x00000007b0d00000, 0x00000007b0e00000, 0x00000007b0e00000|100%| E|CS|TAMS 0x00000007b0d00000, 0x00000007b0d00000| Complete 
| 782|0x00000007b0e00000, 0x00000007b0f00000, 0x00000007b0f00000|100%| E|CS|TAMS 0x00000007b0e00000, 0x00000007b0e00000| Complete 
| 783|0x00000007b0f00000, 0x00000007b1000000, 0x00000007b1000000|100%| E|CS|TAMS 0x00000007b0f00000, 0x00000007b0f00000| Complete 
| 784|0x00000007b1000000, 0x00000007b1100000, 0x00000007b1100000|100%| E|CS|TAMS 0x00000007b1000000, 0x00000007b1000000| Complete 
| 785|0x00000007b1100000, 0x00000007b1200000, 0x00000007b1200000|100%| E|CS|TAMS 0x00000007b1100000, 0x00000007b1100000| Complete 
| 786|0x00000007b1200000, 0x00000007b1300000, 0x00000007b1300000|100%| E|CS|TAMS 0x00000007b1200000, 0x00000007b1200000| Complete 
| 787|0x00000007b1300000, 0x00000007b1400000, 0x00000007b1400000|100%| E|CS|TAMS 0x00000007b1300000, 0x00000007b1300000| Complete 
| 788|0x00000007b1400000, 0x00000007b1500000, 0x00000007b1500000|100%| E|CS|TAMS 0x00000007b1400000, 0x00000007b1400000| Complete 
| 789|0x00000007b1500000, 0x00000007b1600000, 0x00000007b1600000|100%| E|CS|TAMS 0x00000007b1500000, 0x00000007b1500000| Complete 
| 790|0x00000007b1600000, 0x00000007b1700000, 0x00000007b1700000|100%| E|CS|TAMS 0x00000007b1600000, 0x00000007b1600000| Complete 
| 791|0x00000007b1700000, 0x00000007b1800000, 0x00000007b1800000|100%| E|CS|TAMS 0x00000007b1700000, 0x00000007b1700000| Complete 
| 792|0x00000007b1800000, 0x00000007b1900000, 0x00000007b1900000|100%| E|CS|TAMS 0x00000007b1800000, 0x00000007b1800000| Complete 
| 793|0x00000007b1900000, 0x00000007b1a00000, 0x00000007b1a00000|100%| E|CS|TAMS 0x00000007b1900000, 0x00000007b1900000| Complete 
| 794|0x00000007b1a00000, 0x00000007b1b00000, 0x00000007b1b00000|100%| E|CS|TAMS 0x00000007b1a00000, 0x00000007b1a00000| Complete 
| 795|0x00000007b1b00000, 0x00000007b1c00000, 0x00000007b1c00000|100%| E|CS|TAMS 0x00000007b1b00000, 0x00000007b1b00000| Complete 
| 796|0x00000007b1c00000, 0x00000007b1d00000, 0x00000007b1d00000|100%| E|CS|TAMS 0x00000007b1c00000, 0x00000007b1c00000| Complete 
| 797|0x00000007b1d00000, 0x00000007b1e00000, 0x00000007b1e00000|100%| E|CS|TAMS 0x00000007b1d00000, 0x00000007b1d00000| Complete 
| 798|0x00000007b1e00000, 0x00000007b1f00000, 0x00000007b1f00000|100%| E|CS|TAMS 0x00000007b1e00000, 0x00000007b1e00000| Complete 
| 799|0x00000007b1f00000, 0x00000007b2000000, 0x00000007b2000000|100%| E|CS|TAMS 0x00000007b1f00000, 0x00000007b1f00000| Complete 
| 800|0x00000007b2000000, 0x00000007b2100000, 0x00000007b2100000|100%| E|CS|TAMS 0x00000007b2000000, 0x00000007b2000000| Complete 
| 801|0x00000007b2100000, 0x00000007b2200000, 0x00000007b2200000|100%| E|CS|TAMS 0x00000007b2100000, 0x00000007b2100000| Complete 
| 802|0x00000007b2200000, 0x00000007b2300000, 0x00000007b2300000|100%| E|CS|TAMS 0x00000007b2200000, 0x00000007b2200000| Complete 
| 803|0x00000007b2300000, 0x00000007b2400000, 0x00000007b2400000|100%| E|CS|TAMS 0x00000007b2300000, 0x00000007b2300000| Complete 
| 804|0x00000007b2400000, 0x00000007b2500000, 0x00000007b2500000|100%| E|CS|TAMS 0x00000007b2400000, 0x00000007b2400000| Complete 
| 805|0x00000007b2500000, 0x00000007b2600000, 0x00000007b2600000|100%| E|CS|TAMS 0x00000007b2500000, 0x00000007b2500000| Complete 
| 806|0x00000007b2600000, 0x00000007b2700000, 0x00000007b2700000|100%| E|CS|TAMS 0x00000007b2600000, 0x00000007b2600000| Complete 
| 807|0x00000007b2700000, 0x00000007b2800000, 0x00000007b2800000|100%| E|CS|TAMS 0x00000007b2700000, 0x00000007b2700000| Complete 
| 808|0x00000007b2800000, 0x00000007b2900000, 0x00000007b2900000|100%| E|CS|TAMS 0x00000007b2800000, 0x00000007b2800000| Complete 
| 809|0x00000007b2900000, 0x00000007b2a00000, 0x00000007b2a00000|100%| E|CS|TAMS 0x00000007b2900000, 0x00000007b2900000| Complete 
| 810|0x00000007b2a00000, 0x00000007b2b00000, 0x00000007b2b00000|100%| E|CS|TAMS 0x00000007b2a00000, 0x00000007b2a00000| Complete 
| 811|0x00000007b2b00000, 0x00000007b2c00000, 0x00000007b2c00000|100%| E|CS|TAMS 0x00000007b2b00000, 0x00000007b2b00000| Complete 
| 812|0x00000007b2c00000, 0x00000007b2d00000, 0x00000007b2d00000|100%| E|CS|TAMS 0x00000007b2c00000, 0x00000007b2c00000| Complete 
| 813|0x00000007b2d00000, 0x00000007b2e00000, 0x00000007b2e00000|100%| E|CS|TAMS 0x00000007b2d00000, 0x00000007b2d00000| Complete 
| 814|0x00000007b2e00000, 0x00000007b2f00000, 0x00000007b2f00000|100%| E|CS|TAMS 0x00000007b2e00000, 0x00000007b2e00000| Complete 
| 815|0x00000007b2f00000, 0x00000007b3000000, 0x00000007b3000000|100%| E|CS|TAMS 0x00000007b2f00000, 0x00000007b2f00000| Complete 
| 816|0x00000007b3000000, 0x00000007b3100000, 0x00000007b3100000|100%| E|CS|TAMS 0x00000007b3000000, 0x00000007b3000000| Complete 
| 817|0x00000007b3100000, 0x00000007b3200000, 0x00000007b3200000|100%| E|CS|TAMS 0x00000007b3100000, 0x00000007b3100000| Complete 
| 818|0x00000007b3200000, 0x00000007b3300000, 0x00000007b3300000|100%| E|CS|TAMS 0x00000007b3200000, 0x00000007b3200000| Complete 
| 819|0x00000007b3300000, 0x00000007b3400000, 0x00000007b3400000|100%| E|CS|TAMS 0x00000007b3300000, 0x00000007b3300000| Complete 
| 820|0x00000007b3400000, 0x00000007b3500000, 0x00000007b3500000|100%| E|CS|TAMS 0x00000007b3400000, 0x00000007b3400000| Complete 
| 821|0x00000007b3500000, 0x00000007b3600000, 0x00000007b3600000|100%| E|CS|TAMS 0x00000007b3500000, 0x00000007b3500000| Complete 
| 822|0x00000007b3600000, 0x00000007b3700000, 0x00000007b3700000|100%| E|CS|TAMS 0x00000007b3600000, 0x00000007b3600000| Complete 
| 823|0x00000007b3700000, 0x00000007b3800000, 0x00000007b3800000|100%| E|CS|TAMS 0x00000007b3700000, 0x00000007b3700000| Complete 
| 824|0x00000007b3800000, 0x00000007b3900000, 0x00000007b3900000|100%| E|CS|TAMS 0x00000007b3800000, 0x00000007b3800000| Complete 
| 825|0x00000007b3900000, 0x00000007b3a00000, 0x00000007b3a00000|100%| E|CS|TAMS 0x00000007b3900000, 0x00000007b3900000| Complete 
| 826|0x00000007b3a00000, 0x00000007b3b00000, 0x00000007b3b00000|100%| E|CS|TAMS 0x00000007b3a00000, 0x00000007b3a00000| Complete 
| 827|0x00000007b3b00000, 0x00000007b3c00000, 0x00000007b3c00000|100%| E|CS|TAMS 0x00000007b3b00000, 0x00000007b3b00000| Complete 
| 828|0x00000007b3c00000, 0x00000007b3d00000, 0x00000007b3d00000|100%| E|CS|TAMS 0x00000007b3c00000, 0x00000007b3c00000| Complete 
| 829|0x00000007b3d00000, 0x00000007b3e00000, 0x00000007b3e00000|100%| E|CS|TAMS 0x00000007b3d00000, 0x00000007b3d00000| Complete 
| 830|0x00000007b3e00000, 0x00000007b3f00000, 0x00000007b3f00000|100%| E|CS|TAMS 0x00000007b3e00000, 0x00000007b3e00000| Complete 
| 831|0x00000007b3f00000, 0x00000007b4000000, 0x00000007b4000000|100%| E|CS|TAMS 0x00000007b3f00000, 0x00000007b3f00000| Complete 
| 832|0x00000007b4000000, 0x00000007b4100000, 0x00000007b4100000|100%| E|CS|TAMS 0x00000007b4000000, 0x00000007b4000000| Complete 
| 833|0x00000007b4100000, 0x00000007b4200000, 0x00000007b4200000|100%| E|CS|TAMS 0x00000007b4100000, 0x00000007b4100000| Complete 
| 834|0x00000007b4200000, 0x00000007b4300000, 0x00000007b4300000|100%| E|CS|TAMS 0x00000007b4200000, 0x00000007b4200000| Complete 
| 835|0x00000007b4300000, 0x00000007b4400000, 0x00000007b4400000|100%| E|CS|TAMS 0x00000007b4300000, 0x00000007b4300000| Complete 
| 836|0x00000007b4400000, 0x00000007b4500000, 0x00000007b4500000|100%| E|CS|TAMS 0x00000007b4400000, 0x00000007b4400000| Complete 
| 837|0x00000007b4500000, 0x00000007b4600000, 0x00000007b4600000|100%| E|CS|TAMS 0x00000007b4500000, 0x00000007b4500000| Complete 
| 838|0x00000007b4600000, 0x00000007b4700000, 0x00000007b4700000|100%| E|CS|TAMS 0x00000007b4600000, 0x00000007b4600000| Complete 
| 839|0x00000007b4700000, 0x00000007b4800000, 0x00000007b4800000|100%| E|CS|TAMS 0x00000007b4700000, 0x00000007b4700000| Complete 
| 840|0x00000007b4800000, 0x00000007b4900000, 0x00000007b4900000|100%| E|CS|TAMS 0x00000007b4800000, 0x00000007b4800000| Complete 
| 841|0x00000007b4900000, 0x00000007b4a00000, 0x00000007b4a00000|100%| E|CS|TAMS 0x00000007b4900000, 0x00000007b4900000| Complete 
| 842|0x00000007b4a00000, 0x00000007b4b00000, 0x00000007b4b00000|100%| E|CS|TAMS 0x00000007b4a00000, 0x00000007b4a00000| Complete 
| 843|0x00000007b4b00000, 0x00000007b4c00000, 0x00000007b4c00000|100%| E|CS|TAMS 0x00000007b4b00000, 0x00000007b4b00000| Complete 
| 844|0x00000007b4c00000, 0x00000007b4d00000, 0x00000007b4d00000|100%| E|CS|TAMS 0x00000007b4c00000, 0x00000007b4c00000| Complete 
| 845|0x00000007b4d00000, 0x00000007b4e00000, 0x00000007b4e00000|100%| E|CS|TAMS 0x00000007b4d00000, 0x00000007b4d00000| Complete 
| 846|0x00000007b4e00000, 0x00000007b4f00000, 0x00000007b4f00000|100%| E|CS|TAMS 0x00000007b4e00000, 0x00000007b4e00000| Complete 
| 847|0x00000007b4f00000, 0x00000007b5000000, 0x00000007b5000000|100%| E|CS|TAMS 0x00000007b4f00000, 0x00000007b4f00000| Complete 
| 848|0x00000007b5000000, 0x00000007b5100000, 0x00000007b5100000|100%| E|CS|TAMS 0x00000007b5000000, 0x00000007b5000000| Complete 
| 849|0x00000007b5100000, 0x00000007b5200000, 0x00000007b5200000|100%| E|CS|TAMS 0x00000007b5100000, 0x00000007b5100000| Complete 
| 850|0x00000007b5200000, 0x00000007b5300000, 0x00000007b5300000|100%| E|CS|TAMS 0x00000007b5200000, 0x00000007b5200000| Complete 
| 851|0x00000007b5300000, 0x00000007b5400000, 0x00000007b5400000|100%| E|CS|TAMS 0x00000007b5300000, 0x00000007b5300000| Complete 
| 852|0x00000007b5400000, 0x00000007b5500000, 0x00000007b5500000|100%| E|CS|TAMS 0x00000007b5400000, 0x00000007b5400000| Complete 
| 853|0x00000007b5500000, 0x00000007b5600000, 0x00000007b5600000|100%| E|CS|TAMS 0x00000007b5500000, 0x00000007b5500000| Complete 
| 854|0x00000007b5600000, 0x00000007b5700000, 0x00000007b5700000|100%| E|CS|TAMS 0x00000007b5600000, 0x00000007b5600000| Complete 
| 855|0x00000007b5700000, 0x00000007b5800000, 0x00000007b5800000|100%| E|CS|TAMS 0x00000007b5700000, 0x00000007b5700000| Complete 
| 856|0x00000007b5800000, 0x00000007b5900000, 0x00000007b5900000|100%| E|CS|TAMS 0x00000007b5800000, 0x00000007b5800000| Complete 
| 857|0x00000007b5900000, 0x00000007b5a00000, 0x00000007b5a00000|100%| E|CS|TAMS 0x00000007b5900000, 0x00000007b5900000| Complete 
| 858|0x00000007b5a00000, 0x00000007b5b00000, 0x00000007b5b00000|100%| E|CS|TAMS 0x00000007b5a00000, 0x00000007b5a00000| Complete 
| 859|0x00000007b5b00000, 0x00000007b5c00000, 0x00000007b5c00000|100%| E|CS|TAMS 0x00000007b5b00000, 0x00000007b5b00000| Complete 
| 860|0x00000007b5c00000, 0x00000007b5d00000, 0x00000007b5d00000|100%| E|CS|TAMS 0x00000007b5c00000, 0x00000007b5c00000| Complete 
| 861|0x00000007b5d00000, 0x00000007b5e00000, 0x00000007b5e00000|100%| E|CS|TAMS 0x00000007b5d00000, 0x00000007b5d00000| Complete 
| 862|0x00000007b5e00000, 0x00000007b5f00000, 0x00000007b5f00000|100%| E|CS|TAMS 0x00000007b5e00000, 0x00000007b5e00000| Complete 
| 863|0x00000007b5f00000, 0x00000007b6000000, 0x00000007b6000000|100%| E|CS|TAMS 0x00000007b5f00000, 0x00000007b5f00000| Complete 
| 864|0x00000007b6000000, 0x00000007b6100000, 0x00000007b6100000|100%| E|CS|TAMS 0x00000007b6000000, 0x00000007b6000000| Complete 
| 865|0x00000007b6100000, 0x00000007b6200000, 0x00000007b6200000|100%| E|CS|TAMS 0x00000007b6100000, 0x00000007b6100000| Complete 
| 866|0x00000007b6200000, 0x00000007b6300000, 0x00000007b6300000|100%| E|CS|TAMS 0x00000007b6200000, 0x00000007b6200000| Complete 
| 867|0x00000007b6300000, 0x00000007b6400000, 0x00000007b6400000|100%| E|CS|TAMS 0x00000007b6300000, 0x00000007b6300000| Complete 
| 868|0x00000007b6400000, 0x00000007b6500000, 0x00000007b6500000|100%| E|CS|TAMS 0x00000007b6400000, 0x00000007b6400000| Complete 
| 869|0x00000007b6500000, 0x00000007b6600000, 0x00000007b6600000|100%| E|CS|TAMS 0x00000007b6500000, 0x00000007b6500000| Complete 
| 870|0x00000007b6600000, 0x00000007b6700000, 0x00000007b6700000|100%| E|CS|TAMS 0x00000007b6600000, 0x00000007b6600000| Complete 
| 871|0x00000007b6700000, 0x00000007b6800000, 0x00000007b6800000|100%| E|CS|TAMS 0x00000007b6700000, 0x00000007b6700000| Complete 
| 872|0x00000007b6800000, 0x00000007b6900000, 0x00000007b6900000|100%| E|CS|TAMS 0x00000007b6800000, 0x00000007b6800000| Complete 
| 873|0x00000007b6900000, 0x00000007b6a00000, 0x00000007b6a00000|100%| E|CS|TAMS 0x00000007b6900000, 0x00000007b6900000| Complete 
| 874|0x00000007b6a00000, 0x00000007b6b00000, 0x00000007b6b00000|100%| E|CS|TAMS 0x00000007b6a00000, 0x00000007b6a00000| Complete 
| 875|0x00000007b6b00000, 0x00000007b6c00000, 0x00000007b6c00000|100%| E|CS|TAMS 0x00000007b6b00000, 0x00000007b6b00000| Complete 
| 876|0x00000007b6c00000, 0x00000007b6d00000, 0x00000007b6d00000|100%| E|CS|TAMS 0x00000007b6c00000, 0x00000007b6c00000| Complete 
| 877|0x00000007b6d00000, 0x00000007b6e00000, 0x00000007b6e00000|100%| E|CS|TAMS 0x00000007b6d00000, 0x00000007b6d00000| Complete 
| 878|0x00000007b6e00000, 0x00000007b6f00000, 0x00000007b6f00000|100%| E|CS|TAMS 0x00000007b6e00000, 0x00000007b6e00000| Complete 
| 879|0x00000007b6f00000, 0x00000007b7000000, 0x00000007b7000000|100%| E|CS|TAMS 0x00000007b6f00000, 0x00000007b6f00000| Complete 
| 880|0x00000007b7000000, 0x00000007b7100000, 0x00000007b7100000|100%| E|CS|TAMS 0x00000007b7000000, 0x00000007b7000000| Complete 
| 881|0x00000007b7100000, 0x00000007b7200000, 0x00000007b7200000|100%| E|CS|TAMS 0x00000007b7100000, 0x00000007b7100000| Complete 
| 882|0x00000007b7200000, 0x00000007b7300000, 0x00000007b7300000|100%| E|CS|TAMS 0x00000007b7200000, 0x00000007b7200000| Complete 
| 883|0x00000007b7300000, 0x00000007b7400000, 0x00000007b7400000|100%| E|CS|TAMS 0x00000007b7300000, 0x00000007b7300000| Complete 
| 884|0x00000007b7400000, 0x00000007b7500000, 0x00000007b7500000|100%| E|CS|TAMS 0x00000007b7400000, 0x00000007b7400000| Complete 
| 885|0x00000007b7500000, 0x00000007b7600000, 0x00000007b7600000|100%| E|CS|TAMS 0x00000007b7500000, 0x00000007b7500000| Complete 
| 886|0x00000007b7600000, 0x00000007b7700000, 0x00000007b7700000|100%| E|CS|TAMS 0x00000007b7600000, 0x00000007b7600000| Complete 
| 887|0x00000007b7700000, 0x00000007b7800000, 0x00000007b7800000|100%| E|CS|TAMS 0x00000007b7700000, 0x00000007b7700000| Complete 
| 888|0x00000007b7800000, 0x00000007b7900000, 0x00000007b7900000|100%| E|CS|TAMS 0x00000007b7800000, 0x00000007b7800000| Complete 
| 889|0x00000007b7900000, 0x00000007b7a00000, 0x00000007b7a00000|100%| E|CS|TAMS 0x00000007b7900000, 0x00000007b7900000| Complete 
| 890|0x00000007b7a00000, 0x00000007b7b00000, 0x00000007b7b00000|100%| E|CS|TAMS 0x00000007b7a00000, 0x00000007b7a00000| Complete 
| 891|0x00000007b7b00000, 0x00000007b7c00000, 0x00000007b7c00000|100%| E|CS|TAMS 0x00000007b7b00000, 0x00000007b7b00000| Complete 
| 892|0x00000007b7c00000, 0x00000007b7d00000, 0x00000007b7d00000|100%| E|CS|TAMS 0x00000007b7c00000, 0x00000007b7c00000| Complete 
| 893|0x00000007b7d00000, 0x00000007b7e00000, 0x00000007b7e00000|100%| E|CS|TAMS 0x00000007b7d00000, 0x00000007b7d00000| Complete 
| 894|0x00000007b7e00000, 0x00000007b7f00000, 0x00000007b7f00000|100%| E|CS|TAMS 0x00000007b7e00000, 0x00000007b7e00000| Complete 
| 895|0x00000007b7f00000, 0x00000007b8000000, 0x00000007b8000000|100%| E|CS|TAMS 0x00000007b7f00000, 0x00000007b7f00000| Complete 
| 896|0x00000007b8000000, 0x00000007b8100000, 0x00000007b8100000|100%| E|CS|TAMS 0x00000007b8000000, 0x00000007b8000000| Complete 
| 897|0x00000007b8100000, 0x00000007b8200000, 0x00000007b8200000|100%| E|CS|TAMS 0x00000007b8100000, 0x00000007b8100000| Complete 
| 898|0x00000007b8200000, 0x00000007b8300000, 0x00000007b8300000|100%| E|CS|TAMS 0x00000007b8200000, 0x00000007b8200000| Complete 
| 899|0x00000007b8300000, 0x00000007b8400000, 0x00000007b8400000|100%| E|CS|TAMS 0x00000007b8300000, 0x00000007b8300000| Complete 
| 900|0x00000007b8400000, 0x00000007b8500000, 0x00000007b8500000|100%| E|CS|TAMS 0x00000007b8400000, 0x00000007b8400000| Complete 
| 901|0x00000007b8500000, 0x00000007b8600000, 0x00000007b8600000|100%| E|CS|TAMS 0x00000007b8500000, 0x00000007b8500000| Complete 
| 902|0x00000007b8600000, 0x00000007b8700000, 0x00000007b8700000|100%| E|CS|TAMS 0x00000007b8600000, 0x00000007b8600000| Complete 
| 903|0x00000007b8700000, 0x00000007b8800000, 0x00000007b8800000|100%| E|CS|TAMS 0x00000007b8700000, 0x00000007b8700000| Complete 
| 904|0x00000007b8800000, 0x00000007b8900000, 0x00000007b8900000|100%| E|CS|TAMS 0x00000007b8800000, 0x00000007b8800000| Complete 
| 905|0x00000007b8900000, 0x00000007b8a00000, 0x00000007b8a00000|100%| E|CS|TAMS 0x00000007b8900000, 0x00000007b8900000| Complete 
| 906|0x00000007b8a00000, 0x00000007b8b00000, 0x00000007b8b00000|100%| E|CS|TAMS 0x00000007b8a00000, 0x00000007b8a00000| Complete 
| 907|0x00000007b8b00000, 0x00000007b8c00000, 0x00000007b8c00000|100%| E|CS|TAMS 0x00000007b8b00000, 0x00000007b8b00000| Complete 
| 908|0x00000007b8c00000, 0x00000007b8d00000, 0x00000007b8d00000|100%| E|CS|TAMS 0x00000007b8c00000, 0x00000007b8c00000| Complete 
| 909|0x00000007b8d00000, 0x00000007b8e00000, 0x00000007b8e00000|100%| E|CS|TAMS 0x00000007b8d00000, 0x00000007b8d00000| Complete 
| 910|0x00000007b8e00000, 0x00000007b8f00000, 0x00000007b8f00000|100%| E|CS|TAMS 0x00000007b8e00000, 0x00000007b8e00000| Complete 
| 911|0x00000007b8f00000, 0x00000007b9000000, 0x00000007b9000000|100%| E|CS|TAMS 0x00000007b8f00000, 0x00000007b8f00000| Complete 
| 912|0x00000007b9000000, 0x00000007b9100000, 0x00000007b9100000|100%| E|CS|TAMS 0x00000007b9000000, 0x00000007b9000000| Complete 
| 913|0x00000007b9100000, 0x00000007b9200000, 0x00000007b9200000|100%| E|CS|TAMS 0x00000007b9100000, 0x00000007b9100000| Complete 
| 914|0x00000007b9200000, 0x00000007b9300000, 0x00000007b9300000|100%| E|CS|TAMS 0x00000007b9200000, 0x00000007b9200000| Complete 
| 915|0x00000007b9300000, 0x00000007b9400000, 0x00000007b9400000|100%| E|CS|TAMS 0x00000007b9300000, 0x00000007b9300000| Complete 
| 916|0x00000007b9400000, 0x00000007b9500000, 0x00000007b9500000|100%| E|CS|TAMS 0x00000007b9400000, 0x00000007b9400000| Complete 
| 917|0x00000007b9500000, 0x00000007b9600000, 0x00000007b9600000|100%| E|CS|TAMS 0x00000007b9500000, 0x00000007b9500000| Complete 
| 918|0x00000007b9600000, 0x00000007b9700000, 0x00000007b9700000|100%| E|CS|TAMS 0x00000007b9600000, 0x00000007b9600000| Complete 
| 919|0x00000007b9700000, 0x00000007b9800000, 0x00000007b9800000|100%| E|CS|TAMS 0x00000007b9700000, 0x00000007b9700000| Complete 
| 920|0x00000007b9800000, 0x00000007b9900000, 0x00000007b9900000|100%| E|CS|TAMS 0x00000007b9800000, 0x00000007b9800000| Complete 
| 921|0x00000007b9900000, 0x00000007b9a00000, 0x00000007b9a00000|100%| E|CS|TAMS 0x00000007b9900000, 0x00000007b9900000| Complete 
| 922|0x00000007b9a00000, 0x00000007b9b00000, 0x00000007b9b00000|100%| E|CS|TAMS 0x00000007b9a00000, 0x00000007b9a00000| Complete 
| 923|0x00000007b9b00000, 0x00000007b9c00000, 0x00000007b9c00000|100%| E|CS|TAMS 0x00000007b9b00000, 0x00000007b9b00000| Complete 
| 924|0x00000007b9c00000, 0x00000007b9d00000, 0x00000007b9d00000|100%| E|CS|TAMS 0x00000007b9c00000, 0x00000007b9c00000| Complete 
| 925|0x00000007b9d00000, 0x00000007b9e00000, 0x00000007b9e00000|100%| E|CS|TAMS 0x00000007b9d00000, 0x00000007b9d00000| Complete 
| 926|0x00000007b9e00000, 0x00000007b9f00000, 0x00000007b9f00000|100%| E|CS|TAMS 0x00000007b9e00000, 0x00000007b9e00000| Complete 
| 927|0x00000007b9f00000, 0x00000007ba000000, 0x00000007ba000000|100%| E|CS|TAMS 0x00000007b9f00000, 0x00000007b9f00000| Complete 
| 928|0x00000007ba000000, 0x00000007ba100000, 0x00000007ba100000|100%| E|CS|TAMS 0x00000007ba000000, 0x00000007ba000000| Complete 
| 929|0x00000007ba100000, 0x00000007ba200000, 0x00000007ba200000|100%| E|CS|TAMS 0x00000007ba100000, 0x00000007ba100000| Complete 
| 930|0x00000007ba200000, 0x00000007ba300000, 0x00000007ba300000|100%| E|CS|TAMS 0x00000007ba200000, 0x00000007ba200000| Complete 
| 931|0x00000007ba300000, 0x00000007ba400000, 0x00000007ba400000|100%| E|CS|TAMS 0x00000007ba300000, 0x00000007ba300000| Complete 
| 932|0x00000007ba400000, 0x00000007ba500000, 0x00000007ba500000|100%| E|CS|TAMS 0x00000007ba400000, 0x00000007ba400000| Complete 
| 933|0x00000007ba500000, 0x00000007ba600000, 0x00000007ba600000|100%| E|CS|TAMS 0x00000007ba500000, 0x00000007ba500000| Complete 
| 934|0x00000007ba600000, 0x00000007ba700000, 0x00000007ba700000|100%| E|CS|TAMS 0x00000007ba600000, 0x00000007ba600000| Complete 
| 935|0x00000007ba700000, 0x00000007ba800000, 0x00000007ba800000|100%| E|CS|TAMS 0x00000007ba700000, 0x00000007ba700000| Complete 
| 936|0x00000007ba800000, 0x00000007ba900000, 0x00000007ba900000|100%| E|CS|TAMS 0x00000007ba800000, 0x00000007ba800000| Complete 
| 937|0x00000007ba900000, 0x00000007baa00000, 0x00000007baa00000|100%| E|CS|TAMS 0x00000007ba900000, 0x00000007ba900000| Complete 
| 938|0x00000007baa00000, 0x00000007bab00000, 0x00000007bab00000|100%| E|CS|TAMS 0x00000007baa00000, 0x00000007baa00000| Complete 
| 939|0x00000007bab00000, 0x00000007bac00000, 0x00000007bac00000|100%| E|CS|TAMS 0x00000007bab00000, 0x00000007bab00000| Complete 
| 940|0x00000007bac00000, 0x00000007bad00000, 0x00000007bad00000|100%| E|CS|TAMS 0x00000007bac00000, 0x00000007bac00000| Complete 
| 941|0x00000007bad00000, 0x00000007bae00000, 0x00000007bae00000|100%| E|CS|TAMS 0x00000007bad00000, 0x00000007bad00000| Complete 
| 942|0x00000007bae00000, 0x00000007baf00000, 0x00000007baf00000|100%| E|CS|TAMS 0x00000007bae00000, 0x00000007bae00000| Complete 
| 943|0x00000007baf00000, 0x00000007bb000000, 0x00000007bb000000|100%| E|CS|TAMS 0x00000007baf00000, 0x00000007baf00000| Complete 
| 944|0x00000007bb000000, 0x00000007bb100000, 0x00000007bb100000|100%| E|CS|TAMS 0x00000007bb000000, 0x00000007bb000000| Complete 
| 945|0x00000007bb100000, 0x00000007bb200000, 0x00000007bb200000|100%| E|CS|TAMS 0x00000007bb100000, 0x00000007bb100000| Complete 
| 946|0x00000007bb200000, 0x00000007bb300000, 0x00000007bb300000|100%| E|CS|TAMS 0x00000007bb200000, 0x00000007bb200000| Complete 
| 947|0x00000007bb300000, 0x00000007bb400000, 0x00000007bb400000|100%| E|CS|TAMS 0x00000007bb300000, 0x00000007bb300000| Complete 
| 948|0x00000007bb400000, 0x00000007bb500000, 0x00000007bb500000|100%| E|CS|TAMS 0x00000007bb400000, 0x00000007bb400000| Complete 
| 949|0x00000007bb500000, 0x00000007bb600000, 0x00000007bb600000|100%| E|CS|TAMS 0x00000007bb500000, 0x00000007bb500000| Complete 
| 950|0x00000007bb600000, 0x00000007bb700000, 0x00000007bb700000|100%| E|CS|TAMS 0x00000007bb600000, 0x00000007bb600000| Complete 
| 951|0x00000007bb700000, 0x00000007bb800000, 0x00000007bb800000|100%| E|CS|TAMS 0x00000007bb700000, 0x00000007bb700000| Complete 
| 952|0x00000007bb800000, 0x00000007bb900000, 0x00000007bb900000|100%| E|CS|TAMS 0x00000007bb800000, 0x00000007bb800000| Complete 
| 953|0x00000007bb900000, 0x00000007bba00000, 0x00000007bba00000|100%| E|CS|TAMS 0x00000007bb900000, 0x00000007bb900000| Complete 
| 954|0x00000007bba00000, 0x00000007bbb00000, 0x00000007bbb00000|100%| E|CS|TAMS 0x00000007bba00000, 0x00000007bba00000| Complete 
| 955|0x00000007bbb00000, 0x00000007bbc00000, 0x00000007bbc00000|100%| E|CS|TAMS 0x00000007bbb00000, 0x00000007bbb00000| Complete 
| 956|0x00000007bbc00000, 0x00000007bbd00000, 0x00000007bbd00000|100%| E|CS|TAMS 0x00000007bbc00000, 0x00000007bbc00000| Complete 
| 957|0x00000007bbd00000, 0x00000007bbe00000, 0x00000007bbe00000|100%| E|CS|TAMS 0x00000007bbd00000, 0x00000007bbd00000| Complete 
| 958|0x00000007bbe00000, 0x00000007bbf00000, 0x00000007bbf00000|100%| E|CS|TAMS 0x00000007bbe00000, 0x00000007bbe00000| Complete 
| 959|0x00000007bbf00000, 0x00000007bc000000, 0x00000007bc000000|100%| E|CS|TAMS 0x00000007bbf00000, 0x00000007bbf00000| Complete 
| 960|0x00000007bc000000, 0x00000007bc100000, 0x00000007bc100000|100%| E|CS|TAMS 0x00000007bc000000, 0x00000007bc000000| Complete 
| 961|0x00000007bc100000, 0x00000007bc200000, 0x00000007bc200000|100%| E|CS|TAMS 0x00000007bc100000, 0x00000007bc100000| Complete 
| 962|0x00000007bc200000, 0x00000007bc300000, 0x00000007bc300000|100%| E|CS|TAMS 0x00000007bc200000, 0x00000007bc200000| Complete 
| 963|0x00000007bc300000, 0x00000007bc400000, 0x00000007bc400000|100%| E|CS|TAMS 0x00000007bc300000, 0x00000007bc300000| Complete 
| 964|0x00000007bc400000, 0x00000007bc500000, 0x00000007bc500000|100%| E|CS|TAMS 0x00000007bc400000, 0x00000007bc400000| Complete 
| 965|0x00000007bc500000, 0x00000007bc600000, 0x00000007bc600000|100%| E|CS|TAMS 0x00000007bc500000, 0x00000007bc500000| Complete 
| 966|0x00000007bc600000, 0x00000007bc700000, 0x00000007bc700000|100%| E|CS|TAMS 0x00000007bc600000, 0x00000007bc600000| Complete 
| 967|0x00000007bc700000, 0x00000007bc800000, 0x00000007bc800000|100%| E|CS|TAMS 0x00000007bc700000, 0x00000007bc700000| Complete 
| 968|0x00000007bc800000, 0x00000007bc900000, 0x00000007bc900000|100%| E|CS|TAMS 0x00000007bc800000, 0x00000007bc800000| Complete 
| 969|0x00000007bc900000, 0x00000007bca00000, 0x00000007bca00000|100%| E|CS|TAMS 0x00000007bc900000, 0x00000007bc900000| Complete 
| 970|0x00000007bca00000, 0x00000007bcb00000, 0x00000007bcb00000|100%| E|CS|TAMS 0x00000007bca00000, 0x00000007bca00000| Complete 
| 971|0x00000007bcb00000, 0x00000007bcc00000, 0x00000007bcc00000|100%| E|CS|TAMS 0x00000007bcb00000, 0x00000007bcb00000| Complete 
| 972|0x00000007bcc00000, 0x00000007bcd00000, 0x00000007bcd00000|100%| E|CS|TAMS 0x00000007bcc00000, 0x00000007bcc00000| Complete 
| 973|0x00000007bcd00000, 0x00000007bce00000, 0x00000007bce00000|100%| E|CS|TAMS 0x00000007bcd00000, 0x00000007bcd00000| Complete 
| 974|0x00000007bce00000, 0x00000007bcf00000, 0x00000007bcf00000|100%| E|CS|TAMS 0x00000007bce00000, 0x00000007bce00000| Complete 
| 975|0x00000007bcf00000, 0x00000007bd000000, 0x00000007bd000000|100%| E|CS|TAMS 0x00000007bcf00000, 0x00000007bcf00000| Complete 
| 976|0x00000007bd000000, 0x00000007bd100000, 0x00000007bd100000|100%| E|CS|TAMS 0x00000007bd000000, 0x00000007bd000000| Complete 
| 977|0x00000007bd100000, 0x00000007bd200000, 0x00000007bd200000|100%| E|CS|TAMS 0x00000007bd100000, 0x00000007bd100000| Complete 
| 978|0x00000007bd200000, 0x00000007bd300000, 0x00000007bd300000|100%| E|CS|TAMS 0x00000007bd200000, 0x00000007bd200000| Complete 
| 979|0x00000007bd300000, 0x00000007bd400000, 0x00000007bd400000|100%| E|CS|TAMS 0x00000007bd300000, 0x00000007bd300000| Complete 
| 980|0x00000007bd400000, 0x00000007bd500000, 0x00000007bd500000|100%| E|CS|TAMS 0x00000007bd400000, 0x00000007bd400000| Complete 
| 981|0x00000007bd500000, 0x00000007bd600000, 0x00000007bd600000|100%| E|CS|TAMS 0x00000007bd500000, 0x00000007bd500000| Complete 
| 982|0x00000007bd600000, 0x00000007bd700000, 0x00000007bd700000|100%| E|CS|TAMS 0x00000007bd600000, 0x00000007bd600000| Complete 
| 983|0x00000007bd700000, 0x00000007bd800000, 0x00000007bd800000|100%| E|CS|TAMS 0x00000007bd700000, 0x00000007bd700000| Complete 
| 984|0x00000007bd800000, 0x00000007bd900000, 0x00000007bd900000|100%| E|CS|TAMS 0x00000007bd800000, 0x00000007bd800000| Complete 
| 985|0x00000007bd900000, 0x00000007bda00000, 0x00000007bda00000|100%| E|CS|TAMS 0x00000007bd900000, 0x00000007bd900000| Complete 
| 986|0x00000007bda00000, 0x00000007bdb00000, 0x00000007bdb00000|100%| E|CS|TAMS 0x00000007bda00000, 0x00000007bda00000| Complete 
| 987|0x00000007bdb00000, 0x00000007bdc00000, 0x00000007bdc00000|100%| E|CS|TAMS 0x00000007bdb00000, 0x00000007bdb00000| Complete 
| 988|0x00000007bdc00000, 0x00000007bdd00000, 0x00000007bdd00000|100%| E|CS|TAMS 0x00000007bdc00000, 0x00000007bdc00000| Complete 
| 989|0x00000007bdd00000, 0x00000007bde00000, 0x00000007bde00000|100%| E|CS|TAMS 0x00000007bdd00000, 0x00000007bdd00000| Complete 
| 990|0x00000007bde00000, 0x00000007bdf00000, 0x00000007bdf00000|100%| E|CS|TAMS 0x00000007bde00000, 0x00000007bde00000| Complete 
| 991|0x00000007bdf00000, 0x00000007be000000, 0x00000007be000000|100%| E|CS|TAMS 0x00000007bdf00000, 0x00000007bdf00000| Complete 
| 992|0x00000007be000000, 0x00000007be100000, 0x00000007be100000|100%| E|CS|TAMS 0x00000007be000000, 0x00000007be000000| Complete 
| 993|0x00000007be100000, 0x00000007be200000, 0x00000007be200000|100%| E|CS|TAMS 0x00000007be100000, 0x00000007be100000| Complete 
| 994|0x00000007be200000, 0x00000007be300000, 0x00000007be300000|100%| E|CS|TAMS 0x00000007be200000, 0x00000007be200000| Complete 
| 995|0x00000007be300000, 0x00000007be400000, 0x00000007be400000|100%| E|CS|TAMS 0x00000007be300000, 0x00000007be300000| Complete 
| 996|0x00000007be400000, 0x00000007be500000, 0x00000007be500000|100%| E|CS|TAMS 0x00000007be400000, 0x00000007be400000| Complete 
| 997|0x00000007be500000, 0x00000007be600000, 0x00000007be600000|100%| E|CS|TAMS 0x00000007be500000, 0x00000007be500000| Complete 
| 998|0x00000007be600000, 0x00000007be700000, 0x00000007be700000|100%| E|CS|TAMS 0x00000007be600000, 0x00000007be600000| Complete 
| 999|0x00000007be700000, 0x00000007be800000, 0x00000007be800000|100%| E|CS|TAMS 0x00000007be700000, 0x00000007be700000| Complete 
|1000|0x00000007be800000, 0x00000007be900000, 0x00000007be900000|100%| E|CS|TAMS 0x00000007be800000, 0x00000007be800000| Complete 
|1001|0x00000007be900000, 0x00000007bea00000, 0x00000007bea00000|100%| E|CS|TAMS 0x00000007be900000, 0x00000007be900000| Complete 
|1002|0x00000007bea00000, 0x00000007beb00000, 0x00000007beb00000|100%| E|CS|TAMS 0x00000007bea00000, 0x00000007bea00000| Complete 
|1003|0x00000007beb00000, 0x00000007bec00000, 0x00000007bec00000|100%| E|CS|TAMS 0x00000007beb00000, 0x00000007beb00000| Complete 
|1004|0x00000007bec00000, 0x00000007bed00000, 0x00000007bed00000|100%| E|CS|TAMS 0x00000007bec00000, 0x00000007bec00000| Complete 
|1005|0x00000007bed00000, 0x00000007bee00000, 0x00000007bee00000|100%| E|CS|TAMS 0x00000007bed00000, 0x00000007bed00000| Complete 
|1006|0x00000007bee00000, 0x00000007bef00000, 0x00000007bef00000|100%| E|CS|TAMS 0x00000007bee00000, 0x00000007bee00000| Complete 
|1007|0x00000007bef00000, 0x00000007bf000000, 0x00000007bf000000|100%| E|CS|TAMS 0x00000007bef00000, 0x00000007bef00000| Complete 
|1008|0x00000007bf000000, 0x00000007bf100000, 0x00000007bf100000|100%| E|CS|TAMS 0x00000007bf000000, 0x00000007bf000000| Complete 
|1009|0x00000007bf100000, 0x00000007bf200000, 0x00000007bf200000|100%| E|CS|TAMS 0x00000007bf100000, 0x00000007bf100000| Complete 
|1010|0x00000007bf200000, 0x00000007bf300000, 0x00000007bf300000|100%| E|CS|TAMS 0x00000007bf200000, 0x00000007bf200000| Complete 
|1011|0x00000007bf300000, 0x00000007bf400000, 0x00000007bf400000|100%| E|CS|TAMS 0x00000007bf300000, 0x00000007bf300000| Complete 
|1012|0x00000007bf400000, 0x00000007bf500000, 0x00000007bf500000|100%| E|CS|TAMS 0x00000007bf400000, 0x00000007bf400000| Complete 
|1013|0x00000007bf500000, 0x00000007bf600000, 0x00000007bf600000|100%| E|CS|TAMS 0x00000007bf500000, 0x00000007bf500000| Complete 
|1014|0x00000007bf600000, 0x00000007bf700000, 0x00000007bf700000|100%| E|CS|TAMS 0x00000007bf600000, 0x00000007bf600000| Complete 
|1015|0x00000007bf700000, 0x00000007bf800000, 0x00000007bf800000|100%| E|CS|TAMS 0x00000007bf700000, 0x00000007bf700000| Complete 
|1016|0x00000007bf800000, 0x00000007bf900000, 0x00000007bf900000|100%| E|CS|TAMS 0x00000007bf800000, 0x00000007bf800000| Complete 
|1017|0x00000007bf900000, 0x00000007bfa00000, 0x00000007bfa00000|100%| E|CS|TAMS 0x00000007bf900000, 0x00000007bf900000| Complete 
|1018|0x00000007bfa00000, 0x00000007bfb00000, 0x00000007bfb00000|100%| E|CS|TAMS 0x00000007bfa00000, 0x00000007bfa00000| Complete 
|1019|0x00000007bfb00000, 0x00000007bfc00000, 0x00000007bfc00000|100%| E|CS|TAMS 0x00000007bfb00000, 0x00000007bfb00000| Complete 
|1020|0x00000007bfc00000, 0x00000007bfd00000, 0x00000007bfd00000|100%| E|CS|TAMS 0x00000007bfc00000, 0x00000007bfc00000| Complete 
|1021|0x00000007bfd00000, 0x00000007bfe00000, 0x00000007bfe00000|100%| E|CS|TAMS 0x00000007bfd00000, 0x00000007bfd00000| Complete 
|1022|0x00000007bfe00000, 0x00000007bff00000, 0x00000007bff00000|100%| E|CS|TAMS 0x00000007bfe00000, 0x00000007bfe00000| Complete 
|1023|0x00000007bff00000, 0x00000007c0000000, 0x00000007c0000000|100%| E|CS|TAMS 0x00000007bff00000, 0x00000007bff00000| Complete 
|1024|0x00000007c0000000, 0x00000007c0100000, 0x00000007c0100000|100%| E|CS|TAMS 0x00000007c0000000, 0x00000007c0000000| Complete 
|1025|0x00000007c0100000, 0x00000007c0200000, 0x00000007c0200000|100%| E|CS|TAMS 0x00000007c0100000, 0x00000007c0100000| Complete 
|1026|0x00000007c0200000, 0x00000007c0300000, 0x00000007c0300000|100%| E|CS|TAMS 0x00000007c0200000, 0x00000007c0200000| Complete 
|1027|0x00000007c0300000, 0x00000007c0400000, 0x00000007c0400000|100%| E|CS|TAMS 0x00000007c0300000, 0x00000007c0300000| Complete 
|1028|0x00000007c0400000, 0x00000007c0500000, 0x00000007c0500000|100%| E|CS|TAMS 0x00000007c0400000, 0x00000007c0400000| Complete 
|1029|0x00000007c0500000, 0x00000007c0600000, 0x00000007c0600000|100%| E|CS|TAMS 0x00000007c0500000, 0x00000007c0500000| Complete 
|1030|0x00000007c0600000, 0x00000007c0700000, 0x00000007c0700000|100%| E|CS|TAMS 0x00000007c0600000, 0x00000007c0600000| Complete 
|1031|0x00000007c0700000, 0x00000007c0800000, 0x00000007c0800000|100%| E|CS|TAMS 0x00000007c0700000, 0x00000007c0700000| Complete 
|1032|0x00000007c0800000, 0x00000007c0900000, 0x00000007c0900000|100%| E|CS|TAMS 0x00000007c0800000, 0x00000007c0800000| Complete 
|1033|0x00000007c0900000, 0x00000007c0a00000, 0x00000007c0a00000|100%| E|CS|TAMS 0x00000007c0900000, 0x00000007c0900000| Complete 
|1034|0x00000007c0a00000, 0x00000007c0b00000, 0x00000007c0b00000|100%| E|CS|TAMS 0x00000007c0a00000, 0x00000007c0a00000| Complete 
|1035|0x00000007c0b00000, 0x00000007c0c00000, 0x00000007c0c00000|100%| E|CS|TAMS 0x00000007c0b00000, 0x00000007c0b00000| Complete 
|1036|0x00000007c0c00000, 0x00000007c0d00000, 0x00000007c0d00000|100%| E|CS|TAMS 0x00000007c0c00000, 0x00000007c0c00000| Complete 
|1037|0x00000007c0d00000, 0x00000007c0e00000, 0x00000007c0e00000|100%| E|CS|TAMS 0x00000007c0d00000, 0x00000007c0d00000| Complete 
|1038|0x00000007c0e00000, 0x00000007c0f00000, 0x00000007c0f00000|100%| E|CS|TAMS 0x00000007c0e00000, 0x00000007c0e00000| Complete 
|1039|0x00000007c0f00000, 0x00000007c1000000, 0x00000007c1000000|100%| E|CS|TAMS 0x00000007c0f00000, 0x00000007c0f00000| Complete 
|1040|0x00000007c1000000, 0x00000007c1100000, 0x00000007c1100000|100%| E|CS|TAMS 0x00000007c1000000, 0x00000007c1000000| Complete 
|1041|0x00000007c1100000, 0x00000007c1200000, 0x00000007c1200000|100%| E|CS|TAMS 0x00000007c1100000, 0x00000007c1100000| Complete 
|1042|0x00000007c1200000, 0x00000007c1300000, 0x00000007c1300000|100%| E|CS|TAMS 0x00000007c1200000, 0x00000007c1200000| Complete 
|1043|0x00000007c1300000, 0x00000007c1400000, 0x00000007c1400000|100%| E|CS|TAMS 0x00000007c1300000, 0x00000007c1300000| Complete 
|1044|0x00000007c1400000, 0x00000007c1500000, 0x00000007c1500000|100%| E|CS|TAMS 0x00000007c1400000, 0x00000007c1400000| Complete 
|1045|0x00000007c1500000, 0x00000007c1600000, 0x00000007c1600000|100%| E|CS|TAMS 0x00000007c1500000, 0x00000007c1500000| Complete 
|1046|0x00000007c1600000, 0x00000007c1700000, 0x00000007c1700000|100%| E|CS|TAMS 0x00000007c1600000, 0x00000007c1600000| Complete 
|1047|0x00000007c1700000, 0x00000007c1800000, 0x00000007c1800000|100%| E|CS|TAMS 0x00000007c1700000, 0x00000007c1700000| Complete 
|1048|0x00000007c1800000, 0x00000007c1900000, 0x00000007c1900000|100%| E|CS|TAMS 0x00000007c1800000, 0x00000007c1800000| Complete 
|1049|0x00000007c1900000, 0x00000007c1a00000, 0x00000007c1a00000|100%| E|CS|TAMS 0x00000007c1900000, 0x00000007c1900000| Complete 
|1050|0x00000007c1a00000, 0x00000007c1b00000, 0x00000007c1b00000|100%| E|CS|TAMS 0x00000007c1a00000, 0x00000007c1a00000| Complete 
|1051|0x00000007c1b00000, 0x00000007c1c00000, 0x00000007c1c00000|100%| E|CS|TAMS 0x00000007c1b00000, 0x00000007c1b00000| Complete 
|1052|0x00000007c1c00000, 0x00000007c1d00000, 0x00000007c1d00000|100%| E|CS|TAMS 0x00000007c1c00000, 0x00000007c1c00000| Complete 
|1053|0x00000007c1d00000, 0x00000007c1e00000, 0x00000007c1e00000|100%| E|CS|TAMS 0x00000007c1d00000, 0x00000007c1d00000| Complete 
|1054|0x00000007c1e00000, 0x00000007c1f00000, 0x00000007c1f00000|100%| E|CS|TAMS 0x00000007c1e00000, 0x00000007c1e00000| Complete 
|1055|0x00000007c1f00000, 0x00000007c2000000, 0x00000007c2000000|100%| E|CS|TAMS 0x00000007c1f00000, 0x00000007c1f00000| Complete 
|1056|0x00000007c2000000, 0x00000007c2100000, 0x00000007c2100000|100%| E|CS|TAMS 0x00000007c2000000, 0x00000007c2000000| Complete 
|1057|0x00000007c2100000, 0x00000007c2200000, 0x00000007c2200000|100%| E|CS|TAMS 0x00000007c2100000, 0x00000007c2100000| Complete 
|1058|0x00000007c2200000, 0x00000007c2300000, 0x00000007c2300000|100%| E|CS|TAMS 0x00000007c2200000, 0x00000007c2200000| Complete 
|1059|0x00000007c2300000, 0x00000007c2400000, 0x00000007c2400000|100%| E|CS|TAMS 0x00000007c2300000, 0x00000007c2300000| Complete 
|1060|0x00000007c2400000, 0x00000007c2500000, 0x00000007c2500000|100%| E|CS|TAMS 0x00000007c2400000, 0x00000007c2400000| Complete 
|1061|0x00000007c2500000, 0x00000007c2600000, 0x00000007c2600000|100%| E|CS|TAMS 0x00000007c2500000, 0x00000007c2500000| Complete 
|1062|0x00000007c2600000, 0x00000007c2700000, 0x00000007c2700000|100%| E|CS|TAMS 0x00000007c2600000, 0x00000007c2600000| Complete 
|1063|0x00000007c2700000, 0x00000007c2800000, 0x00000007c2800000|100%| E|CS|TAMS 0x00000007c2700000, 0x00000007c2700000| Complete 
|1064|0x00000007c2800000, 0x00000007c2900000, 0x00000007c2900000|100%| E|CS|TAMS 0x00000007c2800000, 0x00000007c2800000| Complete 
|1065|0x00000007c2900000, 0x00000007c2a00000, 0x00000007c2a00000|100%| E|CS|TAMS 0x00000007c2900000, 0x00000007c2900000| Complete 
|1066|0x00000007c2a00000, 0x00000007c2b00000, 0x00000007c2b00000|100%| E|CS|TAMS 0x00000007c2a00000, 0x00000007c2a00000| Complete 
|1067|0x00000007c2b00000, 0x00000007c2c00000, 0x00000007c2c00000|100%| E|CS|TAMS 0x00000007c2b00000, 0x00000007c2b00000| Complete 
|1068|0x00000007c2c00000, 0x00000007c2d00000, 0x00000007c2d00000|100%| E|CS|TAMS 0x00000007c2c00000, 0x00000007c2c00000| Complete 
|1069|0x00000007c2d00000, 0x00000007c2e00000, 0x00000007c2e00000|100%| E|CS|TAMS 0x00000007c2d00000, 0x00000007c2d00000| Complete 
|1070|0x00000007c2e00000, 0x00000007c2f00000, 0x00000007c2f00000|100%| E|CS|TAMS 0x00000007c2e00000, 0x00000007c2e00000| Complete 
|1071|0x00000007c2f00000, 0x00000007c3000000, 0x00000007c3000000|100%| E|CS|TAMS 0x00000007c2f00000, 0x00000007c2f00000| Complete 
|1072|0x00000007c3000000, 0x00000007c3100000, 0x00000007c3100000|100%| E|CS|TAMS 0x00000007c3000000, 0x00000007c3000000| Complete 
|1073|0x00000007c3100000, 0x00000007c3200000, 0x00000007c3200000|100%| E|CS|TAMS 0x00000007c3100000, 0x00000007c3100000| Complete 
|1074|0x00000007c3200000, 0x00000007c3300000, 0x00000007c3300000|100%| E|CS|TAMS 0x00000007c3200000, 0x00000007c3200000| Complete 
|1075|0x00000007c3300000, 0x00000007c3400000, 0x00000007c3400000|100%| E|CS|TAMS 0x00000007c3300000, 0x00000007c3300000| Complete 
|1076|0x00000007c3400000, 0x00000007c3500000, 0x00000007c3500000|100%| E|CS|TAMS 0x00000007c3400000, 0x00000007c3400000| Complete 
|1077|0x00000007c3500000, 0x00000007c3600000, 0x00000007c3600000|100%| E|CS|TAMS 0x00000007c3500000, 0x00000007c3500000| Complete 
|1078|0x00000007c3600000, 0x00000007c3700000, 0x00000007c3700000|100%| E|CS|TAMS 0x00000007c3600000, 0x00000007c3600000| Complete 
|1079|0x00000007c3700000, 0x00000007c3800000, 0x00000007c3800000|100%| E|CS|TAMS 0x00000007c3700000, 0x00000007c3700000| Complete 
|1080|0x00000007c3800000, 0x00000007c3900000, 0x00000007c3900000|100%| E|CS|TAMS 0x00000007c3800000, 0x00000007c3800000| Complete 
|1081|0x00000007c3900000, 0x00000007c3a00000, 0x00000007c3a00000|100%| E|CS|TAMS 0x00000007c3900000, 0x00000007c3900000| Complete 
|1082|0x00000007c3a00000, 0x00000007c3b00000, 0x00000007c3b00000|100%| E|CS|TAMS 0x00000007c3a00000, 0x00000007c3a00000| Complete 
|1083|0x00000007c3b00000, 0x00000007c3c00000, 0x00000007c3c00000|100%| E|CS|TAMS 0x00000007c3b00000, 0x00000007c3b00000| Complete 
|1084|0x00000007c3c00000, 0x00000007c3d00000, 0x00000007c3d00000|100%| E|CS|TAMS 0x00000007c3c00000, 0x00000007c3c00000| Complete 
|1085|0x00000007c3d00000, 0x00000007c3e00000, 0x00000007c3e00000|100%| E|CS|TAMS 0x00000007c3d00000, 0x00000007c3d00000| Complete 
|1086|0x00000007c3e00000, 0x00000007c3f00000, 0x00000007c3f00000|100%| E|CS|TAMS 0x00000007c3e00000, 0x00000007c3e00000| Complete 
|1087|0x00000007c3f00000, 0x00000007c4000000, 0x00000007c4000000|100%| E|CS|TAMS 0x00000007c3f00000, 0x00000007c3f00000| Complete 
|1088|0x00000007c4000000, 0x00000007c4100000, 0x00000007c4100000|100%| E|CS|TAMS 0x00000007c4000000, 0x00000007c4000000| Complete 
|1089|0x00000007c4100000, 0x00000007c4200000, 0x00000007c4200000|100%| E|CS|TAMS 0x00000007c4100000, 0x00000007c4100000| Complete 
|1090|0x00000007c4200000, 0x00000007c4300000, 0x00000007c4300000|100%| E|CS|TAMS 0x00000007c4200000, 0x00000007c4200000| Complete 
|1091|0x00000007c4300000, 0x00000007c4400000, 0x00000007c4400000|100%| E|CS|TAMS 0x00000007c4300000, 0x00000007c4300000| Complete 
|1092|0x00000007c4400000, 0x00000007c4500000, 0x00000007c4500000|100%| E|CS|TAMS 0x00000007c4400000, 0x00000007c4400000| Complete 
|1093|0x00000007c4500000, 0x00000007c4600000, 0x00000007c4600000|100%| E|CS|TAMS 0x00000007c4500000, 0x00000007c4500000| Complete 
|1094|0x00000007c4600000, 0x00000007c4700000, 0x00000007c4700000|100%| E|CS|TAMS 0x00000007c4600000, 0x00000007c4600000| Complete 
|1095|0x00000007c4700000, 0x00000007c4800000, 0x00000007c4800000|100%| E|CS|TAMS 0x00000007c4700000, 0x00000007c4700000| Complete 
|1096|0x00000007c4800000, 0x00000007c4900000, 0x00000007c4900000|100%| E|CS|TAMS 0x00000007c4800000, 0x00000007c4800000| Complete 
|1097|0x00000007c4900000, 0x00000007c4a00000, 0x00000007c4a00000|100%| E|CS|TAMS 0x00000007c4900000, 0x00000007c4900000| Complete 
|1098|0x00000007c4a00000, 0x00000007c4b00000, 0x00000007c4b00000|100%| E|CS|TAMS 0x00000007c4a00000, 0x00000007c4a00000| Complete 
|1099|0x00000007c4b00000, 0x00000007c4c00000, 0x00000007c4c00000|100%| E|CS|TAMS 0x00000007c4b00000, 0x00000007c4b00000| Complete 
|1100|0x00000007c4c00000, 0x00000007c4d00000, 0x00000007c4d00000|100%| E|CS|TAMS 0x00000007c4c00000, 0x00000007c4c00000| Complete 
|1101|0x00000007c4d00000, 0x00000007c4e00000, 0x00000007c4e00000|100%| E|CS|TAMS 0x00000007c4d00000, 0x00000007c4d00000| Complete 
|1102|0x00000007c4e00000, 0x00000007c4f00000, 0x00000007c4f00000|100%| E|CS|TAMS 0x00000007c4e00000, 0x00000007c4e00000| Complete 
|1103|0x00000007c4f00000, 0x00000007c5000000, 0x00000007c5000000|100%| E|CS|TAMS 0x00000007c4f00000, 0x00000007c4f00000| Complete 
|1104|0x00000007c5000000, 0x00000007c5100000, 0x00000007c5100000|100%| E|CS|TAMS 0x00000007c5000000, 0x00000007c5000000| Complete 
|1105|0x00000007c5100000, 0x00000007c5200000, 0x00000007c5200000|100%| E|CS|TAMS 0x00000007c5100000, 0x00000007c5100000| Complete 
|1106|0x00000007c5200000, 0x00000007c5300000, 0x00000007c5300000|100%| E|CS|TAMS 0x00000007c5200000, 0x00000007c5200000| Complete 
|1107|0x00000007c5300000, 0x00000007c5400000, 0x00000007c5400000|100%| E|CS|TAMS 0x00000007c5300000, 0x00000007c5300000| Complete 
|1108|0x00000007c5400000, 0x00000007c5500000, 0x00000007c5500000|100%| E|CS|TAMS 0x00000007c5400000, 0x00000007c5400000| Complete 
|1109|0x00000007c5500000, 0x00000007c5600000, 0x00000007c5600000|100%| E|CS|TAMS 0x00000007c5500000, 0x00000007c5500000| Complete 
|1110|0x00000007c5600000, 0x00000007c5700000, 0x00000007c5700000|100%| E|CS|TAMS 0x00000007c5600000, 0x00000007c5600000| Complete 
|1111|0x00000007c5700000, 0x00000007c5800000, 0x00000007c5800000|100%| E|CS|TAMS 0x00000007c5700000, 0x00000007c5700000| Complete 
|1112|0x00000007c5800000, 0x00000007c5900000, 0x00000007c5900000|100%| E|CS|TAMS 0x00000007c5800000, 0x00000007c5800000| Complete 
|1113|0x00000007c5900000, 0x00000007c5a00000, 0x00000007c5a00000|100%| E|CS|TAMS 0x00000007c5900000, 0x00000007c5900000| Complete 
|1114|0x00000007c5a00000, 0x00000007c5b00000, 0x00000007c5b00000|100%| E|CS|TAMS 0x00000007c5a00000, 0x00000007c5a00000| Complete 
|1115|0x00000007c5b00000, 0x00000007c5c00000, 0x00000007c5c00000|100%| E|CS|TAMS 0x00000007c5b00000, 0x00000007c5b00000| Complete 
|1116|0x00000007c5c00000, 0x00000007c5d00000, 0x00000007c5d00000|100%| E|CS|TAMS 0x00000007c5c00000, 0x00000007c5c00000| Complete 
|1117|0x00000007c5d00000, 0x00000007c5e00000, 0x00000007c5e00000|100%| E|CS|TAMS 0x00000007c5d00000, 0x00000007c5d00000| Complete 
|1118|0x00000007c5e00000, 0x00000007c5f00000, 0x00000007c5f00000|100%| E|CS|TAMS 0x00000007c5e00000, 0x00000007c5e00000| Complete 
|1119|0x00000007c5f00000, 0x00000007c6000000, 0x00000007c6000000|100%| E|CS|TAMS 0x00000007c5f00000, 0x00000007c5f00000| Complete 
|1120|0x00000007c6000000, 0x00000007c6100000, 0x00000007c6100000|100%| E|CS|TAMS 0x00000007c6000000, 0x00000007c6000000| Complete 
|1121|0x00000007c6100000, 0x00000007c6200000, 0x00000007c6200000|100%| E|CS|TAMS 0x00000007c6100000, 0x00000007c6100000| Complete 
|1122|0x00000007c6200000, 0x00000007c6300000, 0x00000007c6300000|100%| E|CS|TAMS 0x00000007c6200000, 0x00000007c6200000| Complete 
|1123|0x00000007c6300000, 0x00000007c6400000, 0x00000007c6400000|100%| E|CS|TAMS 0x00000007c6300000, 0x00000007c6300000| Complete 
|1124|0x00000007c6400000, 0x00000007c6500000, 0x00000007c6500000|100%| E|CS|TAMS 0x00000007c6400000, 0x00000007c6400000| Complete 
|1125|0x00000007c6500000, 0x00000007c6600000, 0x00000007c6600000|100%| E|CS|TAMS 0x00000007c6500000, 0x00000007c6500000| Complete 
|1126|0x00000007c6600000, 0x00000007c6700000, 0x00000007c6700000|100%| E|CS|TAMS 0x00000007c6600000, 0x00000007c6600000| Complete 
|1127|0x00000007c6700000, 0x00000007c6800000, 0x00000007c6800000|100%| E|CS|TAMS 0x00000007c6700000, 0x00000007c6700000| Complete 
|1128|0x00000007c6800000, 0x00000007c6900000, 0x00000007c6900000|100%| E|CS|TAMS 0x00000007c6800000, 0x00000007c6800000| Complete 
|1129|0x00000007c6900000, 0x00000007c6a00000, 0x00000007c6a00000|100%| E|CS|TAMS 0x00000007c6900000, 0x00000007c6900000| Complete 
|1130|0x00000007c6a00000, 0x00000007c6b00000, 0x00000007c6b00000|100%| E|CS|TAMS 0x00000007c6a00000, 0x00000007c6a00000| Complete 
|1131|0x00000007c6b00000, 0x00000007c6c00000, 0x00000007c6c00000|100%| E|CS|TAMS 0x00000007c6b00000, 0x00000007c6b00000| Complete 
|1132|0x00000007c6c00000, 0x00000007c6d00000, 0x00000007c6d00000|100%| E|CS|TAMS 0x00000007c6c00000, 0x00000007c6c00000| Complete 
|1133|0x00000007c6d00000, 0x00000007c6e00000, 0x00000007c6e00000|100%| E|CS|TAMS 0x00000007c6d00000, 0x00000007c6d00000| Complete 
|1134|0x00000007c6e00000, 0x00000007c6f00000, 0x00000007c6f00000|100%| E|CS|TAMS 0x00000007c6e00000, 0x00000007c6e00000| Complete 
|1135|0x00000007c6f00000, 0x00000007c7000000, 0x00000007c7000000|100%| E|CS|TAMS 0x00000007c6f00000, 0x00000007c6f00000| Complete 
|1136|0x00000007c7000000, 0x00000007c7100000, 0x00000007c7100000|100%| E|CS|TAMS 0x00000007c7000000, 0x00000007c7000000| Complete 
|1137|0x00000007c7100000, 0x00000007c7200000, 0x00000007c7200000|100%| E|CS|TAMS 0x00000007c7100000, 0x00000007c7100000| Complete 
|1138|0x00000007c7200000, 0x00000007c7300000, 0x00000007c7300000|100%| E|CS|TAMS 0x00000007c7200000, 0x00000007c7200000| Complete 
|1139|0x00000007c7300000, 0x00000007c7400000, 0x00000007c7400000|100%| E|CS|TAMS 0x00000007c7300000, 0x00000007c7300000| Complete 
|1140|0x00000007c7400000, 0x00000007c7500000, 0x00000007c7500000|100%| E|CS|TAMS 0x00000007c7400000, 0x00000007c7400000| Complete 
|1141|0x00000007c7500000, 0x00000007c7600000, 0x00000007c7600000|100%| E|CS|TAMS 0x00000007c7500000, 0x00000007c7500000| Complete 
|1142|0x00000007c7600000, 0x00000007c7700000, 0x00000007c7700000|100%| E|CS|TAMS 0x00000007c7600000, 0x00000007c7600000| Complete 
|1143|0x00000007c7700000, 0x00000007c7800000, 0x00000007c7800000|100%| E|CS|TAMS 0x00000007c7700000, 0x00000007c7700000| Complete 
|1144|0x00000007c7800000, 0x00000007c7900000, 0x00000007c7900000|100%| E|CS|TAMS 0x00000007c7800000, 0x00000007c7800000| Complete 
|1145|0x00000007c7900000, 0x00000007c7a00000, 0x00000007c7a00000|100%| E|CS|TAMS 0x00000007c7900000, 0x00000007c7900000| Complete 
|1146|0x00000007c7a00000, 0x00000007c7b00000, 0x00000007c7b00000|100%| E|CS|TAMS 0x00000007c7a00000, 0x00000007c7a00000| Complete 
|1147|0x00000007c7b00000, 0x00000007c7c00000, 0x00000007c7c00000|100%| E|CS|TAMS 0x00000007c7b00000, 0x00000007c7b00000| Complete 
|1148|0x00000007c7c00000, 0x00000007c7d00000, 0x00000007c7d00000|100%| E|CS|TAMS 0x00000007c7c00000, 0x00000007c7c00000| Complete 
|1149|0x00000007c7d00000, 0x00000007c7e00000, 0x00000007c7e00000|100%| E|CS|TAMS 0x00000007c7d00000, 0x00000007c7d00000| Complete 
|1150|0x00000007c7e00000, 0x00000007c7f00000, 0x00000007c7f00000|100%| E|CS|TAMS 0x00000007c7e00000, 0x00000007c7e00000| Complete 
|1151|0x00000007c7f00000, 0x00000007c8000000, 0x00000007c8000000|100%| E|CS|TAMS 0x00000007c7f00000, 0x00000007c7f00000| Complete 
|1152|0x00000007c8000000, 0x00000007c8100000, 0x00000007c8100000|100%| E|CS|TAMS 0x00000007c8000000, 0x00000007c8000000| Complete 
|1153|0x00000007c8100000, 0x00000007c8200000, 0x00000007c8200000|100%| E|CS|TAMS 0x00000007c8100000, 0x00000007c8100000| Complete 
|1154|0x00000007c8200000, 0x00000007c8300000, 0x00000007c8300000|100%| E|CS|TAMS 0x00000007c8200000, 0x00000007c8200000| Complete 
|1155|0x00000007c8300000, 0x00000007c8400000, 0x00000007c8400000|100%| E|CS|TAMS 0x00000007c8300000, 0x00000007c8300000| Complete 
|1156|0x00000007c8400000, 0x00000007c8500000, 0x00000007c8500000|100%| E|CS|TAMS 0x00000007c8400000, 0x00000007c8400000| Complete 
|1157|0x00000007c8500000, 0x00000007c8600000, 0x00000007c8600000|100%| E|CS|TAMS 0x00000007c8500000, 0x00000007c8500000| Complete 
|1158|0x00000007c8600000, 0x00000007c8700000, 0x00000007c8700000|100%| E|CS|TAMS 0x00000007c8600000, 0x00000007c8600000| Complete 
|1159|0x00000007c8700000, 0x00000007c8800000, 0x00000007c8800000|100%| E|CS|TAMS 0x00000007c8700000, 0x00000007c8700000| Complete 
|1160|0x00000007c8800000, 0x00000007c8900000, 0x00000007c8900000|100%| E|CS|TAMS 0x00000007c8800000, 0x00000007c8800000| Complete 
|1161|0x00000007c8900000, 0x00000007c8a00000, 0x00000007c8a00000|100%| E|CS|TAMS 0x00000007c8900000, 0x00000007c8900000| Complete 
|1162|0x00000007c8a00000, 0x00000007c8b00000, 0x00000007c8b00000|100%| E|CS|TAMS 0x00000007c8a00000, 0x00000007c8a00000| Complete 
|1163|0x00000007c8b00000, 0x00000007c8c00000, 0x00000007c8c00000|100%| E|CS|TAMS 0x00000007c8b00000, 0x00000007c8b00000| Complete 
|1164|0x00000007c8c00000, 0x00000007c8d00000, 0x00000007c8d00000|100%| E|CS|TAMS 0x00000007c8c00000, 0x00000007c8c00000| Complete 
|1165|0x00000007c8d00000, 0x00000007c8e00000, 0x00000007c8e00000|100%| E|CS|TAMS 0x00000007c8d00000, 0x00000007c8d00000| Complete 
|1166|0x00000007c8e00000, 0x00000007c8f00000, 0x00000007c8f00000|100%| E|CS|TAMS 0x00000007c8e00000, 0x00000007c8e00000| Complete 
|1167|0x00000007c8f00000, 0x00000007c9000000, 0x00000007c9000000|100%| E|CS|TAMS 0x00000007c8f00000, 0x00000007c8f00000| Complete 
|1168|0x00000007c9000000, 0x00000007c9100000, 0x00000007c9100000|100%| E|CS|TAMS 0x00000007c9000000, 0x00000007c9000000| Complete 
|1169|0x00000007c9100000, 0x00000007c9200000, 0x00000007c9200000|100%| E|CS|TAMS 0x00000007c9100000, 0x00000007c9100000| Complete 
|1170|0x00000007c9200000, 0x00000007c9300000, 0x00000007c9300000|100%| E|CS|TAMS 0x00000007c9200000, 0x00000007c9200000| Complete 
|1171|0x00000007c9300000, 0x00000007c9400000, 0x00000007c9400000|100%| E|CS|TAMS 0x00000007c9300000, 0x00000007c9300000| Complete 
|1172|0x00000007c9400000, 0x00000007c9500000, 0x00000007c9500000|100%| E|CS|TAMS 0x00000007c9400000, 0x00000007c9400000| Complete 
|1173|0x00000007c9500000, 0x00000007c9600000, 0x00000007c9600000|100%| E|CS|TAMS 0x00000007c9500000, 0x00000007c9500000| Complete 
|1174|0x00000007c9600000, 0x00000007c9700000, 0x00000007c9700000|100%| E|CS|TAMS 0x00000007c9600000, 0x00000007c9600000| Complete 
|1175|0x00000007c9700000, 0x00000007c9800000, 0x00000007c9800000|100%| E|CS|TAMS 0x00000007c9700000, 0x00000007c9700000| Complete 
|1176|0x00000007c9800000, 0x00000007c9900000, 0x00000007c9900000|100%| E|CS|TAMS 0x00000007c9800000, 0x00000007c9800000| Complete 
|1177|0x00000007c9900000, 0x00000007c9a00000, 0x00000007c9a00000|100%| E|CS|TAMS 0x00000007c9900000, 0x00000007c9900000| Complete 
|1178|0x00000007c9a00000, 0x00000007c9b00000, 0x00000007c9b00000|100%| E|CS|TAMS 0x00000007c9a00000, 0x00000007c9a00000| Complete 
|1179|0x00000007c9b00000, 0x00000007c9c00000, 0x00000007c9c00000|100%| E|CS|TAMS 0x00000007c9b00000, 0x00000007c9b00000| Complete 
|1180|0x00000007c9c00000, 0x00000007c9d00000, 0x00000007c9d00000|100%| E|CS|TAMS 0x00000007c9c00000, 0x00000007c9c00000| Complete 
|1181|0x00000007c9d00000, 0x00000007c9e00000, 0x00000007c9e00000|100%| E|CS|TAMS 0x00000007c9d00000, 0x00000007c9d00000| Complete 
|1182|0x00000007c9e00000, 0x00000007c9f00000, 0x00000007c9f00000|100%| E|CS|TAMS 0x00000007c9e00000, 0x00000007c9e00000| Complete 
|1183|0x00000007c9f00000, 0x00000007ca000000, 0x00000007ca000000|100%| E|CS|TAMS 0x00000007c9f00000, 0x00000007c9f00000| Complete 
|1184|0x00000007ca000000, 0x00000007ca100000, 0x00000007ca100000|100%| E|CS|TAMS 0x00000007ca000000, 0x00000007ca000000| Complete 
|1185|0x00000007ca100000, 0x00000007ca200000, 0x00000007ca200000|100%| E|CS|TAMS 0x00000007ca100000, 0x00000007ca100000| Complete 
|1186|0x00000007ca200000, 0x00000007ca300000, 0x00000007ca300000|100%| E|CS|TAMS 0x00000007ca200000, 0x00000007ca200000| Complete 
|1187|0x00000007ca300000, 0x00000007ca400000, 0x00000007ca400000|100%| E|CS|TAMS 0x00000007ca300000, 0x00000007ca300000| Complete 
|1188|0x00000007ca400000, 0x00000007ca500000, 0x00000007ca500000|100%| E|CS|TAMS 0x00000007ca400000, 0x00000007ca400000| Complete 
|1189|0x00000007ca500000, 0x00000007ca600000, 0x00000007ca600000|100%| E|CS|TAMS 0x00000007ca500000, 0x00000007ca500000| Complete 
|1190|0x00000007ca600000, 0x00000007ca700000, 0x00000007ca700000|100%| E|CS|TAMS 0x00000007ca600000, 0x00000007ca600000| Complete 
|1191|0x00000007ca700000, 0x00000007ca800000, 0x00000007ca800000|100%| E|CS|TAMS 0x00000007ca700000, 0x00000007ca700000| Complete 
|1192|0x00000007ca800000, 0x00000007ca900000, 0x00000007ca900000|100%| E|CS|TAMS 0x00000007ca800000, 0x00000007ca800000| Complete 
|1193|0x00000007ca900000, 0x00000007caa00000, 0x00000007caa00000|100%| E|CS|TAMS 0x00000007ca900000, 0x00000007ca900000| Complete 
|1194|0x00000007caa00000, 0x00000007cab00000, 0x00000007cab00000|100%| E|CS|TAMS 0x00000007caa00000, 0x00000007caa00000| Complete 
|1195|0x00000007cab00000, 0x00000007cac00000, 0x00000007cac00000|100%| E|CS|TAMS 0x00000007cab00000, 0x00000007cab00000| Complete 
|1196|0x00000007cac00000, 0x00000007cad00000, 0x00000007cad00000|100%| E|CS|TAMS 0x00000007cac00000, 0x00000007cac00000| Complete 
|1197|0x00000007cad00000, 0x00000007cae00000, 0x00000007cae00000|100%| E|CS|TAMS 0x00000007cad00000, 0x00000007cad00000| Complete 
|1198|0x00000007cae00000, 0x00000007caf00000, 0x00000007caf00000|100%| E|CS|TAMS 0x00000007cae00000, 0x00000007cae00000| Complete 
|1199|0x00000007caf00000, 0x00000007cb000000, 0x00000007cb000000|100%| E|CS|TAMS 0x00000007caf00000, 0x00000007caf00000| Complete 
|1200|0x00000007cb000000, 0x00000007cb100000, 0x00000007cb100000|100%| E|CS|TAMS 0x00000007cb000000, 0x00000007cb000000| Complete 
|1201|0x00000007cb100000, 0x00000007cb200000, 0x00000007cb200000|100%| E|CS|TAMS 0x00000007cb100000, 0x00000007cb100000| Complete 
|1202|0x00000007cb200000, 0x00000007cb300000, 0x00000007cb300000|100%| E|CS|TAMS 0x00000007cb200000, 0x00000007cb200000| Complete 
|1203|0x00000007cb300000, 0x00000007cb400000, 0x00000007cb400000|100%| E|CS|TAMS 0x00000007cb300000, 0x00000007cb300000| Complete 
|1204|0x00000007cb400000, 0x00000007cb500000, 0x00000007cb500000|100%| E|CS|TAMS 0x00000007cb400000, 0x00000007cb400000| Complete 
|1205|0x00000007cb500000, 0x00000007cb600000, 0x00000007cb600000|100%| E|CS|TAMS 0x00000007cb500000, 0x00000007cb500000| Complete 
|1206|0x00000007cb600000, 0x00000007cb700000, 0x00000007cb700000|100%| E|CS|TAMS 0x00000007cb600000, 0x00000007cb600000| Complete 
|1207|0x00000007cb700000, 0x00000007cb800000, 0x00000007cb800000|100%| E|CS|TAMS 0x00000007cb700000, 0x00000007cb700000| Complete 
|1208|0x00000007cb800000, 0x00000007cb900000, 0x00000007cb900000|100%| E|CS|TAMS 0x00000007cb800000, 0x00000007cb800000| Complete 
|1209|0x00000007cb900000, 0x00000007cba00000, 0x00000007cba00000|100%| E|CS|TAMS 0x00000007cb900000, 0x00000007cb900000| Complete 
|1210|0x00000007cba00000, 0x00000007cbb00000, 0x00000007cbb00000|100%| E|CS|TAMS 0x00000007cba00000, 0x00000007cba00000| Complete 
|1211|0x00000007cbb00000, 0x00000007cbc00000, 0x00000007cbc00000|100%| E|CS|TAMS 0x00000007cbb00000, 0x00000007cbb00000| Complete 
|1212|0x00000007cbc00000, 0x00000007cbd00000, 0x00000007cbd00000|100%| E|CS|TAMS 0x00000007cbc00000, 0x00000007cbc00000| Complete 
|1213|0x00000007cbd00000, 0x00000007cbe00000, 0x00000007cbe00000|100%| E|CS|TAMS 0x00000007cbd00000, 0x00000007cbd00000| Complete 
|1214|0x00000007cbe00000, 0x00000007cbf00000, 0x00000007cbf00000|100%| E|CS|TAMS 0x00000007cbe00000, 0x00000007cbe00000| Complete 
|1215|0x00000007cbf00000, 0x00000007cc000000, 0x00000007cc000000|100%| E|CS|TAMS 0x00000007cbf00000, 0x00000007cbf00000| Complete 
|1216|0x00000007cc000000, 0x00000007cc100000, 0x00000007cc100000|100%| E|CS|TAMS 0x00000007cc000000, 0x00000007cc000000| Complete 
|1217|0x00000007cc100000, 0x00000007cc200000, 0x00000007cc200000|100%| E|CS|TAMS 0x00000007cc100000, 0x00000007cc100000| Complete 
|1218|0x00000007cc200000, 0x00000007cc300000, 0x00000007cc300000|100%| E|CS|TAMS 0x00000007cc200000, 0x00000007cc200000| Complete 
|1219|0x00000007cc300000, 0x00000007cc400000, 0x00000007cc400000|100%| E|CS|TAMS 0x00000007cc300000, 0x00000007cc300000| Complete 
|1220|0x00000007cc400000, 0x00000007cc500000, 0x00000007cc500000|100%| E|CS|TAMS 0x00000007cc400000, 0x00000007cc400000| Complete 
|1221|0x00000007cc500000, 0x00000007cc600000, 0x00000007cc600000|100%| E|CS|TAMS 0x00000007cc500000, 0x00000007cc500000| Complete 
|1222|0x00000007cc600000, 0x00000007cc700000, 0x00000007cc700000|100%| E|CS|TAMS 0x00000007cc600000, 0x00000007cc600000| Complete 
|1223|0x00000007cc700000, 0x00000007cc800000, 0x00000007cc800000|100%| E|CS|TAMS 0x00000007cc700000, 0x00000007cc700000| Complete 
|1224|0x00000007cc800000, 0x00000007cc900000, 0x00000007cc900000|100%| E|CS|TAMS 0x00000007cc800000, 0x00000007cc800000| Complete 
|1225|0x00000007cc900000, 0x00000007cca00000, 0x00000007cca00000|100%| E|CS|TAMS 0x00000007cc900000, 0x00000007cc900000| Complete 
|1226|0x00000007cca00000, 0x00000007ccb00000, 0x00000007ccb00000|100%| E|CS|TAMS 0x00000007cca00000, 0x00000007cca00000| Complete 
|1227|0x00000007ccb00000, 0x00000007ccc00000, 0x00000007ccc00000|100%| E|CS|TAMS 0x00000007ccb00000, 0x00000007ccb00000| Complete 
|1228|0x00000007ccc00000, 0x00000007ccd00000, 0x00000007ccd00000|100%| E|CS|TAMS 0x00000007ccc00000, 0x00000007ccc00000| Complete 
|1229|0x00000007ccd00000, 0x00000007cce00000, 0x00000007cce00000|100%| E|CS|TAMS 0x00000007ccd00000, 0x00000007ccd00000| Complete 
|1230|0x00000007cce00000, 0x00000007ccf00000, 0x00000007ccf00000|100%| E|CS|TAMS 0x00000007cce00000, 0x00000007cce00000| Complete 
|1231|0x00000007ccf00000, 0x00000007cd000000, 0x00000007cd000000|100%| E|CS|TAMS 0x00000007ccf00000, 0x00000007ccf00000| Complete 
|1232|0x00000007cd000000, 0x00000007cd100000, 0x00000007cd100000|100%| E|CS|TAMS 0x00000007cd000000, 0x00000007cd000000| Complete 
|1233|0x00000007cd100000, 0x00000007cd200000, 0x00000007cd200000|100%| E|CS|TAMS 0x00000007cd100000, 0x00000007cd100000| Complete 
|1234|0x00000007cd200000, 0x00000007cd300000, 0x00000007cd300000|100%| E|CS|TAMS 0x00000007cd200000, 0x00000007cd200000| Complete 
|1235|0x00000007cd300000, 0x00000007cd400000, 0x00000007cd400000|100%| E|CS|TAMS 0x00000007cd300000, 0x00000007cd300000| Complete 
|1236|0x00000007cd400000, 0x00000007cd500000, 0x00000007cd500000|100%| E|CS|TAMS 0x00000007cd400000, 0x00000007cd400000| Complete 
|1237|0x00000007cd500000, 0x00000007cd600000, 0x00000007cd600000|100%| E|CS|TAMS 0x00000007cd500000, 0x00000007cd500000| Complete 
|1238|0x00000007cd600000, 0x00000007cd700000, 0x00000007cd700000|100%| E|CS|TAMS 0x00000007cd600000, 0x00000007cd600000| Complete 
|1239|0x00000007cd700000, 0x00000007cd800000, 0x00000007cd800000|100%| E|CS|TAMS 0x00000007cd700000, 0x00000007cd700000| Complete 
|1240|0x00000007cd800000, 0x00000007cd900000, 0x00000007cd900000|100%| E|CS|TAMS 0x00000007cd800000, 0x00000007cd800000| Complete 
|1241|0x00000007cd900000, 0x00000007cda00000, 0x00000007cda00000|100%| E|CS|TAMS 0x00000007cd900000, 0x00000007cd900000| Complete 
|1242|0x00000007cda00000, 0x00000007cdb00000, 0x00000007cdb00000|100%| E|CS|TAMS 0x00000007cda00000, 0x00000007cda00000| Complete 
|1243|0x00000007cdb00000, 0x00000007cdc00000, 0x00000007cdc00000|100%| E|CS|TAMS 0x00000007cdb00000, 0x00000007cdb00000| Complete 
|1244|0x00000007cdc00000, 0x00000007cdd00000, 0x00000007cdd00000|100%| E|CS|TAMS 0x00000007cdc00000, 0x00000007cdc00000| Complete 
|1245|0x00000007cdd00000, 0x00000007cde00000, 0x00000007cde00000|100%| E|CS|TAMS 0x00000007cdd00000, 0x00000007cdd00000| Complete 
|1246|0x00000007cde00000, 0x00000007cdf00000, 0x00000007cdf00000|100%| E|CS|TAMS 0x00000007cde00000, 0x00000007cde00000| Complete 
|1247|0x00000007cdf00000, 0x00000007ce000000, 0x00000007ce000000|100%| E|CS|TAMS 0x00000007cdf00000, 0x00000007cdf00000| Complete 
|1248|0x00000007ce000000, 0x00000007ce100000, 0x00000007ce100000|100%| E|CS|TAMS 0x00000007ce000000, 0x00000007ce000000| Complete 
|1249|0x00000007ce100000, 0x00000007ce200000, 0x00000007ce200000|100%| E|CS|TAMS 0x00000007ce100000, 0x00000007ce100000| Complete 
|1250|0x00000007ce200000, 0x00000007ce300000, 0x00000007ce300000|100%| E|CS|TAMS 0x00000007ce200000, 0x00000007ce200000| Complete 
|1251|0x00000007ce300000, 0x00000007ce400000, 0x00000007ce400000|100%| E|CS|TAMS 0x00000007ce300000, 0x00000007ce300000| Complete 
|1252|0x00000007ce400000, 0x00000007ce500000, 0x00000007ce500000|100%| E|CS|TAMS 0x00000007ce400000, 0x00000007ce400000| Complete 
|1253|0x00000007ce500000, 0x00000007ce600000, 0x00000007ce600000|100%| E|CS|TAMS 0x00000007ce500000, 0x00000007ce500000| Complete 
|1254|0x00000007ce600000, 0x00000007ce700000, 0x00000007ce700000|100%| E|CS|TAMS 0x00000007ce600000, 0x00000007ce600000| Complete 
|1255|0x00000007ce700000, 0x00000007ce800000, 0x00000007ce800000|100%| E|CS|TAMS 0x00000007ce700000, 0x00000007ce700000| Complete 
|1256|0x00000007ce800000, 0x00000007ce900000, 0x00000007ce900000|100%| E|CS|TAMS 0x00000007ce800000, 0x00000007ce800000| Complete 
|1257|0x00000007ce900000, 0x00000007cea00000, 0x00000007cea00000|100%| E|CS|TAMS 0x00000007ce900000, 0x00000007ce900000| Complete 
|1258|0x00000007cea00000, 0x00000007ceb00000, 0x00000007ceb00000|100%| E|CS|TAMS 0x00000007cea00000, 0x00000007cea00000| Complete 
|1259|0x00000007ceb00000, 0x00000007cec00000, 0x00000007cec00000|100%| E|CS|TAMS 0x00000007ceb00000, 0x00000007ceb00000| Complete 
|1260|0x00000007cec00000, 0x00000007ced00000, 0x00000007ced00000|100%| E|CS|TAMS 0x00000007cec00000, 0x00000007cec00000| Complete 
|1261|0x00000007ced00000, 0x00000007cee00000, 0x00000007cee00000|100%| E|CS|TAMS 0x00000007ced00000, 0x00000007ced00000| Complete 
|1262|0x00000007cee00000, 0x00000007cef00000, 0x00000007cef00000|100%| E|CS|TAMS 0x00000007cee00000, 0x00000007cee00000| Complete 
|1263|0x00000007cef00000, 0x00000007cf000000, 0x00000007cf000000|100%| E|CS|TAMS 0x00000007cef00000, 0x00000007cef00000| Complete 
|1264|0x00000007cf000000, 0x00000007cf100000, 0x00000007cf100000|100%| E|CS|TAMS 0x00000007cf000000, 0x00000007cf000000| Complete 
|1265|0x00000007cf100000, 0x00000007cf200000, 0x00000007cf200000|100%| E|CS|TAMS 0x00000007cf100000, 0x00000007cf100000| Complete 
|1266|0x00000007cf200000, 0x00000007cf300000, 0x00000007cf300000|100%| E|CS|TAMS 0x00000007cf200000, 0x00000007cf200000| Complete 
|1267|0x00000007cf300000, 0x00000007cf400000, 0x00000007cf400000|100%| E|CS|TAMS 0x00000007cf300000, 0x00000007cf300000| Complete 
|1268|0x00000007cf400000, 0x00000007cf500000, 0x00000007cf500000|100%| E|CS|TAMS 0x00000007cf400000, 0x00000007cf400000| Complete 
|1269|0x00000007cf500000, 0x00000007cf600000, 0x00000007cf600000|100%| E|CS|TAMS 0x00000007cf500000, 0x00000007cf500000| Complete 
|1270|0x00000007cf600000, 0x00000007cf700000, 0x00000007cf700000|100%| E|CS|TAMS 0x00000007cf600000, 0x00000007cf600000| Complete 
|1271|0x00000007cf700000, 0x00000007cf800000, 0x00000007cf800000|100%| E|CS|TAMS 0x00000007cf700000, 0x00000007cf700000| Complete 
|1272|0x00000007cf800000, 0x00000007cf900000, 0x00000007cf900000|100%| E|CS|TAMS 0x00000007cf800000, 0x00000007cf800000| Complete 
|1273|0x00000007cf900000, 0x00000007cfa00000, 0x00000007cfa00000|100%| E|CS|TAMS 0x00000007cf900000, 0x00000007cf900000| Complete 
|1274|0x00000007cfa00000, 0x00000007cfb00000, 0x00000007cfb00000|100%| E|CS|TAMS 0x00000007cfa00000, 0x00000007cfa00000| Complete 
|1275|0x00000007cfb00000, 0x00000007cfc00000, 0x00000007cfc00000|100%| E|CS|TAMS 0x00000007cfb00000, 0x00000007cfb00000| Complete 
|1276|0x00000007cfc00000, 0x00000007cfd00000, 0x00000007cfd00000|100%| E|CS|TAMS 0x00000007cfc00000, 0x00000007cfc00000| Complete 
|1277|0x00000007cfd00000, 0x00000007cfe00000, 0x00000007cfe00000|100%| E|CS|TAMS 0x00000007cfd00000, 0x00000007cfd00000| Complete 
|1278|0x00000007cfe00000, 0x00000007cff00000, 0x00000007cff00000|100%| E|CS|TAMS 0x00000007cfe00000, 0x00000007cfe00000| Complete 
|1279|0x00000007cff00000, 0x00000007d0000000, 0x00000007d0000000|100%| E|CS|TAMS 0x00000007cff00000, 0x00000007cff00000| Complete 
|1280|0x00000007d0000000, 0x00000007d0100000, 0x00000007d0100000|100%| E|CS|TAMS 0x00000007d0000000, 0x00000007d0000000| Complete 
|1281|0x00000007d0100000, 0x00000007d0200000, 0x00000007d0200000|100%| E|CS|TAMS 0x00000007d0100000, 0x00000007d0100000| Complete 
|1282|0x00000007d0200000, 0x00000007d0300000, 0x00000007d0300000|100%| E|CS|TAMS 0x00000007d0200000, 0x00000007d0200000| Complete 
|1283|0x00000007d0300000, 0x00000007d0400000, 0x00000007d0400000|100%| E|CS|TAMS 0x00000007d0300000, 0x00000007d0300000| Complete 
|1284|0x00000007d0400000, 0x00000007d0500000, 0x00000007d0500000|100%| E|CS|TAMS 0x00000007d0400000, 0x00000007d0400000| Complete 
|1285|0x00000007d0500000, 0x00000007d0600000, 0x00000007d0600000|100%| E|CS|TAMS 0x00000007d0500000, 0x00000007d0500000| Complete 
|1286|0x00000007d0600000, 0x00000007d0700000, 0x00000007d0700000|100%| E|CS|TAMS 0x00000007d0600000, 0x00000007d0600000| Complete 
|1287|0x00000007d0700000, 0x00000007d0800000, 0x00000007d0800000|100%| E|CS|TAMS 0x00000007d0700000, 0x00000007d0700000| Complete 
|1288|0x00000007d0800000, 0x00000007d0900000, 0x00000007d0900000|100%| E|CS|TAMS 0x00000007d0800000, 0x00000007d0800000| Complete 
|1289|0x00000007d0900000, 0x00000007d0a00000, 0x00000007d0a00000|100%| E|CS|TAMS 0x00000007d0900000, 0x00000007d0900000| Complete 
|1290|0x00000007d0a00000, 0x00000007d0b00000, 0x00000007d0b00000|100%| E|CS|TAMS 0x00000007d0a00000, 0x00000007d0a00000| Complete 
|1291|0x00000007d0b00000, 0x00000007d0c00000, 0x00000007d0c00000|100%| E|CS|TAMS 0x00000007d0b00000, 0x00000007d0b00000| Complete 
|1292|0x00000007d0c00000, 0x00000007d0d00000, 0x00000007d0d00000|100%| E|CS|TAMS 0x00000007d0c00000, 0x00000007d0c00000| Complete 
|1293|0x00000007d0d00000, 0x00000007d0e00000, 0x00000007d0e00000|100%| E|CS|TAMS 0x00000007d0d00000, 0x00000007d0d00000| Complete 
|1294|0x00000007d0e00000, 0x00000007d0f00000, 0x00000007d0f00000|100%| E|CS|TAMS 0x00000007d0e00000, 0x00000007d0e00000| Complete 
|1295|0x00000007d0f00000, 0x00000007d1000000, 0x00000007d1000000|100%| E|CS|TAMS 0x00000007d0f00000, 0x00000007d0f00000| Complete 
|1296|0x00000007d1000000, 0x00000007d1100000, 0x00000007d1100000|100%| E|CS|TAMS 0x00000007d1000000, 0x00000007d1000000| Complete 
|1297|0x00000007d1100000, 0x00000007d1200000, 0x00000007d1200000|100%| E|CS|TAMS 0x00000007d1100000, 0x00000007d1100000| Complete 
|1298|0x00000007d1200000, 0x00000007d1300000, 0x00000007d1300000|100%| E|CS|TAMS 0x00000007d1200000, 0x00000007d1200000| Complete 
|1299|0x00000007d1300000, 0x00000007d1400000, 0x00000007d1400000|100%| E|CS|TAMS 0x00000007d1300000, 0x00000007d1300000| Complete 
|1300|0x00000007d1400000, 0x00000007d1500000, 0x00000007d1500000|100%| E|CS|TAMS 0x00000007d1400000, 0x00000007d1400000| Complete 
|1301|0x00000007d1500000, 0x00000007d1600000, 0x00000007d1600000|100%| E|CS|TAMS 0x00000007d1500000, 0x00000007d1500000| Complete 
|1302|0x00000007d1600000, 0x00000007d1700000, 0x00000007d1700000|100%| E|CS|TAMS 0x00000007d1600000, 0x00000007d1600000| Complete 
|1303|0x00000007d1700000, 0x00000007d1800000, 0x00000007d1800000|100%| E|CS|TAMS 0x00000007d1700000, 0x00000007d1700000| Complete 
|1304|0x00000007d1800000, 0x00000007d1900000, 0x00000007d1900000|100%| E|CS|TAMS 0x00000007d1800000, 0x00000007d1800000| Complete 
|1305|0x00000007d1900000, 0x00000007d1a00000, 0x00000007d1a00000|100%| E|CS|TAMS 0x00000007d1900000, 0x00000007d1900000| Complete 
|1306|0x00000007d1a00000, 0x00000007d1b00000, 0x00000007d1b00000|100%| E|CS|TAMS 0x00000007d1a00000, 0x00000007d1a00000| Complete 
|1307|0x00000007d1b00000, 0x00000007d1c00000, 0x00000007d1c00000|100%| E|CS|TAMS 0x00000007d1b00000, 0x00000007d1b00000| Complete 
|1308|0x00000007d1c00000, 0x00000007d1d00000, 0x00000007d1d00000|100%| E|CS|TAMS 0x00000007d1c00000, 0x00000007d1c00000| Complete 
|1309|0x00000007d1d00000, 0x00000007d1e00000, 0x00000007d1e00000|100%| E|CS|TAMS 0x00000007d1d00000, 0x00000007d1d00000| Complete 
|1310|0x00000007d1e00000, 0x00000007d1f00000, 0x00000007d1f00000|100%| E|CS|TAMS 0x00000007d1e00000, 0x00000007d1e00000| Complete 
|1311|0x00000007d1f00000, 0x00000007d2000000, 0x00000007d2000000|100%| E|CS|TAMS 0x00000007d1f00000, 0x00000007d1f00000| Complete 
|1312|0x00000007d2000000, 0x00000007d2100000, 0x00000007d2100000|100%| E|CS|TAMS 0x00000007d2000000, 0x00000007d2000000| Complete 
|1313|0x00000007d2100000, 0x00000007d2200000, 0x00000007d2200000|100%| E|CS|TAMS 0x00000007d2100000, 0x00000007d2100000| Complete 
|1314|0x00000007d2200000, 0x00000007d2300000, 0x00000007d2300000|100%| E|CS|TAMS 0x00000007d2200000, 0x00000007d2200000| Complete 
|1315|0x00000007d2300000, 0x00000007d2400000, 0x00000007d2400000|100%| E|CS|TAMS 0x00000007d2300000, 0x00000007d2300000| Complete 
|1316|0x00000007d2400000, 0x00000007d2500000, 0x00000007d2500000|100%| E|CS|TAMS 0x00000007d2400000, 0x00000007d2400000| Complete 
|1317|0x00000007d2500000, 0x00000007d2600000, 0x00000007d2600000|100%| E|CS|TAMS 0x00000007d2500000, 0x00000007d2500000| Complete 
|1318|0x00000007d2600000, 0x00000007d2700000, 0x00000007d2700000|100%| E|CS|TAMS 0x00000007d2600000, 0x00000007d2600000| Complete 
|1319|0x00000007d2700000, 0x00000007d2800000, 0x00000007d2800000|100%| E|CS|TAMS 0x00000007d2700000, 0x00000007d2700000| Complete 
|1320|0x00000007d2800000, 0x00000007d2900000, 0x00000007d2900000|100%| E|CS|TAMS 0x00000007d2800000, 0x00000007d2800000| Complete 
|1321|0x00000007d2900000, 0x00000007d2a00000, 0x00000007d2a00000|100%| E|CS|TAMS 0x00000007d2900000, 0x00000007d2900000| Complete 
|1322|0x00000007d2a00000, 0x00000007d2b00000, 0x00000007d2b00000|100%| E|CS|TAMS 0x00000007d2a00000, 0x00000007d2a00000| Complete 
|1323|0x00000007d2b00000, 0x00000007d2c00000, 0x00000007d2c00000|100%| E|CS|TAMS 0x00000007d2b00000, 0x00000007d2b00000| Complete 
|1324|0x00000007d2c00000, 0x00000007d2d00000, 0x00000007d2d00000|100%| E|CS|TAMS 0x00000007d2c00000, 0x00000007d2c00000| Complete 
|1325|0x00000007d2d00000, 0x00000007d2e00000, 0x00000007d2e00000|100%| E|CS|TAMS 0x00000007d2d00000, 0x00000007d2d00000| Complete 
|1326|0x00000007d2e00000, 0x00000007d2f00000, 0x00000007d2f00000|100%| E|CS|TAMS 0x00000007d2e00000, 0x00000007d2e00000| Complete 
|1327|0x00000007d2f00000, 0x00000007d3000000, 0x00000007d3000000|100%| E|CS|TAMS 0x00000007d2f00000, 0x00000007d2f00000| Complete 
|1328|0x00000007d3000000, 0x00000007d3100000, 0x00000007d3100000|100%| E|CS|TAMS 0x00000007d3000000, 0x00000007d3000000| Complete 
|1329|0x00000007d3100000, 0x00000007d3200000, 0x00000007d3200000|100%| E|CS|TAMS 0x00000007d3100000, 0x00000007d3100000| Complete 
|1330|0x00000007d3200000, 0x00000007d3300000, 0x00000007d3300000|100%| E|CS|TAMS 0x00000007d3200000, 0x00000007d3200000| Complete 
|1331|0x00000007d3300000, 0x00000007d3400000, 0x00000007d3400000|100%| E|CS|TAMS 0x00000007d3300000, 0x00000007d3300000| Complete 
|1332|0x00000007d3400000, 0x00000007d3500000, 0x00000007d3500000|100%| E|CS|TAMS 0x00000007d3400000, 0x00000007d3400000| Complete 
|1333|0x00000007d3500000, 0x00000007d3600000, 0x00000007d3600000|100%| E|CS|TAMS 0x00000007d3500000, 0x00000007d3500000| Complete 
|1334|0x00000007d3600000, 0x00000007d3700000, 0x00000007d3700000|100%| E|CS|TAMS 0x00000007d3600000, 0x00000007d3600000| Complete 
|1335|0x00000007d3700000, 0x00000007d3800000, 0x00000007d3800000|100%| E|CS|TAMS 0x00000007d3700000, 0x00000007d3700000| Complete 
|1336|0x00000007d3800000, 0x00000007d3900000, 0x00000007d3900000|100%| E|CS|TAMS 0x00000007d3800000, 0x00000007d3800000| Complete 
|1337|0x00000007d3900000, 0x00000007d3a00000, 0x00000007d3a00000|100%| E|CS|TAMS 0x00000007d3900000, 0x00000007d3900000| Complete 
|1338|0x00000007d3a00000, 0x00000007d3b00000, 0x00000007d3b00000|100%| E|CS|TAMS 0x00000007d3a00000, 0x00000007d3a00000| Complete 
|1339|0x00000007d3b00000, 0x00000007d3c00000, 0x00000007d3c00000|100%| E|CS|TAMS 0x00000007d3b00000, 0x00000007d3b00000| Complete 
|2046|0x00000007ffe00000, 0x00000007ffe76000, 0x00000007fff00000| 46%|OA|  |TAMS 0x00000007ffe76000, 0x00000007ffe00000| Untracked 
|2047|0x00000007fff00000, 0x00000007fff75000, 0x0000000800000000| 45%|CA|  |TAMS 0x00000007fff75000, 0x00000007fff00000| Untracked 

Card table byte_map: [0x0000000112400000,0x0000000112800000] _byte_map_base: 0x000000010e800000

Marking Bits (Prev, Next): (CMBitMap*) 0x00007fefea00ec10, (CMBitMap*) 0x00007fefea00ec50
 Prev Bits: [0x000000011429a000, 0x000000011629a000)
 Next Bits: [0x000000011629a000, 0x000000011829a000)

Polling page: 0x000000010b9b8000

Metaspace:

Usage:
  Non-class:    179.80 MB used.
      Class:     26.13 MB used.
       Both:    205.93 MB used.

Virtual space:
  Non-class space:      192.00 MB reserved,     180.69 MB ( 94%) committed,  3 nodes.
      Class space:      416.00 MB reserved,      26.94 MB (  6%) committed,  1 nodes.
             Both:      608.00 MB reserved,     207.62 MB ( 34%) committed. 

Chunk freelists:
   Non-Class:  11.05 MB
       Class:  4.88 MB
        Both:  15.92 MB

MaxMetaspaceSize: 512.00 MB
CompressedClassSpaceSize: 416.00 MB
Initial GC threshold: 21.00 MB
Current GC threshold: 292.12 MB
CDS: on
MetaspaceReclaimPolicy: balanced
 - commit_granule_bytes: 65536.
 - commit_granule_words: 8192.
 - virtual_space_node_default_size: 8388608.
 - enlarge_chunks_in_place: 1.
 - new_chunks_are_fully_committed: 0.
 - uncommit_free_chunks: 1.
 - use_allocation_guard: 0.
 - handle_deallocations: 1.


Internal statistics:

num_allocs_failed_limit: 23.
num_arena_births: 2678.
num_arena_deaths: 32.
num_vsnodes_births: 4.
num_vsnodes_deaths: 0.
num_space_committed: 3320.
num_space_uncommitted: 0.
num_chunks_returned_to_freelist: 82.
num_chunks_taken_from_freelist: 11528.
num_chunk_merges: 32.
num_chunk_splits: 7956.
num_chunks_enlarged: 5555.
num_inconsistent_stats: 0.

CodeHeap 'non-profiled nmethods': size=120028Kb used=23780Kb max_used=23780Kb free=96247Kb
 bounds [0x000000012a9e6000, 0x000000012c126000, 0x0000000131f1d000]
CodeHeap 'profiled nmethods': size=120028Kb used=58238Kb max_used=58457Kb free=61789Kb
 bounds [0x0000000122f1d000, 0x000000012684d000, 0x000000012a454000]
CodeHeap 'non-nmethods': size=5704Kb used=2675Kb max_used=2773Kb free=3028Kb
 bounds [0x000000012a454000, 0x000000012a724000, 0x000000012a9e6000]
 total_blobs=31076 nmethods=29810 adapters=1175
 compilation: enabled
              stopped_count=0, restarted_count=0
 full_count=0

Compilation events (20 events):
Event: 217.563 Thread 0x00007fefee098800 41208       4       org.gradle.internal.hash.HashingOutputStream::write (23 bytes)
Event: 217.581 Thread 0x00007fefee098800 nmethod 41208 0x000000012bf7e890 code [0x000000012bf7ea80, 0x000000012bf7fb98]
Event: 217.702 Thread 0x00007fefee098800 41209       4       java.util.ComparableTimSort::mergeHi (729 bytes)
Event: 217.710 Thread 0x00007fefee098e00 41210       3       java.util.ComparableTimSort::mergeForceCollapse (50 bytes)
Event: 217.710 Thread 0x00007fefee098e00 nmethod 41210 0x00000001230f1010 code [0x00000001230f11c0, 0x00000001230f1460]
Event: 217.734 Thread 0x00007fefee098800 nmethod 41209 0x000000012c078890 code [0x000000012c078ae0, 0x000000012c07b758]
Event: 217.839 Thread 0x00007fefee098800 41211       4       java.util.ComparableTimSort::mergeHi (729 bytes)
Event: 217.870 Thread 0x00007fefee098800 nmethod 41211 0x000000012c11dd10 code [0x000000012c11df60, 0x000000012c120b98]
Event: 217.870 Thread 0x00007fefee098800 41212       4       java.util.WeakHashMap::<init> (133 bytes)
Event: 217.875 Thread 0x00007fefee098800 nmethod 41212 0x000000012bb53790 code [0x000000012bb53940, 0x000000012bb53f58]
Event: 217.900 Thread 0x00007fefee098e00 41213       3       org.gradle.api.internal.changedetection.state.MetaInfAwareClasspathResourceHasher$$Lambda$925/0x00000001337272a0::apply (16 bytes)
Event: 217.900 Thread 0x00007fefee098e00 nmethod 41213 0x0000000123ba4510 code [0x0000000123ba46c0, 0x0000000123ba4920]
Event: 217.900 Thread 0x00007fefee098e00 41214   !   3       org.gradle.api.internal.changedetection.state.MetaInfAwareClasspathResourceHasher::lambda$tryHash$1 (79 bytes)
Event: 217.901 Thread 0x00007fefee098e00 nmethod 41214 0x00000001266e1d10 code [0x00000001266e2080, 0x00000001266e34d0]
Event: 217.901 Thread 0x00007fefee098e00 41215       3       org.gradle.api.internal.changedetection.state.MetaInfAwareClasspathResourceHasher$$Lambda$926/0x00000001337274f0::<init> (10 bytes)
Event: 217.901 Thread 0x00007fefee098e00 nmethod 41215 0x0000000125b78d10 code [0x0000000125b78ec0, 0x0000000125b79070]
Event: 217.901 Thread 0x00007fefee098e00 41216       3       org.gradle.api.internal.changedetection.state.MetaInfAwareClasspathResourceHasher$$Lambda$926/0x00000001337274f0::apply (12 bytes)
Event: 217.901 Thread 0x00007fefee098e00 nmethod 41216 0x0000000125d83810 code [0x0000000125d839c0, 0x0000000125d83c00]
Event: 218.070 Thread 0x00007fefee098800 41217       4       java.util.ComparableTimSort::mergeHi (729 bytes)
Event: 218.101 Thread 0x00007fefee098800 nmethod 41217 0x000000012c121a10 code [0x000000012c121c60, 0x000000012c124a38]

GC Heap History (20 events):
Event: 189.405 GC heap after
{Heap after GC invocations=130 (full 0):
 garbage-first heap   total 1374208K, used 450267K [0x0000000780000000, 0x0000000800000000)
  region size 1024K, 61 young (62464K), 61 survivors (62464K)
 Metaspace       used 208696K, committed 210368K, reserved 622592K
  class space    used 26548K, committed 27392K, reserved 425984K
}
Event: 189.957 GC heap before
{Heap before GC invocations=130 (full 0):
 garbage-first heap   total 1374208K, used 1171163K [0x0000000780000000, 0x0000000800000000)
  region size 1024K, 765 young (783360K), 61 survivors (62464K)
 Metaspace       used 208697K, committed 210368K, reserved 622592K
  class space    used 26548K, committed 27392K, reserved 425984K
}
Event: 189.977 GC heap after
{Heap after GC invocations=131 (full 0):
 garbage-first heap   total 1374208K, used 460391K [0x0000000780000000, 0x0000000800000000)
  region size 1024K, 51 young (52224K), 51 survivors (52224K)
 Metaspace       used 208697K, committed 210368K, reserved 622592K
  class space    used 26548K, committed 27392K, reserved 425984K
}
Event: 190.524 GC heap before
{Heap before GC invocations=131 (full 0):
 garbage-first heap   total 1374208K, used 1181287K [0x0000000780000000, 0x0000000800000000)
  region size 1024K, 751 young (769024K), 51 survivors (52224K)
 Metaspace       used 208698K, committed 210368K, reserved 622592K
  class space    used 26548K, committed 27392K, reserved 425984K
}
Event: 190.542 GC heap after
{Heap after GC invocations=132 (full 0):
 garbage-first heap   total 1374208K, used 466899K [0x0000000780000000, 0x0000000800000000)
  region size 1024K, 38 young (38912K), 38 survivors (38912K)
 Metaspace       used 208698K, committed 210368K, reserved 622592K
  class space    used 26548K, committed 27392K, reserved 425984K
}
Event: 191.169 GC heap before
{Heap before GC invocations=132 (full 0):
 garbage-first heap   total 1374208K, used 1182675K [0x0000000780000000, 0x0000000800000000)
  region size 1024K, 738 young (755712K), 38 survivors (38912K)
 Metaspace       used 208698K, committed 210368K, reserved 622592K
  class space    used 26548K, committed 27392K, reserved 425984K
}
Event: 191.180 GC heap after
{Heap after GC invocations=133 (full 0):
 garbage-first heap   total 1374208K, used 465363K [0x0000000780000000, 0x0000000800000000)
  region size 1024K, 37 young (37888K), 37 survivors (37888K)
 Metaspace       used 208698K, committed 210368K, reserved 622592K
  class space    used 26548K, committed 27392K, reserved 425984K
}
Event: 192.814 GC heap before
{Heap before GC invocations=133 (full 0):
 garbage-first heap   total 1374208K, used 1192403K [0x0000000780000000, 0x0000000800000000)
  region size 1024K, 746 young (763904K), 37 survivors (37888K)
 Metaspace       used 208699K, committed 210368K, reserved 622592K
  class space    used 26548K, committed 27392K, reserved 425984K
}
Event: 192.825 GC heap after
{Heap after GC invocations=134 (full 0):
 garbage-first heap   total 1374208K, used 457171K [0x0000000780000000, 0x0000000800000000)
  region size 1024K, 31 young (31744K), 31 survivors (31744K)
 Metaspace       used 208699K, committed 210368K, reserved 622592K
  class space    used 26548K, committed 27392K, reserved 425984K
}
Event: 194.332 GC heap before
{Heap before GC invocations=134 (full 0):
 garbage-first heap   total 1374208K, used 1206739K [0x0000000780000000, 0x0000000800000000)
  region size 1024K, 756 young (774144K), 31 survivors (31744K)
 Metaspace       used 209541K, committed 211264K, reserved 622592K
  class space    used 26670K, committed 27520K, reserved 425984K
}
Event: 194.347 GC heap after
{Heap after GC invocations=135 (full 0):
 garbage-first heap   total 1374208K, used 467411K [0x0000000780000000, 0x0000000800000000)
  region size 1024K, 38 young (38912K), 38 survivors (38912K)
 Metaspace       used 209541K, committed 211264K, reserved 622592K
  class space    used 26670K, committed 27520K, reserved 425984K
}
Event: 214.976 GC heap before
{Heap before GC invocations=135 (full 0):
 garbage-first heap   total 1374208K, used 1197523K [0x0000000780000000, 0x0000000800000000)
  region size 1024K, 749 young (766976K), 38 survivors (38912K)
 Metaspace       used 210855K, committed 212544K, reserved 622592K
  class space    used 26757K, committed 27584K, reserved 425984K
}
Event: 214.998 GC heap after
{Heap after GC invocations=136 (full 0):
 garbage-first heap   total 1374208K, used 485843K [0x0000000780000000, 0x0000000800000000)
  region size 1024K, 56 young (57344K), 56 survivors (57344K)
 Metaspace       used 210855K, committed 212544K, reserved 622592K
  class space    used 26757K, committed 27584K, reserved 425984K
}
Event: 215.676 GC heap before
{Heap before GC invocations=136 (full 0):
 garbage-first heap   total 1374208K, used 1178067K [0x0000000780000000, 0x0000000800000000)
  region size 1024K, 731 young (748544K), 56 survivors (57344K)
 Metaspace       used 210862K, committed 212544K, reserved 622592K
  class space    used 26757K, committed 27584K, reserved 425984K
}
Event: 215.703 GC heap after
{Heap after GC invocations=137 (full 0):
 garbage-first heap   total 1374208K, used 504510K [0x0000000780000000, 0x0000000800000000)
  region size 1024K, 54 young (55296K), 54 survivors (55296K)
 Metaspace       used 210862K, committed 212544K, reserved 622592K
  class space    used 26757K, committed 27584K, reserved 425984K
}
Event: 216.253 GC heap before
{Heap before GC invocations=137 (full 0):
 garbage-first heap   total 1374208K, used 1180350K [0x0000000780000000, 0x0000000800000000)
  region size 1024K, 712 young (729088K), 54 survivors (55296K)
 Metaspace       used 210862K, committed 212544K, reserved 622592K
  class space    used 26757K, committed 27584K, reserved 425984K
}
Event: 216.273 GC heap after
{Heap after GC invocations=138 (full 0):
 garbage-first heap   total 1374208K, used 512841K [0x0000000780000000, 0x0000000800000000)
  region size 1024K, 52 young (53248K), 52 survivors (53248K)
 Metaspace       used 210862K, committed 212544K, reserved 622592K
  class space    used 26757K, committed 27584K, reserved 425984K
}
Event: 216.972 GC heap before
{Heap before GC invocations=138 (full 0):
 garbage-first heap   total 1374208K, used 1181513K [0x0000000780000000, 0x0000000800000000)
  region size 1024K, 705 young (721920K), 52 survivors (53248K)
 Metaspace       used 210863K, committed 212544K, reserved 622592K
  class space    used 26757K, committed 27584K, reserved 425984K
}
Event: 216.989 GC heap after
{Heap after GC invocations=139 (full 0):
 garbage-first heap   total 1374208K, used 512675K [0x0000000780000000, 0x0000000800000000)
  region size 1024K, 43 young (44032K), 43 survivors (44032K)
 Metaspace       used 210863K, committed 212544K, reserved 622592K
  class space    used 26757K, committed 27584K, reserved 425984K
}
Event: 218.350 GC heap before
{Heap before GC invocations=139 (full 0):
 garbage-first heap   total 1374208K, used 1191587K [0x0000000780000000, 0x0000000800000000)
  region size 1024K, 704 young (720896K), 43 survivors (44032K)
 Metaspace       used 210872K, committed 212608K, reserved 622592K
  class space    used 26757K, committed 27584K, reserved 425984K
}

Dll operation events (14 events):
Event: 0.008 Loaded shared library /Library/Java/JavaVirtualMachines/zulu-17.jdk/Contents/Home/lib/libjava.dylib
Event: 0.071 Loaded shared library /Library/Java/JavaVirtualMachines/zulu-17.jdk/Contents/Home/lib/libzip.dylib
Event: 0.072 Loaded shared library /Library/Java/JavaVirtualMachines/zulu-17.jdk/Contents/Home/lib/libinstrument.dylib
Event: 0.076 Loaded shared library /Library/Java/JavaVirtualMachines/zulu-17.jdk/Contents/Home/lib/libnio.dylib
Event: 0.080 Loaded shared library /Library/Java/JavaVirtualMachines/zulu-17.jdk/Contents/Home/lib/libzip.dylib
Event: 0.257 Loaded shared library /Library/Java/JavaVirtualMachines/zulu-17.jdk/Contents/Home/lib/libjimage.dylib
Event: 0.370 Loaded shared library /Library/Java/JavaVirtualMachines/zulu-17.jdk/Contents/Home/lib/libverify.dylib
Event: 0.428 Loaded shared library /Library/Java/JavaVirtualMachines/zulu-17.jdk/Contents/Home/lib/libnet.dylib
Event: 0.438 Loaded shared library /Users/macbook/.gradle/native/1def1411415f61bf3af743bc5b6707747c0891f09f0c88961ee8f79bc544acac/osx-amd64/libnative-platform.dylib
Event: 0.449 Loaded shared library /Users/macbook/.gradle/native/0.2.7/x86_64-macos/libgradle-fileevents.dylib
Event: 1.129 Loaded shared library /Library/Java/JavaVirtualMachines/zulu-17.jdk/Contents/Home/lib/libmanagement.dylib
Event: 1.131 Loaded shared library /Library/Java/JavaVirtualMachines/zulu-17.jdk/Contents/Home/lib/libmanagement_ext.dylib
Event: 1.233 Loaded shared library /Library/Java/JavaVirtualMachines/zulu-17.jdk/Contents/Home/lib/libextnet.dylib
Event: 93.988 Loaded shared library /Library/Java/JavaVirtualMachines/zulu-17.jdk/Contents/Home/lib/librmi.dylib

Deoptimization events (20 events):
Event: 215.053 Thread 0x00007fefec0c8a00 Uncommon trap: trap_request=0xffffff45 fr.pc=0x000000012bb258a8 relative=0x0000000000000d88
Event: 215.053 Thread 0x00007fefec0c8a00 Uncommon trap: reason=unstable_if action=reinterpret pc=0x000000012bb258a8 method=java.util.HashMap.merge(Ljava/lang/Object;Ljava/lang/Object;Ljava/util/function/BiFunction;)Ljava/lang/Object; @ 308 c2
Event: 215.053 Thread 0x00007fefec0c8a00 DEOPT PACKING pc=0x000000012bb258a8 sp=0x000070000eaa27f0
Event: 215.053 Thread 0x00007fefec0c8a00 DEOPT UNPACKING pc=0x000000012a4aa699 sp=0x000070000eaa2798 mode 2
Event: 217.701 Thread 0x00007fefee33d400 Uncommon trap: trap_request=0xffffffd6 fr.pc=0x000000012bfe9da4 relative=0x00000000000025c4
Event: 217.701 Thread 0x00007fefee33d400 Uncommon trap: reason=array_check action=maybe_recompile pc=0x000000012bfe9da4 method=java.util.ComparableTimSort.mergeHi(IIII)V @ 654 c2
Event: 217.701 Thread 0x00007fefee33d400 DEOPT PACKING pc=0x000000012bfe9da4 sp=0x00007000053e0b10
Event: 217.701 Thread 0x00007fefee33d400 DEOPT UNPACKING pc=0x000000012a4aa699 sp=0x00007000053e0af0 mode 2
Event: 217.839 Thread 0x00007fefee33d400 Uncommon trap: trap_request=0xffffffcc fr.pc=0x000000012c079f00 relative=0x0000000000001420
Event: 217.839 Thread 0x00007fefee33d400 Uncommon trap: reason=intrinsic_or_type_checked_inlining action=make_not_entrant pc=0x000000012c079f00 method=java.util.ComparableTimSort.mergeHi(IIII)V @ 494 c2
Event: 217.839 Thread 0x00007fefee33d400 DEOPT PACKING pc=0x000000012c079f00 sp=0x00007000053e0b10
Event: 217.839 Thread 0x00007fefee33d400 DEOPT UNPACKING pc=0x000000012a4aa699 sp=0x00007000053e0ae0 mode 2
Event: 217.889 Thread 0x00007fefee33d400 Uncommon trap: trap_request=0xffffffd6 fr.pc=0x000000012c12042c relative=0x00000000000024cc
Event: 217.889 Thread 0x00007fefee33d400 Uncommon trap: reason=array_check action=maybe_recompile pc=0x000000012c12042c method=java.util.ComparableTimSort.mergeHi(IIII)V @ 521 c2
Event: 217.889 Thread 0x00007fefee33d400 DEOPT PACKING pc=0x000000012c12042c sp=0x00007000053e0b10
Event: 217.889 Thread 0x00007fefee33d400 DEOPT UNPACKING pc=0x000000012a4aa699 sp=0x00007000053e0af0 mode 2
Event: 217.889 Thread 0x00007fefee33d400 Uncommon trap: trap_request=0xffffffcc fr.pc=0x000000012c11f3e0 relative=0x0000000000001480
Event: 217.889 Thread 0x00007fefee33d400 Uncommon trap: reason=intrinsic_or_type_checked_inlining action=make_not_entrant pc=0x000000012c11f3e0 method=java.util.ComparableTimSort.mergeHi(IIII)V @ 725 c2
Event: 217.889 Thread 0x00007fefee33d400 DEOPT PACKING pc=0x000000012c11f3e0 sp=0x00007000053e0b10
Event: 217.889 Thread 0x00007fefee33d400 DEOPT UNPACKING pc=0x000000012a4aa699 sp=0x00007000053e0ae0 mode 2

Classes loaded (20 events):
Event: 194.833 Loading class com/sun/org/apache/xerces/internal/dom/EntityImpl done
Event: 194.833 Loading class com/sun/org/apache/xerces/internal/dom/DeferredEntityImpl done
Event: 194.834 Loading class com/sun/org/apache/xerces/internal/dom/DeferredTextImpl
Event: 194.834 Loading class com/sun/org/apache/xerces/internal/dom/TextImpl
Event: 194.834 Loading class org/w3c/dom/CharacterData
Event: 194.834 Loading class org/w3c/dom/CharacterData done
Event: 194.834 Loading class org/w3c/dom/Text
Event: 194.835 Loading class org/w3c/dom/Text done
Event: 194.835 Loading class com/sun/org/apache/xerces/internal/dom/CharacterDataImpl
Event: 194.835 Loading class com/sun/org/apache/xerces/internal/dom/CharacterDataImpl done
Event: 194.835 Loading class com/sun/org/apache/xerces/internal/dom/TextImpl done
Event: 194.835 Loading class com/sun/org/apache/xerces/internal/dom/DeferredTextImpl done
Event: 194.835 Loading class com/sun/org/apache/xerces/internal/dom/CharacterDataImpl$1
Event: 194.835 Loading class com/sun/org/apache/xerces/internal/dom/CharacterDataImpl$1 done
Event: 194.835 Loading class com/sun/org/apache/xerces/internal/dom/DeferredCommentImpl
Event: 194.836 Loading class com/sun/org/apache/xerces/internal/dom/CommentImpl
Event: 194.836 Loading class org/w3c/dom/Comment
Event: 194.836 Loading class org/w3c/dom/Comment done
Event: 194.836 Loading class com/sun/org/apache/xerces/internal/dom/CommentImpl done
Event: 194.836 Loading class com/sun/org/apache/xerces/internal/dom/DeferredCommentImpl done

Classes unloaded (20 events):
Event: 14.973 Thread 0x00007fefea81e770 Unloading class 0x00000001336146d0 'ProtobufPatchPlugin$_apply_closure1$_closure2'
Event: 14.973 Thread 0x00007fefea81e770 Unloading class 0x00000001336142d8 'ProtobufPatchPlugin$_apply_closure1'
Event: 14.973 Thread 0x00007fefea81e770 Unloading class 0x0000000133614000 'ProtobufPatchPlugin'
Event: 14.973 Thread 0x00007fefea81e770 Unloading class 0x0000000133558938 '_BuildScript_$_run_closure1$_closure2'
Event: 14.973 Thread 0x00007fefea81e770 Unloading class 0x0000000133558540 '_BuildScript_$_run_closure1'
Event: 14.973 Thread 0x00007fefea81e770 Unloading class 0x0000000133558000 '_BuildScript_'
Event: 114.249 Thread 0x00007fefea81e770 Unloading class 0x0000000134579800 'java/lang/invoke/LambdaForm$DMH+0x0000000134579800'
Event: 114.249 Thread 0x00007fefea81e770 Unloading class 0x0000000134579400 'java/lang/invoke/LambdaForm$DMH+0x0000000134579400'
Event: 114.249 Thread 0x00007fefea81e770 Unloading class 0x0000000134579000 'java/lang/invoke/LambdaForm$DMH+0x0000000134579000'
Event: 114.249 Thread 0x00007fefea81e770 Unloading class 0x0000000134578c00 'java/lang/invoke/LambdaForm$DMH+0x0000000134578c00'
Event: 114.249 Thread 0x00007fefea81e770 Unloading class 0x0000000134578000 'java/lang/invoke/LambdaForm$DMH+0x0000000134578000'
Event: 114.249 Thread 0x00007fefea81e770 Unloading class 0x0000000134578800 'java/lang/invoke/LambdaForm$DMH+0x0000000134578800'
Event: 154.514 Thread 0x00007fefea81e770 Unloading class 0x0000000134652540 '_BuildScript_$_run_closure1'
Event: 154.514 Thread 0x00007fefea81e770 Unloading class 0x0000000134652000 '_BuildScript_'
Event: 164.463 Thread 0x00007fefea81e770 Unloading class 0x00000001346a0400 'java/lang/invoke/LambdaForm$DMH+0x00000001346a0400'
Event: 164.463 Thread 0x00007fefea81e770 Unloading class 0x00000001346983f8 '_BuildScript_$_run_closure1$_closure4'
Event: 164.463 Thread 0x00007fefea81e770 Unloading class 0x0000000134698000 '_BuildScript_$_run_closure1$_closure3'
Event: 164.463 Thread 0x00007fefea81e770 Unloading class 0x0000000134693940 '_BuildScript_$_run_closure1$_closure2'
Event: 164.463 Thread 0x00007fefea81e770 Unloading class 0x0000000134693548 '_BuildScript_$_run_closure1'
Event: 164.463 Thread 0x00007fefea81e770 Unloading class 0x0000000134693000 '_BuildScript_'

Classes redefined (0 events):
No events

Internal exceptions (20 events):
Event: 215.747 Thread 0x00007feff2249800 Exception <a 'sun/nio/fs/UnixException'{0x00000007d02d6530}> (0x00000007d02d6530) 
thrown [src/hotspot/share/prims/jni.cpp, line 516]
Event: 215.761 Thread 0x00007fefee5ccc00 Exception <a 'sun/nio/fs/UnixException'{0x00000007cf0d2d68}> (0x00000007cf0d2d68) 
thrown [src/hotspot/share/prims/jni.cpp, line 516]
Event: 215.774 Thread 0x00007fefec0c8a00 Exception <a 'sun/nio/fs/UnixException'{0x00000007ce16acf8}> (0x00000007ce16acf8) 
thrown [src/hotspot/share/prims/jni.cpp, line 516]
Event: 215.779 Thread 0x00007feff3a7d200 Exception <a 'sun/nio/fs/UnixException'{0x00000007cd7ad7d0}> (0x00000007cd7ad7d0) 
thrown [src/hotspot/share/prims/jni.cpp, line 516]
Event: 215.824 Thread 0x00007fefee5ccc00 Exception <a 'sun/nio/fs/UnixException'{0x00000007c98a2bb0}> (0x00000007c98a2bb0) 
thrown [src/hotspot/share/prims/jni.cpp, line 516]
Event: 215.825 Thread 0x00007fefec0c8a00 Exception <a 'sun/nio/fs/UnixException'{0x00000007c95a5788}> (0x00000007c95a5788) 
thrown [src/hotspot/share/prims/jni.cpp, line 516]
Event: 215.834 Thread 0x00007feff3a7d200 Exception <a 'sun/nio/fs/UnixException'{0x00000007c90f2848}> (0x00000007c90f2848) 
thrown [src/hotspot/share/prims/jni.cpp, line 516]
Event: 215.842 Thread 0x00007fefee9f8e00 Exception <a 'sun/nio/fs/UnixException'{0x00000007d19bae80}> (0x00000007d19bae80) 
thrown [src/hotspot/share/prims/jni.cpp, line 516]
Event: 215.867 Thread 0x00007feff2249800 Exception <a 'sun/nio/fs/UnixException'{0x00000007c5e037b8}> (0x00000007c5e037b8) 
thrown [src/hotspot/share/prims/jni.cpp, line 516]
Event: 215.902 Thread 0x00007fefee5ccc00 Exception <a 'sun/nio/fs/UnixException'{0x00000007c381bdc0}> (0x00000007c381bdc0) 
thrown [src/hotspot/share/prims/jni.cpp, line 516]
Event: 215.915 Thread 0x00007feff1338800 Exception <a 'sun/nio/fs/UnixException'{0x00000007c2ade070}> (0x00000007c2ade070) 
thrown [src/hotspot/share/prims/jni.cpp, line 516]
Event: 216.050 Thread 0x00007feff1338800 Exception <a 'sun/nio/fs/UnixException'{0x00000007ba2c5e98}> (0x00000007ba2c5e98) 
thrown [src/hotspot/share/prims/jni.cpp, line 516]
Event: 216.108 Thread 0x00007fefee5ccc00 Exception <a 'sun/nio/fs/UnixException'{0x00000007b65d4d78}> (0x00000007b65d4d78) 
thrown [src/hotspot/share/prims/jni.cpp, line 516]
Event: 216.142 Thread 0x00007feff219e200 Exception <a 'sun/nio/fs/UnixException'{0x00000007b292a340}> (0x00000007b292a340) 
thrown [src/hotspot/share/prims/jni.cpp, line 516]
Event: 216.225 Thread 0x00007fefec0c8400 Exception <a 'sun/nio/fs/UnixException'{0x00000007ad876438}> (0x00000007ad876438) 
thrown [src/hotspot/share/prims/jni.cpp, line 516]
Event: 216.313 Thread 0x00007feff3a7d200 Exception <a 'sun/nio/fs/UnixException'{0x00000007d02a2b60}> (0x00000007d02a2b60) 
thrown [src/hotspot/share/prims/jni.cpp, line 516]
Event: 216.318 Thread 0x00007feff219e200 Exception <a 'sun/nio/fs/UnixException'{0x00000007cfeba308}> (0x00000007cfeba308) 
thrown [src/hotspot/share/prims/jni.cpp, line 516]
Event: 216.322 Thread 0x00007fefee5ccc00 Exception <a 'sun/nio/fs/UnixException'{0x00000007cfcda970}> (0x00000007cfcda970) 
thrown [src/hotspot/share/prims/jni.cpp, line 516]
Event: 216.331 Thread 0x00007feff1338800 Exception <a 'sun/nio/fs/UnixException'{0x00000007cf3fcf90}> (0x00000007cf3fcf90) 
thrown [src/hotspot/share/prims/jni.cpp, line 516]
Event: 216.331 Thread 0x00007fefec0c8400 Exception <a 'sun/nio/fs/UnixException'{0x00000007cec8b590}> (0x00000007cec8b590) 
thrown [src/hotspot/share/prims/jni.cpp, line 516]

VM Operations (20 events):
Event: 211.708 Executing VM operation: Cleanup done
Event: 212.716 Executing VM operation: Cleanup
Event: 212.716 Executing VM operation: Cleanup done
Event: 213.716 Executing VM operation: Cleanup
Event: 213.717 Executing VM operation: Cleanup done
Event: 214.717 Executing VM operation: Cleanup
Event: 214.717 Executing VM operation: Cleanup done
Event: 214.976 Executing VM operation: G1CollectForAllocation
Event: 214.998 Executing VM operation: G1CollectForAllocation done
Event: 215.676 Executing VM operation: G1CollectForAllocation
Event: 215.676 Executing VM operation: G1CollectForAllocation done
Event: 215.676 Executing VM operation: G1CollectForAllocation
Event: 215.703 Executing VM operation: G1CollectForAllocation done
Event: 216.253 Executing VM operation: G1CollectForAllocation
Event: 216.273 Executing VM operation: G1CollectForAllocation done
Event: 216.972 Executing VM operation: G1CollectForAllocation
Event: 216.989 Executing VM operation: G1CollectForAllocation done
Event: 217.475 Executing VM operation: HandshakeAllThreads
Event: 217.476 Executing VM operation: HandshakeAllThreads done
Event: 218.350 Executing VM operation: G1CollectForAllocation

Memory protections (20 events):
Event: 202.710 Protecting memory [0x000070000acf3000,0x000070000acf7000] with protection modes 3
Event: 203.908 Protecting memory [0x000070000acf3000,0x000070000acf7000] with protection modes 0
Event: 203.922 Protecting memory [0x000070000b202000,0x000070000b206000] with protection modes 0
Event: 204.111 Protecting memory [0x000070000b202000,0x000070000b206000] with protection modes 3
Event: 204.422 Protecting memory [0x000070000b202000,0x000070000b206000] with protection modes 0
Event: 204.961 Protecting memory [0x000070000b202000,0x000070000b206000] with protection modes 3
Event: 204.961 Protecting memory [0x000070000acf3000,0x000070000acf7000] with protection modes 3
Event: 206.374 Protecting memory [0x000070000acf3000,0x000070000acf7000] with protection modes 0
Event: 206.724 Protecting memory [0x000070000acf3000,0x000070000acf7000] with protection modes 3
Event: 207.169 Protecting memory [0x000070000acf3000,0x000070000acf7000] with protection modes 0
Event: 207.771 Protecting memory [0x000070000acf3000,0x000070000acf7000] with protection modes 3
Event: 208.461 Protecting memory [0x0000700003c4a000,0x0000700003c4e000] with protection modes 3
Event: 208.461 Protecting memory [0x000070001172e000,0x0000700011732000] with protection modes 3
Event: 208.461 Protecting memory [0x000070000f2c2000,0x000070000f2c6000] with protection modes 3
Event: 208.461 Protecting memory [0x000070001162b000,0x000070001162f000] with protection modes 3
Event: 208.713 Protecting memory [0x000070000acf3000,0x000070000acf7000] with protection modes 0
Event: 208.855 Protecting memory [0x000070000acf3000,0x000070000acf7000] with protection modes 3
Event: 214.703 Protecting memory [0x000070000acf3000,0x000070000acf7000] with protection modes 0
Event: 215.787 Protecting memory [0x000070000f3c5000,0x000070000f3c9000] with protection modes 3
Event: 216.626 Protecting memory [0x000070000acf3000,0x000070000acf7000] with protection modes 3

Nmethod flushes (20 events):
Event: 217.516 Thread 0x00007fefea00d000 flushing  nmethod 0x0000000126699b90
Event: 217.516 Thread 0x00007fefea00d000 flushing  nmethod 0x00000001266a4b90
Event: 217.516 Thread 0x00007fefea00d000 flushing  nmethod 0x00000001266a8e10
Event: 217.516 Thread 0x00007fefea00d000 flushing  nmethod 0x00000001266a9210
Event: 217.516 Thread 0x00007fefea00d000 flushing  nmethod 0x00000001266a9590
Event: 217.516 Thread 0x00007fefea00d000 flushing  nmethod 0x00000001266ad090
Event: 217.516 Thread 0x00007fefea00d000 flushing  nmethod 0x00000001266ad410
Event: 217.516 Thread 0x00007fefea00d000 flushing  nmethod 0x00000001266add10
Event: 217.516 Thread 0x00007fefea00d000 flushing  nmethod 0x00000001266b3210
Event: 217.516 Thread 0x00007fefea00d000 flushing  nmethod 0x00000001266bda90
Event: 217.516 Thread 0x00007fefea00d000 flushing  nmethod 0x00000001266da990
Event: 217.516 Thread 0x00007fefea00d000 flushing  nmethod 0x00000001266e1690
Event: 217.516 Thread 0x00007fefea00d000 flushing  nmethod 0x00000001266e1f90
Event: 217.516 Thread 0x00007fefea00d000 flushing  nmethod 0x0000000126706110
Event: 217.516 Thread 0x00007fefea00d000 flushing  nmethod 0x000000012670c310
Event: 217.516 Thread 0x00007fefea00d000 flushing  nmethod 0x000000012674fe90
Event: 217.516 Thread 0x00007fefea00d000 flushing  nmethod 0x0000000126780a90
Event: 217.516 Thread 0x00007fefea00d000 flushing  nmethod 0x00000001267e2490
Event: 217.516 Thread 0x00007fefea00d000 flushing  nmethod 0x00000001267ed490
Event: 217.516 Thread 0x00007fefea00d000 flushing  nmethod 0x00000001267f0790

Events (20 events):
Event: 202.710 Thread 0x00007feff3876400 Thread exited: 0x00007feff3876400
Event: 203.908 Thread 0x00007fefee098800 Thread added: 0x00007feff4dc6e00
Event: 203.922 Thread 0x00007fefee098e00 Thread added: 0x00007fefea48c800
Event: 204.111 Thread 0x00007fefea48c800 Thread exited: 0x00007fefea48c800
Event: 204.422 Thread 0x00007fefee098e00 Thread added: 0x00007feff7034a00
Event: 204.961 Thread 0x00007feff7034a00 Thread exited: 0x00007feff7034a00
Event: 204.961 Thread 0x00007feff4dc6e00 Thread exited: 0x00007feff4dc6e00
Event: 206.374 Thread 0x00007fefee098e00 Thread added: 0x00007fefea29e200
Event: 206.724 Thread 0x00007fefea29e200 Thread exited: 0x00007fefea29e200
Event: 207.169 Thread 0x00007fefee098e00 Thread added: 0x00007fefeea2e000
Event: 207.771 Thread 0x00007fefeea2e000 Thread exited: 0x00007fefeea2e000
Event: 208.461 Thread 0x00007fefee5e4800 Thread exited: 0x00007fefee5e4800
Event: 208.461 Thread 0x00007fefeb034400 Thread exited: 0x00007fefeb034400
Event: 208.461 Thread 0x00007feff72a8e00 Thread exited: 0x00007feff72a8e00
Event: 208.461 Thread 0x00007fefebd07600 Thread exited: 0x00007fefebd07600
Event: 208.713 Thread 0x00007fefee098e00 Thread added: 0x00007fefeb034400
Event: 208.855 Thread 0x00007fefeb034400 Thread exited: 0x00007fefeb034400
Event: 214.703 Thread 0x00007fefee098e00 Thread added: 0x00007feff23bc800
Event: 215.787 Thread 0x00007fefeca39200 Thread exited: 0x00007fefeca39200
Event: 216.626 Thread 0x00007feff23bc800 Thread exited: 0x00007feff23bc800


Dynamic libraries:
0x000000010b940000 	/Library/Java/JavaVirtualMachines/zulu-17.jdk/Contents/Home/lib/libjli.dylib
0x00007ff8137ee000 	/usr/lib/libz.1.dylib
0x00007ff8138da000 	/usr/lib/libSystem.B.dylib
0x00007ff8138d4000 	/usr/lib/system/libcache.dylib
0x00007ff81388c000 	/usr/lib/system/libcommonCrypto.dylib
0x00007ff8138b6000 	/usr/lib/system/libcompiler_rt.dylib
0x00007ff8138aa000 	/usr/lib/system/libcopyfile.dylib
0x00007ff803a6a000 	/usr/lib/system/libcorecrypto.dylib
0x00007ff803b77000 	/usr/lib/system/libdispatch.dylib
0x00007ff803925000 	/usr/lib/system/libdyld.dylib
0x00007ff8138ca000 	/usr/lib/system/libkeymgr.dylib
0x00007ff813871000 	/usr/lib/system/libmacho.dylib
0x00007ff812a2e000 	/usr/lib/system/libquarantine.dylib
0x00007ff8138c7000 	/usr/lib/system/libremovefile.dylib
0x00007ff80a019000 	/usr/lib/system/libsystem_asl.dylib
0x00007ff8039f3000 	/usr/lib/system/libsystem_blocks.dylib
0x00007ff803bc2000 	/usr/lib/system/libsystem_c.dylib
0x00007ff8138be000 	/usr/lib/system/libsystem_collections.dylib
0x00007ff8113a8000 	/usr/lib/system/libsystem_configuration.dylib
0x00007ff80ff2f000 	/usr/lib/system/libsystem_containermanager.dylib
0x00007ff81333e000 	/usr/lib/system/libsystem_coreservices.dylib
0x00007ff80774d000 	/usr/lib/system/libsystem_darwin.dylib
0x00007ffe075ed000 	/usr/lib/system/libsystem_darwindirectory.dylib
0x00007ff8138cb000 	/usr/lib/system/libsystem_dnssd.dylib
0x00007ffe075f2000 	/usr/lib/system/libsystem_eligibility.dylib
0x00007ff803bbf000 	/usr/lib/system/libsystem_featureflags.dylib
0x00007ff803d44000 	/usr/lib/system/libsystem_info.dylib
0x00007ff813802000 	/usr/lib/system/libsystem_m.dylib
0x00007ff803b2a000 	/usr/lib/system/libsystem_malloc.dylib
0x00007ff809f83000 	/usr/lib/system/libsystem_networkextension.dylib
0x00007ff807b95000 	/usr/lib/system/libsystem_notify.dylib
0x00007ff8113ac000 	/usr/lib/system/libsystem_sandbox.dylib
0x00007ffe075fc000 	/usr/lib/system/libsystem_sanitizers.dylib
0x00007ff8138c3000 	/usr/lib/system/libsystem_secinit.dylib
0x00007ff803cef000 	/usr/lib/system/libsystem_kernel.dylib
0x00007ff803d3a000 	/usr/lib/system/libsystem_platform.dylib
0x00007ff803d2d000 	/usr/lib/system/libsystem_pthread.dylib
0x00007ff80be13000 	/usr/lib/system/libsystem_symptoms.dylib
0x00007ff803a4a000 	/usr/lib/system/libsystem_trace.dylib
0x00007ffe07605000 	/usr/lib/system/libsystem_trial.dylib
0x00007ff813899000 	/usr/lib/system/libunwind.dylib
0x00007ff8039f7000 	/usr/lib/system/libxpc.dylib
0x00007ff8038df000 	/usr/lib/libobjc.A.dylib
0x00007ff803d73000 	/System/Library/Frameworks/CoreFoundation.framework/Versions/A/CoreFoundation
0x00007ff81764c000 	/usr/lib/swift/libswiftCore.dylib
0x00007ff803cd7000 	/usr/lib/libc++abi.dylib
0x00007ffe05dea000 	/usr/lib/libRosetta.dylib
0x00007ff803c4c000 	/usr/lib/libc++.1.dylib
0x00007ff805007000 	/System/Library/Frameworks/Foundation.framework/Versions/C/Foundation
0x00007ff82114f000 	/usr/lib/swift/libswiftObjectiveC.dylib
0x00007ffe06e98000 	/usr/lib/libswiftPrespecialized.dylib
0x00007ff804c92000 	/System/Library/Frameworks/SystemConfiguration.framework/Versions/A/SystemConfiguration
0x00007ff80e2ef000 	/System/Library/PrivateFrameworks/CoreAutoLayout.framework/Versions/A/CoreAutoLayout
0x00007ff8138dc000 	/usr/lib/libfakelink.dylib
0x00007ff813ad6000 	/usr/lib/libcompression.dylib
0x00007ff809bed000 	/System/Library/Frameworks/CFNetwork.framework/Versions/A/CFNetwork
0x00007ff80d49d000 	/System/Library/Frameworks/DiskArbitration.framework/Versions/A/DiskArbitration
0x00007ff81392d000 	/usr/lib/libarchive.2.dylib
0x00007ff80d3af000 	/usr/lib/libDiagnosticMessagesClient.dylib
0x00007ff8074a2000 	/usr/lib/libicucore.A.dylib
0x00007ff80e339000 	/usr/lib/libxml2.2.dylib
0x00007ff81c37f000 	/System/Library/Frameworks/CoreServices.framework/Versions/A/CoreServices
0x00007ff8113b9000 	/usr/lib/liblangid.dylib
0x00007ff807ac8000 	/System/Library/Frameworks/IOKit.framework/Versions/A/IOKit
0x00007ff819e50000 	/System/Library/Frameworks/Combine.framework/Versions/A/Combine
0x00007ffc04041000 	/System/Library/PrivateFrameworks/CollectionsInternal.framework/Versions/A/CollectionsInternal
0x00007ffd09752000 	/System/Library/PrivateFrameworks/ReflectionInternal.framework/Versions/A/ReflectionInternal
0x00007ffd0a494000 	/System/Library/PrivateFrameworks/RuntimeInternal.framework/Versions/A/RuntimeInternal
0x00007ff8138df000 	/System/Library/PrivateFrameworks/SoftLinking.framework/Versions/A/SoftLinking
0x00007ff90eab4000 	/usr/lib/swift/libswiftCoreFoundation.dylib
0x00007ff90bba0000 	/usr/lib/swift/libswiftDarwin.dylib
0x00007ff81e371000 	/usr/lib/swift/libswiftDispatch.dylib
0x00007ff90eb02000 	/usr/lib/swift/libswiftIOKit.dylib
0x00007ffe07281000 	/usr/lib/swift/libswiftSystem.dylib
0x00007ff90eac4000 	/usr/lib/swift/libswiftXPC.dylib
0x00007ffe072b0000 	/usr/lib/swift/libswift_Builtin_float.dylib
0x00007ffe072b3000 	/usr/lib/swift/libswift_Concurrency.dylib
0x00007ffe07320000 	/usr/lib/swift/libswift_DarwinFoundation1.dylib
0x00007ffe07407000 	/usr/lib/swift/libswift_StringProcessing.dylib
0x00007ff821153000 	/usr/lib/swift/libswiftos.dylib
0x00007ff807a47000 	/System/Library/PrivateFrameworks/CoreServicesInternal.framework/Versions/A/CoreServicesInternal
0x00007ff8138a2000 	/usr/lib/liboah.dylib
0x00007ff8070a3000 	/System/Library/Frameworks/Security.framework/Versions/A/Security
0x00007ff820686000 	/System/Library/PrivateFrameworks/DiskImages.framework/Versions/A/DiskImages
0x00007ff90b663000 	/System/Library/Frameworks/NetFS.framework/Versions/A/NetFS
0x00007ff80e2b7000 	/System/Library/Frameworks/CoreServices.framework/Versions/A/Frameworks/FSEvents.framework/Versions/A/FSEvents
0x00007ff807758000 	/System/Library/Frameworks/CoreServices.framework/Versions/A/Frameworks/CarbonCore.framework/Versions/A/CarbonCore
0x00007ff80d413000 	/System/Library/Frameworks/CoreServices.framework/Versions/A/Frameworks/Metadata.framework/Versions/A/Metadata
0x00007ff813345000 	/System/Library/Frameworks/CoreServices.framework/Versions/A/Frameworks/OSServices.framework/Versions/A/OSServices
0x00007ff813a08000 	/System/Library/Frameworks/CoreServices.framework/Versions/A/Frameworks/SearchKit.framework/Versions/A/SearchKit
0x00007ff80bd91000 	/System/Library/Frameworks/CoreServices.framework/Versions/A/Frameworks/AE.framework/Versions/A/AE
0x00007ff80422f000 	/System/Library/Frameworks/CoreServices.framework/Versions/A/Frameworks/LaunchServices.framework/Versions/A/LaunchServices
0x00007ff81501f000 	/System/Library/Frameworks/CoreServices.framework/Versions/A/Frameworks/DictionaryServices.framework/Versions/A/DictionaryServices
0x00007ff80e2c5000 	/System/Library/Frameworks/CoreServices.framework/Versions/A/Frameworks/SharedFileList.framework/Versions/A/SharedFileList
0x00007ff813a8a000 	/usr/lib/libapple_nghttp2.dylib
0x00007ff80b9a2000 	/usr/lib/libsqlite3.dylib
0x00007ff8208c0000 	/System/Library/PrivateFrameworks/AppSupport.framework/Versions/A/AppSupport
0x00007ff80d381000 	/System/Library/PrivateFrameworks/CoreAnalytics.framework/Versions/A/CoreAnalytics
0x00007ff80a5bc000 	/System/Library/Frameworks/CoreGraphics.framework/Versions/A/CoreGraphics
0x00007ff8182af000 	/System/Library/Frameworks/GSS.framework/Versions/A/GSS
0x00007ff816738000 	/System/Library/PrivateFrameworks/InternationalSupport.framework/Versions/A/InternationalSupport
0x00007ff80bd29000 	/System/Library/PrivateFrameworks/RunningBoardServices.framework/Versions/A/RunningBoardServices
0x00007ff8210dc000 	/System/Library/PrivateFrameworks/StreamingZip.framework/Versions/A/StreamingZip
0x00007ff809f9d000 	/usr/lib/libenergytrace.dylib
0x00007ff80be1b000 	/System/Library/Frameworks/Network.framework/Versions/A/Network
0x00007ff812a53000 	/usr/lib/libbsm.0.dylib
0x00007ff813875000 	/usr/lib/system/libkxld.dylib
0x00007ffb1fa5d000 	/System/Library/PrivateFrameworks/AppleKeyStore.framework/Versions/A/AppleKeyStore
0x00007ffe05b42000 	/usr/lib/libCoreEntitlements.dylib
0x00007ffc1faeb000 	/System/Library/PrivateFrameworks/MessageSecurity.framework/Versions/A/MessageSecurity
0x00007ff80b986000 	/System/Library/PrivateFrameworks/ProtocolBuffer.framework/Versions/A/ProtocolBuffer
0x00007ff81d416000 	/System/Library/PrivateFrameworks/SymptomDiagnosticReporter.framework/Versions/A/SymptomDiagnosticReporter
0x00007ff81535e000 	/System/Library/PrivateFrameworks/CrashReporterSupport.framework/Versions/A/CrashReporterSupport
0x00007ff809f9e000 	/usr/lib/libMobileGestalt.dylib
0x00007ff813324000 	/System/Library/PrivateFrameworks/AppleFSCompression.framework/Versions/A/AppleFSCompression
0x00007ff812a3b000 	/usr/lib/libcoretls.dylib
0x00007ff81508e000 	/usr/lib/libcoretls_cfhelpers.dylib
0x00007ff813ad0000 	/usr/lib/libpam.2.dylib
0x00007ff815107000 	/usr/lib/libxar.1.dylib
0x00007ff815090000 	/System/Library/PrivateFrameworks/APFS.framework/Versions/A/APFS
0x00007ffd13edc000 	/System/Library/PrivateFrameworks/SwiftASN1Internal.framework/Versions/A/SwiftASN1Internal
0x00007ff815115000 	/usr/lib/libutil.dylib
0x00007ff8113b4000 	/System/Library/PrivateFrameworks/AppleSystemInfo.framework/Versions/A/AppleSystemInfo
0x00007ff81273c000 	/System/Library/PrivateFrameworks/IOMobileFramebuffer.framework/Versions/A/IOMobileFramebuffer
0x00007ff80ff66000 	/System/Library/Frameworks/IOSurface.framework/Versions/A/IOSurface
0x00007ff90e980000 	/System/Library/PrivateFrameworks/LoggingSupport.framework/Versions/A/LoggingSupport
0x00007ff818307000 	/System/Library/PrivateFrameworks/MobileAsset.framework/Versions/A/MobileAsset
0x00007ff81d425000 	/System/Library/PrivateFrameworks/PowerLog.framework/Versions/A/PowerLog
0x00007ffb19689000 	/System/Library/Frameworks/SwiftData.framework/Versions/A/SwiftData
0x00007ff8095e2000 	/System/Library/Frameworks/UniformTypeIdentifiers.framework/Versions/A/UniformTypeIdentifiers
0x00007ff80e4cf000 	/System/Library/PrivateFrameworks/UserManagement.framework/Versions/A/UserManagement
0x00007ff809b0f000 	/usr/lib/libboringssl.dylib
0x00007ff80be02000 	/usr/lib/libdns_services.dylib
0x00007ff90da2a000 	/usr/lib/libquic.dylib
0x00007ff8175d5000 	/usr/lib/libusrtcp.dylib
0x00007ffb207ee000 	/System/Library/PrivateFrameworks/AtomicsInternal.framework/Versions/A/AtomicsInternal
0x00007ffa14636000 	/System/Library/PrivateFrameworks/InternalSwiftProtobuf.framework/Versions/A/InternalSwiftProtobuf
0x00007ffe070ec000 	/usr/lib/swift/libswiftDistributed.dylib
0x00007ffe07112000 	/usr/lib/swift/libswiftObservation.dylib
0x00007ffe07279000 	/usr/lib/swift/libswiftSynchronization.dylib
0x00007ff8113b3000 	/System/Library/PrivateFrameworks/AggregateDictionary.framework/Versions/A/AggregateDictionary
0x00007ffc011b8000 	/System/Library/PrivateFrameworks/BiomeLibrary.framework/Versions/A/BiomeLibrary
0x00007ff91db1d000 	/System/Library/PrivateFrameworks/BiomeStreams.framework/Versions/A/BiomeStreams
0x00007ff91998a000 	/System/Library/PrivateFrameworks/BiomeFoundation.framework/Versions/A/BiomeFoundation
0x00007ffa03b1b000 	/System/Library/PrivateFrameworks/BiomePubSub.framework/Versions/A/BiomePubSub
0x00007ff80b4fc000 	/System/Library/Frameworks/CoreData.framework/Versions/A/CoreData
0x00007ff8221e3000 	/System/Library/PrivateFrameworks/ProactiveSupport.framework/Versions/A/ProactiveSupport
0x00007ff81506e000 	/usr/lib/liblzma.5.dylib
0x00007ff81c5f2000 	/System/Library/Frameworks/Accelerate.framework/Versions/A/Accelerate
0x00007ff812942000 	/System/Library/PrivateFrameworks/MobileKeyBag.framework/Versions/A/MobileKeyBag
0x00007ff820bd0000 	/System/Library/PrivateFrameworks/InternationalTextSearch.framework/Versions/A/InternationalTextSearch
0x00007ff91616b000 	/System/Library/PrivateFrameworks/SoftwareUpdateCoreSupport.framework/Versions/A/SoftwareUpdateCoreSupport
0x00007ff91e4b0000 	/System/Library/PrivateFrameworks/SoftwareUpdateCoreConnect.framework/Versions/A/SoftwareUpdateCoreConnect
0x00007ff820770000 	/System/Library/PrivateFrameworks/RemoteServiceDiscovery.framework/Versions/A/RemoteServiceDiscovery
0x00007ff915d48000 	/System/Library/PrivateFrameworks/MSUDataAccessor.framework/Versions/A/MSUDataAccessor
0x00007ff910caf000 	/usr/lib/libbootpolicy.dylib
0x00007ff820787000 	/System/Library/PrivateFrameworks/RemoteXPC.framework/Versions/A/RemoteXPC
0x00007ff91d9cd000 	/usr/lib/libFDR.dylib
0x00007ffa03775000 	/usr/lib/libamsupport.dylib
0x00007ffb1f2ce000 	/System/Library/PrivateFrameworks/AppleDeviceQuerySupport.framework/Versions/A/AppleDeviceQuerySupport
0x00007ffa067f5000 	/usr/lib/libpartition2_dynamic.dylib
0x00007ff813a68000 	/System/Library/PrivateFrameworks/AppleSauce.framework/Versions/A/AppleSauce
0x00007ffe059c2000 	/usr/lib/libAppleArchive.dylib
0x00007ff81332f000 	/usr/lib/libbz2.1.0.dylib
0x00007ff80d4a5000 	/System/Library/Frameworks/Accelerate.framework/Versions/A/Frameworks/vImage.framework/Versions/A/vImage
0x00007ff81c355000 	/System/Library/Frameworks/Accelerate.framework/Versions/A/Frameworks/vecLib.framework/Versions/A/vecLib
0x00007ff81514a000 	/System/Library/Frameworks/Accelerate.framework/Versions/A/Frameworks/vecLib.framework/Versions/A/libvMisc.dylib
0x00007ff804746000 	/System/Library/Frameworks/Accelerate.framework/Versions/A/Frameworks/vecLib.framework/Versions/A/libBLAS.dylib
0x00007ff820bcf000 	/System/Library/Frameworks/ApplicationServices.framework/Versions/A/ApplicationServices
0x00007ff80e41a000 	/System/Library/Frameworks/CoreVideo.framework/Versions/A/CoreVideo
0x00007ff80aedc000 	/System/Library/Frameworks/ColorSync.framework/Versions/A/ColorSync
0x00007ff8066b3000 	/System/Library/Frameworks/CoreText.framework/Versions/A/CoreText
0x00007ff810a48000 	/System/Library/Frameworks/ImageIO.framework/Versions/A/ImageIO
0x00007ff817ec1000 	/System/Library/Frameworks/ApplicationServices.framework/Versions/A/Frameworks/ATS.framework/Versions/A/ATS
0x00007ff80b087000 	/System/Library/Frameworks/ApplicationServices.framework/Versions/A/Frameworks/HIServices.framework/Versions/A/HIServices
0x00007ff816607000 	/System/Library/Frameworks/ApplicationServices.framework/Versions/A/Frameworks/PrintCore.framework/Versions/A/PrintCore
0x00007ff818279000 	/System/Library/Frameworks/ApplicationServices.framework/Versions/A/Frameworks/QD.framework/Versions/A/QD
0x00007ff818275000 	/System/Library/Frameworks/ApplicationServices.framework/Versions/A/Frameworks/ColorSyncLegacy.framework/Versions/A/ColorSyncLegacy
0x00007ff817e97000 	/System/Library/Frameworks/ApplicationServices.framework/Versions/A/Frameworks/SpeechSynthesis.framework/Versions/A/SpeechSynthesis
0x00007ff80a053000 	/System/Library/PrivateFrameworks/SkyLight.framework/Versions/A/SkyLight
0x00007ff81044b000 	/System/Library/PrivateFrameworks/FontServices.framework/libFontParser.dylib
0x00007ff80bc37000 	/System/Library/PrivateFrameworks/BaseBoard.framework/Versions/A/BaseBoard
0x00007ff81e6bb000 	/System/Library/PrivateFrameworks/BoardServices.framework/Versions/A/BoardServices
0x00007ff8204a6000 	/System/Library/PrivateFrameworks/BackBoardServices.framework/Versions/A/BackBoardServices
0x00007ffb20d95000 	/System/Library/PrivateFrameworks/BackBoardHIDEventFoundation.framework/Versions/A/BackBoardHIDEventFoundation
0x00007ff8061af000 	/System/Library/Frameworks/CoreDisplay.framework/Versions/A/CoreDisplay
0x00007ff815e19000 	/System/Library/Frameworks/VideoToolbox.framework/Versions/A/VideoToolbox
0x00007ff813ace000 	/System/Library/Frameworks/MetalPerformanceShaders.framework/Versions/A/MetalPerformanceShaders
0x00007ffd088ee000 	/System/Library/PrivateFrameworks/ProDisplayLibrary.framework/Versions/A/ProDisplayLibrary
0x00007ff901af1000 	/System/Library/PrivateFrameworks/IOSurfaceAccelerator.framework/Versions/A/IOSurfaceAccelerator
0x00007ff80ff8a000 	/System/Library/Frameworks/Metal.framework/Versions/A/Metal
0x00007ff80ff81000 	/System/Library/PrivateFrameworks/IOAccelerator.framework/Versions/A/IOAccelerator
0x00007ff8102a4000 	/System/Library/Frameworks/CoreMedia.framework/Versions/A/CoreMedia
0x00007ff80a031000 	/System/Library/PrivateFrameworks/TCC.framework/Versions/A/TCC
0x00007ff815dd2000 	/System/Library/PrivateFrameworks/WatchdogClient.framework/Versions/A/WatchdogClient
0x00007ff80db7f000 	/System/Library/Frameworks/QuartzCore.framework/Versions/A/QuartzCore
0x00007ff815dd4000 	/System/Library/PrivateFrameworks/MultitouchSupport.framework/Versions/A/MultitouchSupport
0x00007ffa06605000 	/usr/lib/swift/libswiftAccelerate.dylib
0x00007ff90ea9a000 	/usr/lib/swift/libswiftCoreAudio.dylib
0x00007ffa0a552000 	/usr/lib/swift/libswiftCoreMedia.dylib
0x00007ff91cb37000 	/usr/lib/swift/libswiftMetal.dylib
0x00007ffa0bd52000 	/usr/lib/swift/libswiftOSLog.dylib
0x00007ffa01ce2000 	/usr/lib/swift/libswiftQuartzCore.dylib
0x00007ffa065f6000 	/usr/lib/swift/libswiftUniformTypeIdentifiers.dylib
0x00007ffe07299000 	/usr/lib/swift/libswiftVideoToolbox.dylib
0x00007ff91275a000 	/usr/lib/swift/libswiftsimd.dylib
0x00007ffa03b7c000 	/System/Library/PrivateFrameworks/BiomeStorage.framework/Versions/A/BiomeStorage
0x00007ffc1a48d000 	/System/Library/PrivateFrameworks/IntelligencePlatformLibrary.framework/Versions/A/IntelligencePlatformLibrary
0x00007ffd07d18000 	/System/Library/PrivateFrameworks/PoirotSchematizer.framework/Versions/A/PoirotSchematizer
0x00007ffc01b12000 	/System/Library/PrivateFrameworks/BiomeSync.framework/Versions/A/BiomeSync
0x00007ffb20e59000 	/System/Library/PrivateFrameworks/BiomeDSL.framework/Versions/A/BiomeDSL
0x00007ffa1be8e000 	/System/Library/PrivateFrameworks/FeatureFlags.framework/Versions/A/FeatureFlags
0x00007ffd07d86000 	/System/Library/PrivateFrameworks/PoirotUDFs.framework/Versions/A/PoirotUDFs
0x00007ffd07ced000 	/System/Library/PrivateFrameworks/PoirotSQLite.framework/Versions/A/PoirotSQLite
0x00007ff81ebf3000 	/System/Library/PrivateFrameworks/CoreTime.framework/Versions/A/CoreTime
0x00007ff813915000 	/usr/lib/libiconv.2.dylib
0x00007ff813870000 	/usr/lib/libcharset.1.dylib
0x00007ffe0735b000 	/usr/lib/swift/libswift_RegexParser.dylib
0x00007ffc02f26000 	/System/Library/PrivateFrameworks/CascadeSets.framework/Versions/A/CascadeSets
0x00007ff81847b000 	/System/Library/PrivateFrameworks/CorePhoneNumbers.framework/Versions/A/CorePhoneNumbers
0x00007ff815bb2000 	/System/Library/PrivateFrameworks/AppleJPEG.framework/Versions/A/AppleJPEG
0x00007ff8155bf000 	/usr/lib/libexpat.1.dylib
0x00007ff8164cc000 	/System/Library/Frameworks/ImageIO.framework/Versions/A/Resources/libPng.dylib
0x00007ff8164fb000 	/System/Library/Frameworks/ImageIO.framework/Versions/A/Resources/libTIFF.dylib
0x00007ff8165f0000 	/System/Library/Frameworks/ImageIO.framework/Versions/A/Resources/libGIF.dylib
0x00007ff815bfe000 	/System/Library/Frameworks/ImageIO.framework/Versions/A/Resources/libJP2.dylib
0x00007ff8152bf000 	/usr/lib/libate.dylib
0x00007ff81658f000 	/System/Library/Frameworks/ImageIO.framework/Versions/A/Resources/libJPEG.dylib
0x00007ff816586000 	/System/Library/Frameworks/ImageIO.framework/Versions/A/Resources/libRadiance.dylib
0x00007ffc11a27000 	/System/Library/PrivateFrameworks/GPUCompiler.framework/Versions/32023/Libraries/libllvm-flatbuffers.dylib
0x00007ffc0c190000 	/System/Library/PrivateFrameworks/FramePacing.framework/Versions/A/FramePacing
0x00007ffb0c8c4000 	/System/Library/Frameworks/OpenGL.framework/Versions/A/Libraries/libCoreFSCache.dylib
0x00007ffc0d0fe000 	/System/Library/PrivateFrameworks/GPUCompiler.framework/Versions/32023/Libraries/libGPUCompilerUtils.dylib
0x00007ff81e787000 	/System/Library/PrivateFrameworks/GraphicsServices.framework/Versions/A/GraphicsServices
0x00007ff810d92000 	/System/Library/Frameworks/CoreImage.framework/Versions/A/CoreImage
0x00007ffa0fcfa000 	/System/Library/PrivateFrameworks/Symbolication.framework/Versions/A/Symbolication
0x00007ffd0790e000 	/System/Library/PrivateFrameworks/PhotosensitivityProcessing.framework/Versions/A/PhotosensitivityProcessing
0x00007ffb0c8d0000 	/System/Library/Frameworks/OpenGL.framework/Versions/A/OpenGL
0x00007ffb0deba000 	/System/Library/Frameworks/OpenCL.framework/Versions/A/OpenCL
0x00007ff8157ec000 	/System/Library/PrivateFrameworks/GraphVisualizer.framework/Versions/A/GraphVisualizer
0x00007ffb0c922000 	/System/Library/Frameworks/OpenGL.framework/Versions/A/Libraries/libGLU.dylib
0x00007ffb0c8e3000 	/System/Library/Frameworks/OpenGL.framework/Versions/A/Libraries/libGFXShared.dylib
0x00007ffb0cae2000 	/System/Library/Frameworks/OpenGL.framework/Versions/A/Libraries/libGL.dylib
0x00007ffb0c8ec000 	/System/Library/Frameworks/OpenGL.framework/Versions/A/Libraries/libGLImage.dylib
0x00007ffb0c8e0000 	/System/Library/Frameworks/OpenGL.framework/Versions/A/Libraries/libCVMSPluginSupport.dylib
0x00007ffb0c8cb000 	/System/Library/Frameworks/OpenGL.framework/Versions/A/Libraries/libCoreVMClient.dylib
0x00007ffc0c09b000 	/System/Library/PrivateFrameworks/FontServices.framework/Versions/A/FontServices
0x00007ff8157ff000 	/System/Library/PrivateFrameworks/OTSVG.framework/Versions/A/OTSVG
0x00007ff80df70000 	/System/Library/Frameworks/ApplicationServices.framework/Versions/A/Frameworks/ATS.framework/Versions/A/Resources/libFontRegistry.dylib
0x00007ffe06452000 	/usr/lib/libhvf.dylib
0x00007ffd04c6f000 	/System/Library/PrivateFrameworks/ParsingInternal.framework/Versions/A/ParsingInternal
0x00007ffc0c09f000 	/System/Library/PrivateFrameworks/FontServices.framework/libXTFontStaticRegistryData.dylib
0x00007ff8112ec000 	/System/Library/Frameworks/MetalPerformanceShaders.framework/Versions/A/Frameworks/MPSCore.framework/Versions/A/MPSCore
0x00007ff81327f000 	/System/Library/Frameworks/MetalPerformanceShaders.framework/Versions/A/Frameworks/MPSImage.framework/Versions/A/MPSImage
0x00007ff812ad7000 	/System/Library/Frameworks/MetalPerformanceShaders.framework/Versions/A/Frameworks/MPSNeuralNetwork.framework/Versions/A/MPSNeuralNetwork
0x00007ff813035000 	/System/Library/Frameworks/MetalPerformanceShaders.framework/Versions/A/Frameworks/MPSMatrix.framework/Versions/A/MPSMatrix
0x00007ff812deb000 	/System/Library/Frameworks/MetalPerformanceShaders.framework/Versions/A/Frameworks/MPSRayIntersector.framework/Versions/A/MPSRayIntersector
0x00007ff813074000 	/System/Library/Frameworks/MetalPerformanceShaders.framework/Versions/A/Frameworks/MPSNDArray.framework/Versions/A/MPSNDArray
0x00007ffb13120000 	/System/Library/Frameworks/MetalPerformanceShaders.framework/Versions/A/Frameworks/MPSFunctions.framework/Versions/A/MPSFunctions
0x00007ffb13100000 	/System/Library/Frameworks/MetalPerformanceShaders.framework/Versions/A/Frameworks/MPSBenchmarkLoop.framework/Versions/A/MPSBenchmarkLoop
0x00007ffb13135000 	/System/Library/Frameworks/MetalPerformanceShaders.framework/Versions/A/Frameworks/MPSHost.framework/Versions/A/MPSHost
0x00007ff804553000 	/System/Library/PrivateFrameworks/MetalTools.framework/Versions/A/MetalTools
0x00007ff913f58000 	/System/Library/PrivateFrameworks/IOAccelMemoryInfo.framework/Versions/A/IOAccelMemoryInfo
0x00007ffa020ee000 	/System/Library/PrivateFrameworks/kperf.framework/Versions/A/kperf
0x00007ff90ea96000 	/System/Library/PrivateFrameworks/GPURawCounter.framework/Versions/A/GPURawCounter
0x00007ff81ead5000 	/System/Library/PrivateFrameworks/CoreSymbolication.framework/Versions/A/CoreSymbolication
0x00007ff90ea13000 	/System/Library/PrivateFrameworks/MallocStackLogging.framework/Versions/A/MallocStackLogging
0x00007ff81eab6000 	/System/Library/PrivateFrameworks/DebugSymbols.framework/Versions/A/DebugSymbols
0x00007ff920a98000 	/System/Library/PrivateFrameworks/OSAnalytics.framework/Versions/A/OSAnalytics
0x00007ffc0a286000 	/System/Library/PrivateFrameworks/DeviceRecovery.framework/Versions/A/DeviceRecovery
0x00007ffb11175000 	/System/Library/Frameworks/ExtensionFoundation.framework/Versions/A/ExtensionFoundation
0x00007ff815845000 	/System/Library/PrivateFrameworks/AppServerSupport.framework/Versions/A/AppServerSupport
0x00007ff815644000 	/System/Library/PrivateFrameworks/IconServices.framework/Versions/A/IconServices
0x00007ffb122b9000 	/System/Library/Frameworks/LightweightCodeRequirements.framework/Versions/A/LightweightCodeRequirements
0x00007ff8154af000 	/System/Library/PrivateFrameworks/PlugInKit.framework/Versions/A/PlugInKit
0x00007ff812958000 	/System/Library/PrivateFrameworks/AssertionServices.framework/Versions/A/AssertionServices
0x00007ff8155e4000 	/System/Library/PrivateFrameworks/IconFoundation.framework/Versions/A/IconFoundation
0x00007ffc17911000 	/System/Library/PrivateFrameworks/IconRendering.framework/Versions/A/IconRendering
0x00007ff80dfbd000 	/System/Library/PrivateFrameworks/CoreUI.framework/Versions/A/CoreUI
0x00007ffd0a615000 	/System/Library/PrivateFrameworks/SFSymbols.framework/Versions/A/SFSymbols
0x00007ffb11056000 	/System/Library/Frameworks/DeveloperToolsSupport.framework/Versions/A/DeveloperToolsSupport
0x00007ff905f36000 	/System/Library/PrivateFrameworks/RenderBox.framework/Versions/A/RenderBox
0x00007ff810a0d000 	/System/Library/PrivateFrameworks/CoreSVG.framework/Versions/A/CoreSVG
0x00007ff81667a000 	/System/Library/PrivateFrameworks/TextureIO.framework/Versions/A/TextureIO
0x00007ff90eb01000 	/usr/lib/swift/libswiftCoreImage.dylib
0x00007ff8165c1000 	/System/Library/Frameworks/ApplicationServices.framework/Versions/A/Frameworks/ATSUI.framework/Versions/A/ATSUI
0x00007ff817c3a000 	/System/Library/Frameworks/AudioToolbox.framework/Versions/A/AudioToolbox
0x00007ff8062dd000 	/System/Library/PrivateFrameworks/AudioToolboxCore.framework/Versions/A/AudioToolboxCore
0x00007ff817e05000 	/System/Library/PrivateFrameworks/AudioSession.framework/Versions/A/AudioSession
0x00007ff823658000 	/System/Library/Frameworks/CoreMIDI.framework/Versions/A/CoreMIDI
0x00007ff817e7f000 	/usr/lib/libAudioStatistics.dylib
0x00007ff81027f000 	/System/Library/PrivateFrameworks/caulk.framework/Versions/A/caulk
0x00007ff8068f6000 	/System/Library/Frameworks/CoreAudio.framework/Versions/A/CoreAudio
0x00007ff8164aa000 	/usr/lib/libAudioToolboxUtility.dylib
0x00007ff9155b5000 	/usr/lib/swift/libswiftCoreMIDI.dylib
0x00007ff818283000 	/System/Library/PrivateFrameworks/perfdata.framework/Versions/A/perfdata
0x00007ff90db19000 	/System/Library/PrivateFrameworks/SystemPolicy.framework/Versions/A/SystemPolicy
0x00007ff818126000 	/usr/lib/libSMC.dylib
0x00007ff818291000 	/usr/lib/libperfcheck.dylib
0x00007ffb208a4000 	/System/Library/PrivateFrameworks/AudioAnalytics.framework/Versions/A/AudioAnalytics
0x00007ffe07324000 	/usr/lib/swift/libswift_DarwinFoundation2.dylib
0x00007ffe07325000 	/usr/lib/swift/libswift_DarwinFoundation3.dylib
0x00007ffa14340000 	/System/Library/Frameworks/OSLog.framework/Versions/A/OSLog
0x00007ff90ea43000 	/usr/lib/libmis.dylib
0x00007ff815708000 	/System/Library/PrivateFrameworks/MediaExperience.framework/Versions/A/MediaExperience
0x00007ff817bea000 	/System/Library/PrivateFrameworks/AudioSession.framework/libSessionUtility.dylib
0x00007ff8165f6000 	/System/Library/PrivateFrameworks/CMCaptureCore.framework/Versions/A/CMCaptureCore
0x00007ff815853000 	/usr/lib/libspindump.dylib
0x00007ff81d30a000 	/System/Library/Frameworks/CoreBluetooth.framework/Versions/A/CoreBluetooth
0x00007ff8127cb000 	/System/Library/PrivateFrameworks/CoreUtils.framework/Versions/A/CoreUtils
0x00007ff906c52000 	/System/Library/PrivateFrameworks/HID.framework/Versions/A/HID
0x00007ffc0981b000 	/System/Library/PrivateFrameworks/CoreUtilsExtras.framework/Versions/A/CoreUtilsExtras
0x00007ffc17861000 	/System/Library/PrivateFrameworks/IO80211.framework/Versions/A/IO80211
0x00007ff819bbd000 	/System/Library/Frameworks/IOBluetooth.framework/Versions/A/IOBluetooth
0x00007ff91cb44000 	/usr/lib/swift/libswiftCompression.dylib
0x00007ffb204de000 	/System/Library/PrivateFrameworks/ArgumentParserInternal.framework/Versions/A/ArgumentParserInternal
0x00007ff815355000 	/usr/lib/libIOReport.dylib
0x00007ff812965000 	/System/Library/Frameworks/SecurityFoundation.framework/Versions/A/SecurityFoundation
0x00007ff8049af000 	/System/Library/PrivateFrameworks/Lexicon.framework/Versions/A/Lexicon
0x00007ff81e5db000 	/System/Library/PrivateFrameworks/FrontBoardServices.framework/Versions/A/FrontBoardServices
0x00007ff812abe000 	/usr/lib/libgermantok.dylib
0x00007ff8114cb000 	/System/Library/PrivateFrameworks/LinguisticData.framework/Versions/A/LinguisticData
0x00007ff81d508000 	/System/Library/PrivateFrameworks/MediaKit.framework/Versions/A/MediaKit
0x00007ff81d462000 	/System/Library/Frameworks/DiscRecording.framework/Versions/A/DiscRecording
0x00007ff8155db000 	/usr/lib/libheimdal-asn1.dylib
0x00007ff8210b7000 	/System/Library/Frameworks/AudioUnit.framework/Versions/A/AudioUnit
0x00007ff80e28f000 	/System/Library/Frameworks/OpenDirectory.framework/Versions/A/OpenDirectory
0x00007ff80e29b000 	/System/Library/Frameworks/OpenDirectory.framework/Versions/A/Frameworks/CFOpenDirectory.framework/Versions/A/CFOpenDirectory
0x00007ffb0f943000 	/System/Library/Frameworks/AVFAudio.framework/Versions/A/AVFAudio
0x00007ff907baa000 	/usr/lib/libAccessibility.dylib
0x00007ffc1afb7000 	/System/Library/PrivateFrameworks/IsolatedCoreAudioClient.framework/Versions/A/IsolatedCoreAudioClient
0x00007ffd173a8000 	/System/Library/PrivateFrameworks/Tightbeam.framework/Versions/A/Tightbeam
0x00007ffc05899000 	/System/Library/PrivateFrameworks/CoreAudioOrchestration.framework/Versions/A/CoreAudioOrchestration
0x00007ffa06cb3000 	/System/Library/PrivateFrameworks/AFKUser.framework/Versions/A/AFKUser
0x00007ff81c63f000 	/System/Library/Frameworks/MediaAccessibility.framework/Versions/A/MediaAccessibility
0x00007ffd1b2a9000 	/System/Library/PrivateFrameworks/VideoToolboxParavirtualizationSupport.framework/Versions/A/VideoToolboxParavirtualizationSupport
0x00007ff815571000 	/System/Library/PrivateFrameworks/AppleVA.framework/Versions/A/AppleVA
0x00007ff81657f000 	/System/Library/PrivateFrameworks/GPUWrangler.framework/Versions/A/GPUWrangler
0x00007ff816563000 	/System/Library/PrivateFrameworks/IOPresentment.framework/Versions/A/IOPresentment
0x00007ff816589000 	/System/Library/PrivateFrameworks/DSExternalDisplay.framework/Versions/A/DSExternalDisplay
0x00007ffb20340000 	/System/Library/PrivateFrameworks/AppleMobileFileIntegrity.framework/Versions/A/AppleMobileFileIntegrity
0x00007ffe05e67000 	/usr/lib/libTLE.dylib
0x00007ffb04996000 	/System/Library/PrivateFrameworks/ConfigProfileHelper.framework/Versions/A/ConfigProfileHelper
0x00007ffa19fb1000 	/usr/lib/libedit.3.dylib
0x00007ffc1c2f3000 	/System/Library/PrivateFrameworks/MIL.framework/Versions/A/MIL
0x00007ff913f1d000 	/usr/lib/libncurses.5.4.dylib
0x00007ff812707000 	/System/Library/PrivateFrameworks/CoreEmoji.framework/Versions/A/CoreEmoji
0x00007ff804d18000 	/usr/lib/libCRFSuite.dylib
0x00007ff8113bb000 	/System/Library/PrivateFrameworks/CoreNLP.framework/Versions/A/CoreNLP
0x00007ff812a63000 	/usr/lib/libmecab.dylib
0x00007ff813a60000 	/usr/lib/libThaiTokenizer.dylib
0x00007ff816a41000 	/System/Library/PrivateFrameworks/DataDetectorsCore.framework/Versions/A/DataDetectorsCore
0x00007ffb11044000 	/System/Library/Frameworks/DataDetection.framework/Versions/A/DataDetection
0x00007ff91298b000 	/System/Library/PrivateFrameworks/TextInput.framework/Versions/A/TextInput
0x00007ffa147fd000 	/System/Library/PrivateFrameworks/HIDDisplay.framework/Versions/A/HIDDisplay
0x00007ff818207000 	/usr/lib/libcups.2.dylib
0x00007ff8182a0000 	/System/Library/Frameworks/Kerberos.framework/Versions/A/Kerberos
0x00007ff817f04000 	/usr/lib/libresolv.9.dylib
0x00007ff81585a000 	/System/Library/PrivateFrameworks/Heimdal.framework/Versions/A/Heimdal
0x00007ff8210b6000 	/System/Library/Frameworks/Kerberos.framework/Versions/A/Libraries/libHeimdalProxy.dylib
0x00007ff8182f8000 	/System/Library/PrivateFrameworks/CommonAuth.framework/Versions/A/CommonAuth
0x00007ff907ac3000 	/System/Library/PrivateFrameworks/AXCoreUtilities.framework/Versions/A/AXCoreUtilities
0x00007ff917870000 	/System/Library/PrivateFrameworks/AttributeGraph.framework/Versions/A/AttributeGraph
0x00007ffe058df000 	/usr/lib/libAXSafeCategoryBundle.dylib
0x00007ff81251c000 	/System/Library/Frameworks/Accelerate.framework/Versions/A/Frameworks/vecLib.framework/Versions/A/libvDSP.dylib
0x00007ff813bbd000 	/System/Library/Frameworks/Accelerate.framework/Versions/A/Frameworks/vecLib.framework/Versions/A/libLAPACK.dylib
0x00007ff812ac1000 	/System/Library/Frameworks/Accelerate.framework/Versions/A/Frameworks/vecLib.framework/Versions/A/libLinearAlgebra.dylib
0x00007ff813aa4000 	/System/Library/Frameworks/Accelerate.framework/Versions/A/Frameworks/vecLib.framework/Versions/A/libSparseBLAS.dylib
0x00007ff813bb7000 	/System/Library/Frameworks/Accelerate.framework/Versions/A/Frameworks/vecLib.framework/Versions/A/libQuadrature.dylib
0x00007ff8114d2000 	/System/Library/Frameworks/Accelerate.framework/Versions/A/Frameworks/vecLib.framework/Versions/A/libBNNS.dylib
0x00007ff804abb000 	/System/Library/Frameworks/Accelerate.framework/Versions/A/Frameworks/vecLib.framework/Versions/A/libSparse.dylib
0x00007ffb10be0000 	/System/Library/Frameworks/CoreTransferable.framework/Versions/A/CoreTransferable
0x00007ff81826a000 	/System/Library/PrivateFrameworks/NetAuth.framework/Versions/A/NetAuth
0x00007ff80e48f000 	/System/Library/PrivateFrameworks/login.framework/Versions/A/Frameworks/loginsupport.framework/Versions/A/loginsupport
0x00007ff8093fc000 	/System/Library/PrivateFrameworks/UIFoundation.framework/Versions/A/UIFoundation
0x00007ff812a31000 	/usr/lib/libCheckFix.dylib
0x00007ff80d3b1000 	/System/Library/PrivateFrameworks/MetadataUtilities.framework/Versions/A/MetadataUtilities
0x00007ffc1822c000 	/System/Library/PrivateFrameworks/InstalledContentLibrary.framework/Versions/A/InstalledContentLibrary
0x00007ff807a89000 	/System/Library/PrivateFrameworks/CoreServicesStore.framework/Versions/A/CoreServicesStore
0x00007ff80e2ec000 	/usr/lib/libapp_launch_measurement.dylib
0x00007ffa021ec000 	/System/Library/PrivateFrameworks/MobileSystemServices.framework/Versions/A/MobileSystemServices
0x00007ff815119000 	/usr/lib/libxslt.1.dylib
0x00007ff8129f4000 	/System/Library/PrivateFrameworks/BackgroundTaskManagement.framework/Versions/A/BackgroundTaskManagement
0x00007ff820836000 	/usr/lib/libcurl.4.dylib
0x00007ffe061ff000 	/usr/lib/libcrypto.46.dylib
0x00007ffe06e25000 	/usr/lib/libssl.48.dylib
0x00007ff820516000 	/System/Library/Frameworks/LDAP.framework/Versions/A/LDAP
0x00007ff820551000 	/System/Library/PrivateFrameworks/TrustEvaluationAgent.framework/Versions/A/TrustEvaluationAgent
0x00007ff817f21000 	/usr/lib/libsasl2.2.dylib
0x00007ff82386c000 	/System/Library/Frameworks/Cocoa.framework/Versions/A/Cocoa
0x00007ff807c01000 	/System/Library/Frameworks/AppKit.framework/Versions/C/AppKit
0x00007ffc0401a000 	/System/Library/PrivateFrameworks/CollectionViewCore.framework/Versions/A/CollectionViewCore
0x00007ff810a08000 	/System/Library/PrivateFrameworks/XCTTargetBootstrap.framework/Versions/A/XCTTargetBootstrap
0x00007ff816a8a000 	/System/Library/PrivateFrameworks/UserActivity.framework/Versions/A/UserActivity
0x00007ffc0c19d000 	/System/Library/PrivateFrameworks/FrontBoard.framework/Versions/A/FrontBoard
0x00007ffd190d1000 	/System/Library/PrivateFrameworks/UIIntelligenceSupport.framework/Versions/A/UIIntelligenceSupport
0x00007ffb197e8000 	/System/Library/Frameworks/SwiftUICore.framework/Versions/A/SwiftUICore
0x00007ffd1effc000 	/System/Library/PrivateFrameworks/WritingTools.framework/Versions/A/WritingTools
0x00007ffd1df8c000 	/System/Library/PrivateFrameworks/WindowManagement.framework/Versions/A/WindowManagement
0x00007ffc0bef6000 	/System/Library/PrivateFrameworks/FocusEngine.framework/Versions/A/FocusEngine
0x00007ffc09e52000 	/System/Library/PrivateFrameworks/DesignLibrary.framework/Versions/A/DesignLibrary
0x00007ff8109f5000 	/System/Library/PrivateFrameworks/DFRFoundation.framework/Versions/A/DFRFoundation
0x00007ffd19be5000 	/System/Library/PrivateFrameworks/UpdateCycle.framework/Versions/A/UpdateCycle
0x00007ff810716000 	/System/Library/Frameworks/Carbon.framework/Versions/A/Frameworks/HIToolbox.framework/Versions/A/HIToolbox
0x00007ff81bf63000 	/System/Library/Frameworks/Carbon.framework/Versions/A/Frameworks/SpeechRecognition.framework/Versions/A/SpeechRecognition
0x00007ff80e284000 	/System/Library/PrivateFrameworks/PerformanceAnalysis.framework/Versions/A/PerformanceAnalysis
0x00007ff81c2f6000 	/System/Library/Frameworks/Accessibility.framework/Versions/A/Accessibility
0x00007ffb1a6de000 	/System/Library/Frameworks/Symbols.framework/Versions/A/Symbols
0x00007ffc14d2d000 	/System/Library/PrivateFrameworks/Gestures.framework/Versions/A/Gestures
0x00007ff90bb9f000 	/usr/lib/swift/libswiftCoreGraphics.dylib
0x00007ff81cd05000 	/usr/lib/swift/libswiftFoundation.dylib
0x00007ffb04369000 	/usr/lib/swift/libswiftSwiftOnoneSupport.dylib
0x00007ffe07490000 	/usr/lib/swift/libswiftsys_time.dylib
0x00007ffa10421000 	/System/Library/PrivateFrameworks/CoreMaterial.framework/Versions/A/CoreMaterial
0x00007ffe071ce000 	/usr/lib/swift/libswiftSpatial.dylib
0x00007ffe05e66000 	/usr/lib/libSpatial.dylib
0x00007ffe057f6000 	/System/Library/SubFrameworks/UIUtilities.framework/Versions/A/UIUtilities
0x000000011311e000 	/Library/Java/JavaVirtualMachines/zulu-17.jdk/Contents/Home/lib/server/libjvm.dylib
0x000000010b9c7000 	/Library/Java/JavaVirtualMachines/zulu-17.jdk/Contents/Home/lib/libjimage.dylib
0x000000010b9ea000 	/Library/Java/JavaVirtualMachines/zulu-17.jdk/Contents/Home/lib/libinstrument.dylib
0x000000010ba2c000 	/Library/Java/JavaVirtualMachines/zulu-17.jdk/Contents/Home/lib/libjava.dylib
0x000000010bcb7000 	/Library/Java/JavaVirtualMachines/zulu-17.jdk/Contents/Home/lib/libzip.dylib
0x000000010bce6000 	/Library/Java/JavaVirtualMachines/zulu-17.jdk/Contents/Home/lib/libnio.dylib
0x000000010bd20000 	/Library/Java/JavaVirtualMachines/zulu-17.jdk/Contents/Home/lib/libnet.dylib
0x000000010bccb000 	/Library/Java/JavaVirtualMachines/zulu-17.jdk/Contents/Home/lib/libverify.dylib
0x000000010ba16000 	/Users/macbook/.gradle/native/1def1411415f61bf3af743bc5b6707747c0891f09f0c88961ee8f79bc544acac/osx-amd64/libnative-platform.dylib
0x000000010bdae000 	/Users/macbook/.gradle/native/0.2.7/x86_64-macos/libgradle-fileevents.dylib
0x000000010bd02000 	/Library/Java/JavaVirtualMachines/zulu-17.jdk/Contents/Home/lib/libmanagement.dylib
0x000000010bd40000 	/Library/Java/JavaVirtualMachines/zulu-17.jdk/Contents/Home/lib/libmanagement_ext.dylib
0x000000010bd50000 	/Library/Java/JavaVirtualMachines/zulu-17.jdk/Contents/Home/lib/libextnet.dylib
0x000000010bd60000 	/Library/Java/JavaVirtualMachines/zulu-17.jdk/Contents/Home/lib/librmi.dylib


VM Arguments:
jvm_args: --add-opens=java.base/java.lang=ALL-UNNAMED --add-opens=java.base/java.lang.invoke=ALL-UNNAMED --add-opens=java.base/java.util=ALL-UNNAMED --add-opens=java.prefs/java.util.prefs=ALL-UNNAMED --add-exports=jdk.compiler/com.sun.tools.javac.api=ALL-UNNAMED --add-exports=jdk.compiler/com.sun.tools.javac.util=ALL-UNNAMED --add-opens=java.base/java.util=ALL-UNNAMED --add-opens=java.prefs/java.util.prefs=ALL-UNNAMED --add-opens=java.base/java.nio.charset=ALL-UNNAMED --add-opens=java.base/java.net=ALL-UNNAMED --add-opens=java.base/java.util.concurrent.atomic=ALL-UNNAMED --add-opens=java.xml/javax.xml.namespace=ALL-UNNAMED -XX:MaxMetaspaceSize=512m -Xmx2048m -Dfile.encoding=UTF-8 -Duser.country=US -Duser.language=en -Duser.variant -javaagent:/Users/macbook/.gradle/wrapper/dists/gradle-8.13-bin/5xuhj0ry160q40clulazy9h7d/gradle-8.13/lib/agents/gradle-instrumentation-agent-8.13.jar 
java_command: org.gradle.launcher.daemon.bootstrap.GradleDaemon 8.13
java_class_path (initial): /Users/macbook/.gradle/wrapper/dists/gradle-8.13-bin/5xuhj0ry160q40clulazy9h7d/gradle-8.13/lib/gradle-daemon-main-8.13.jar
Launcher Type: SUN_STANDARD

[Global flags]
     intx CICompilerCount                          = 4                                         {product} {ergonomic}
   size_t CompressedClassSpaceSize                 = 436207616                                 {product} {ergonomic}
     uint ConcGCThreads                            = 3                                         {product} {ergonomic}
     uint G1ConcRefinementThreads                  = 10                                        {product} {ergonomic}
   size_t G1HeapRegionSize                         = 1048576                                   {product} {ergonomic}
    uintx GCDrainStackTargetSize                   = 64                                        {product} {ergonomic}
   size_t InitialHeapSize                          = 268435456                                 {product} {ergonomic}
   size_t MarkStackSize                            = 4194304                                   {product} {ergonomic}
   size_t MaxHeapSize                              = 2147483648                                {product} {command line}
   size_t MaxMetaspaceSize                         = 536870912                                 {product} {command line}
   size_t MaxNewSize                               = 1287651328                                {product} {ergonomic}
   size_t MinHeapDeltaBytes                        = 1048576                                   {product} {ergonomic}
   size_t MinHeapSize                              = 8388608                                   {product} {ergonomic}
    uintx NonNMethodCodeHeapSize                   = 5839372                                {pd product} {ergonomic}
    uintx NonProfiledCodeHeapSize                  = 122909434                              {pd product} {ergonomic}
    uintx ProfiledCodeHeapSize                     = 122909434                              {pd product} {ergonomic}
    uintx ReservedCodeCacheSize                    = 251658240                              {pd product} {ergonomic}
     bool SegmentedCodeCache                       = true                                      {product} {ergonomic}
   size_t SoftMaxHeapSize                          = 2147483648                             {manageable} {ergonomic}
     bool UseCompressedClassPointers               = true                           {product lp64_product} {ergonomic}
     bool UseCompressedOops                        = true                           {product lp64_product} {ergonomic}
     bool UseG1GC                                  = true                                      {product} {ergonomic}
     bool UseNUMA                                  = false                                     {product} {ergonomic}
     bool UseNUMAInterleaving                      = false                                     {product} {ergonomic}

Logging:
Log output configuration:
 #0: stdout all=warning uptime,level,tags
 #1: stderr all=off uptime,level,tags

Environment Variables:
JAVA_HOME=/Library/Java/JavaVirtualMachines/zulu-17.jdk/Contents/Home
PATH=/Users/macbook/.pyenv/shims:/Users/macbook/.pyenv/bin:/Users/macbook/.opencode/bin:/Users/macbook/.bun/bin:/Users/macbook/.nvm/versions/node/v24.11.1/bin:/Users/macbook/.antigravity/antigravity/bin:/Applications/Postgres.app/Contents/Versions/latest/bin:/Users/macbook/.local/bin:/usr/local/bin:/System/Cryptexes/App/usr/bin:/usr/bin:/bin:/usr/sbin:/sbin:/var/run/com.apple.security.cryptexd/codex.system/bootstrap/usr/local/bin:/var/run/com.apple.security.cryptexd/codex.system/bootstrap/usr/bin:/var/run/com.apple.security.cryptexd/codex.system/bootstrap/usr/appleinternal/bin:/opt/pmk/env/global/bin:/Library/Apple/usr/bin:/usr/local/share/dotnet:~/.dotnet/tools:/Applications/Postgres.app/Contents/Versions/latest/bin:/Users/macbook/Library/Android/sdk/emulator:/Users/macbook/Library/Android/sdk/platform-tools:/Applications/Warp.app/Contents/Resources/bin
SHELL=/bin/zsh
LANG=en_US.UTF-8
TERM=xterm-256color
TMPDIR=/var/folders/fl/b3xdcrns4d5055k9vfj459nm0000gn/T/

Active Locale:
LC_ALL=en_US.UTF-8
LC_COLLATE=en_US.UTF-8
LC_CTYPE=en_US.UTF-8
LC_MESSAGES=en_US.UTF-8
LC_MONETARY=en_US.UTF-8
LC_NUMERIC=en_US.UTF-8
LC_TIME=en_US.UTF-8

Signal Handlers:
   SIGSEGV: crash_handler in libjvm.dylib, mask=11100110000111110111111111111111, flags=SA_RESTART|SA_SIGINFO, unblocked
    SIGBUS: crash_handler in libjvm.dylib, mask=11100110000111110111111111111111, flags=SA_RESTART|SA_SIGINFO, unblocked
    SIGFPE: crash_handler in libjvm.dylib, mask=11100110000111110111111111111111, flags=SA_RESTART|SA_SIGINFO, unblocked
   SIGPIPE: javaSignalHandler in libjvm.dylib, mask=11100110000111110111111111111111, flags=SA_RESTART|SA_SIGINFO, blocked
   SIGXFSZ: javaSignalHandler in libjvm.dylib, mask=11100110000111110111111111111111, flags=SA_RESTART|SA_SIGINFO, blocked
    SIGILL: crash_handler in libjvm.dylib, mask=11100110000111110111111111111111, flags=SA_RESTART|SA_SIGINFO, unblocked
   SIGUSR2: SR_handler in libjvm.dylib, mask=00000000000000000000000000000000, flags=SA_RESTART|SA_SIGINFO, blocked
    SIGHUP: UserHandler in libjvm.dylib, mask=11100110000111110111111111111111, flags=SA_RESTART|SA_SIGINFO, blocked
    SIGINT: UserHandler in libjvm.dylib, mask=11100110000111110111111111111111, flags=SA_RESTART|SA_SIGINFO, blocked
   SIGTERM: UserHandler in libjvm.dylib, mask=11100110000111110111111111111111, flags=SA_RESTART|SA_SIGINFO, blocked
   SIGQUIT: UserHandler in libjvm.dylib, mask=11100110000111110111111111111111, flags=SA_RESTART|SA_SIGINFO, blocked
   SIGTRAP: crash_handler in libjvm.dylib, mask=11100110000111110111111111111111, flags=SA_RESTART|SA_SIGINFO, unblocked


Periodic native trim disabled


---------------  S Y S T E M  ---------------

OS:
uname: Darwin 25.3.0 Darwin Kernel Version 25.3.0: Wed Jan 28 20:53:28 PST 2026; root:xnu-12377.91.3~2/RELEASE_X86_64 x86_64
OS uptime: 0 days 0:16 hours
rlimit (soft/hard): STACK 8192k/65532k , CORE 0k/infinity , NPROC 2784/4176 , NOFILE 1048576/infinity , AS infinity/infinity , CPU infinity/infinity , DATA infinity/infinity , FSIZE infinity/infinity , MEMLOCK infinity/infinity , RSS infinity/infinity
load average: 7.15 12.03 17.79

CPU: total 12 (initial active 12) (6 cores per cpu, 2 threads per core) family 6 model 158 stepping 10 microcode 0xfa, cx8, cmov, fxsr, ht, mmx, 3dnowpref, sse, sse2, sse3, ssse3, sse4.1, sse4.2, popcnt, lzcnt, tsc, tscinvbit, avx, avx2, aes, erms, clmul, bmi1, bmi2, adx, fma, vzeroupper, clflush, clflushopt
machdep.cpu.brand_string:Intel(R) Core(TM) i7-9750H CPU @ 2.60GHz
hw.cpufrequency:2600000000
hw.cpufrequency_min:2600000000
hw.cpufrequency_max:2600000000
hw.cachelinesize:64
hw.l1icachesize:32768
hw.l1dcachesize:32768
hw.l2cachesize:262144
hw.l3cachesize:12582912

Memory: 4k page, physical 16777216k(369108k free), swap 1048576k(663296k free)

vm_info: OpenJDK 64-Bit Server VM (17.0.16+8-LTS) for bsd-amd64 JRE (17.0.16+8-LTS) (Zulu17.60+17-CA), built on Jun 30 2025 10:41:51 by "zulu_re" with clang Apple LLVM 12.0.5 (clang-1205.0.22.11)

END.
