#
# A fatal error has been detected by the Java Runtime Environment:
#
#  SIGSEGV (0xb) at pc=0x0000000105455447, pid=18153, tid=26115
#
# JRE version: OpenJDK Runtime Environment Zulu17.60+17-CA (17.0.16+8) (build 17.0.16+8-LTS)
# Java VM: OpenJDK 64-Bit Server VM Zulu17.60+17-CA (17.0.16+8-LTS, mixed mode, sharing, tiered, compressed oops, compressed class ptrs, g1 gc, bsd-amd64)
# Problematic frame:
# V  [libjvm.dylib+0x48e447]  PhaseCFG::schedule_pinned_nodes(VectorSet&)+0x157
#
# No core dump will be written. Core dumps have been disabled. To enable core dumping, try "ulimit -c unlimited" before starting Java again
#
# If you would like to submit a bug report, please visit:
#   http://www.azul.com/support/
#

---------------  S U M M A R Y ------------

Command Line: --add-opens=java.base/java.lang=ALL-UNNAMED --add-opens=java.base/java.lang.invoke=ALL-UNNAMED --add-opens=java.base/java.util=ALL-UNNAMED --add-opens=java.prefs/java.util.prefs=ALL-UNNAMED --add-exports=jdk.compiler/com.sun.tools.javac.api=ALL-UNNAMED --add-exports=jdk.compiler/com.sun.tools.javac.util=ALL-UNNAMED --add-opens=java.base/java.util=ALL-UNNAMED --add-opens=java.prefs/java.util.prefs=ALL-UNNAMED --add-opens=java.base/java.nio.charset=ALL-UNNAMED --add-opens=java.base/java.net=ALL-UNNAMED --add-opens=java.base/java.util.concurrent.atomic=ALL-UNNAMED --add-opens=java.xml/javax.xml.namespace=ALL-UNNAMED -XX:MaxMetaspaceSize=512m -Xmx2048m -Dfile.encoding=UTF-8 -Duser.country=US -Duser.language=en -Duser.variant -javaagent:/Users/macbook/.gradle/wrapper/dists/gradle-8.13-bin/5xuhj0ry160q40clulazy9h7d/gradle-8.13/lib/agents/gradle-instrumentation-agent-8.13.jar org.gradle.launcher.daemon.bootstrap.GradleDaemon 8.13

Host: "MacBookPro16,1" x86_64 2600 MHz, 12 cores, 16G, Darwin 25.3.0, macOS 26.3.1 (25D2128)
Time: Tue Jun 23 12:50:01 2026 PKT elapsed time: 9.454386 seconds (0d 0h 0m 9s)

---------------  T H R E A D  ---------------

Current thread (0x00007fc39200ba00):  JavaThread "C2 CompilerThread0" daemon [_thread_in_native, id=26115, stack(0x000070000774e000,0x000070000784e000)]


Current CompileTask:
C2:   9454 2558       4       java.net.URLClassLoader$1::run (5 bytes)

Stack: [0x000070000774e000,0x000070000784e000],  sp=0x000070000784a730,  free space=1009k
Native frames: (J=compiled Java code, j=interpreted, Vv=VM code, C=native code)
V  [libjvm.dylib+0x48e447]  PhaseCFG::schedule_pinned_nodes(VectorSet&)+0x157
V  [libjvm.dylib+0x491012]  PhaseCFG::global_code_motion()+0xe2
V  [libjvm.dylib+0x4917da]  PhaseCFG::do_global_code_motion()+0x3a
V  [libjvm.dylib+0x323302]  Compile::Code_Gen()+0x232
V  [libjvm.dylib+0x32053d]  Compile::Compile(ciEnv*, ciMethod*, int, bool, bool, bool, bool, bool, DirectiveSet*)+0x116d
V  [libjvm.dylib+0x2831c2]  C2Compiler::compile_method(ciEnv*, ciMethod*, int, bool, DirectiveSet*)+0xf2
V  [libjvm.dylib+0x333a8a]  CompileBroker::invoke_compiler_on_method(CompileTask*)+0x62a
V  [libjvm.dylib+0x33323c]  CompileBroker::compiler_thread_loop()+0x41c
V  [libjvm.dylib+0xa97920]  JavaThread::thread_main_inner()+0x150
V  [libjvm.dylib+0xa95c17]  Thread::call_run()+0xa7
V  [libjvm.dylib+0x8adb18]  thread_native_entry(Thread*)+0x148
C  [libsystem_pthread.dylib+0x5e4d]  _pthread_start+0x73
C  [libsystem_pthread.dylib+0x1857]  thread_start+0xf


siginfo: si_signo: 11 (SIGSEGV), si_code: 0 (unknown), si_addr: 0x0000000000000000

Registers:
RAX=0xf00000000105c352, RBX=0x0000000000100000, RCX=0x0000000000000000, RDX=0x0000000000001000
RSP=0x000070000784a730, RBP=0x000070000784a790, RSI=0x0000000000000000, RDI=0x00007fc394a52c81
R8 =0x000000000000050a, R9 =0x0000000000801000, R10=0x0000000000000000, R11=0x0000000002c03600
R12=0x00007fc394a52c81, R13=0x0000000000000000, R14=0x000000000200000c, R15=0x000070000784aa18
RIP=0x0000000105455447, EFLAGS=0x0000000000010206, ERR=0x0000000000000000
  TRAPNO=0x000000000000000d


Register to memory mapping:

RAX=0xf00000000105c352 is an unknown value
RBX=0x0000000000100000 is an unknown value
RCX=0x0 is NULL
RDX=0x0000000000001000 is an unknown value
RSP=0x000070000784a730 is pointing into the stack for thread: 0x00007fc39200ba00
RBP=0x000070000784a790 is pointing into the stack for thread: 0x00007fc39200ba00
RSI=0x0 is NULL
RDI=0x00007fc394a52c81 points into unknown readable memory: 52 c3 05 01 00 00 00
R8 =0x000000000000050a is an unknown value
R9 =0x0000000000801000 is an unknown value
R10=0x0 is NULL
R11=0x0000000002c03600 is an unknown value
R12=0x00007fc394a52c81 points into unknown readable memory: 52 c3 05 01 00 00 00
R13=0x0 is NULL
R14=0x000000000200000c is an unknown value
R15=0x000070000784aa18 is pointing into the stack for thread: 0x00007fc39200ba00


Top of Stack: (sp=0x000070000784a730)
0x000070000784a730:   0000000000000092 000070000784c368
0x000070000784a740:   000070000784aa18 000070000784a750
0x000070000784a750:   00002c4a00000079 00007fc3958a4010
0x000070000784a760:   0000000000000000 000070000784aa18
0x000070000784a770:   000060000295c660 0000000000002356
0x000070000784a780:   000070000784c3d0 000070000784c368
0x000070000784a790:   000070000784aaf0 0000000105458012
0x000070000784a7a0:   00007fc38f581740 000070000784ab20
0x000070000784a7b0:   000070000784a7e0 00000001057e8f91
0x000070000784a7c0:   000070000784ab20 00007fc38f5841a0
0x000070000784a7d0:   0000000000000146 00007fc38f5841a0
0x000070000784a7e0:   0000000105d11ac0 00007ff803d307a0
0x000070000784a7f0:   000000000000e6da 0000000105d02fa8
0x000070000784a800:   00007fc395405000 000070000784d320
0x000070000784a810:   0000000000007fe8 0000000000021000
0x000070000784a820:   0000000000000000 00007fc3958cf000
0x000070000784a830:   0000000103605000 0000000000021000
0x000070000784a840:   000070000784a8b0 00007ff803b35584
0x000070000784a850:   0000000000000000 0000000000000000
0x000070000784a860:   0000000000000000 0000000000000000
0x000070000784a870:   0000000000000000 0000000000000000
0x000070000784a880:   0000000103609980 0000000103605000
0x000070000784a890:   0000000105d348a0 00007fc3923c2800
0x000070000784a8a0:   0000000000000000 0000000000020010
0x000070000784a8b0:   000070000784a8e0 00007ff803b2bcbf
0x000070000784a8c0:   0000000000020010 0000000105d348a0
0x000070000784a8d0:   000070000784a928 000000000000000d
0x000070000784a8e0:   000070000784a910 0000000000023000
0x000070000784a8f0:   0000000000000000 00007fc395c2b000
0x000070000784a900:   0000000000000000 0000000000000000
0x000070000784a910:   000070000784a980 00007fc39522b960
0x000070000784a920:   0000000105d11ac0 00000001058fd659 

Instructions: (pc=0x0000000105455447)
0x0000000105455347:   89 f7 e8 c8 c4 6f 00 48 c7 45 d0 00 00 00 00 48
0x0000000105455357:   8d 45 c0 48 89 45 b8 4d 8b 7f 10 31 c0 eb 32 48
0x0000000105455367:   c7 45 d0 00 00 00 00 4d 8b 7f 10 85 db 74 0c 48
0x0000000105455377:   8d 45 c0 48 89 45 b8 31 c0 eb 16 48 8d 7d c0 48
0x0000000105455387:   89 7d b8 31 f6 e8 af f4 cd ff 8b 45 c0 4c 8b 75
0x0000000105455397:   c8 8d 48 01 89 4d c0 48 98 4d 89 3c c6 8b 45 c0
0x00000001054553a7:   85 c0 4c 8b 7d b0 75 5e f6 45 d0 01 74 1e 48 8b
0x00000001054553b7:   7d c8 48 85 ff 74 0d e8 1d e2 02 00 48 c7 45 c8
0x00000001054553c7:   00 00 00 00 48 c7 45 c0 00 00 00 00 48 83 c4 38
0x00000001054553d7:   5b 41 5c 41 5d 41 5e 41 5f 5d c3 66 2e 0f 1f 84
0x00000001054553e7:   00 00 00 00 00 0f 1f 40 00 49 8b 47 08 8b 0c 98
0x00000001054553f7:   89 ca 44 0f ab f2 89 14 98 44 0f a3 f1 73 3a 8b
0x0000000105455407:   45 c0 85 c0 74 a2 48 8b 4d c8 8d 50 ff 89 55 c0
0x0000000105455417:   48 98 4c 8b 64 c1 f8 45 8b 74 24 28 4c 89 f3 48
0x0000000105455427:   c1 eb 05 41 3b 1f 72 c1 4c 89 ff 89 de e8 77 d2
0x0000000105455437:   65 00 eb b5 0f 1f 44 00 00 49 8b 04 24 4c 89 e7
0x0000000105455447:   ff 90 a8 00 00 00 84 c0 48 8b 5d a8 74 66 41 8b
0x0000000105455457:   44 24 28 39 43 68 76 0b 48 8b 4b 78 48 83 3c c1
0x0000000105455467:   00 75 51 48 89 df 4c 89 e6 e8 ab f8 ff ff 4c 89
0x0000000105455477:   e0 eb 0e 66 0f 1f 44 00 00 83 e1 0f 83 f9 09 74
0x0000000105455487:   1d 48 8b 40 08 48 8b 00 8b 48 2c 89 ca 83 e2 3f
0x0000000105455497:   83 fa 20 75 e4 48 8b 48 08 48 39 01 75 e3 8b 40
0x00000001054554a7:   28 48 8b 4b 78 48 8b 14 c1 48 89 df 4c 89 e6 e8
0x00000001054554b7:   f5 f6 ff ff 45 8b 74 24 1c 41 ff ce 45 3b 74 24
0x00000001054554c7:   18 0f 82 72 01 00 00 45 31 ff eb 2f 66 2e 0f 1f
0x00000001054554d7:   84 00 00 00 00 00 0f 1f 00 48 89 df 4c 89 fe 4c
0x00000001054554e7:   89 ea e8 92 f9 ff ff 84 c0 4d 0f 45 fd 41 ff ce
0x00000001054554f7:   45 3b 74 24 18 0f 82 ae 00 00 00 49 8b 44 24 08
0x0000000105455507:   44 89 f1 4c 8b 2c c8 4d 85 ed 74 e1 49 8b 45 00
0x0000000105455517:   4c 89 ef ff 50 20 48 85 c0 74 1e 4c 89 e7 44 89
0x0000000105455527:   f6 e8 93 c6 3f 00 4d 85 ff 75 ae 4d 89 ef eb bd
0x0000000105455537:   66 0f 1f 84 00 00 00 00 00 41 8b 45 2c 89 c1 83 


Stack slot to memory mapping:
stack at sp + 0 slots: 0x0000000000000092 is an unknown value
stack at sp + 1 slots: 0x000070000784c368 is pointing into the stack for thread: 0x00007fc39200ba00
stack at sp + 2 slots: 0x000070000784aa18 is pointing into the stack for thread: 0x00007fc39200ba00
stack at sp + 3 slots: 0x000070000784a750 is pointing into the stack for thread: 0x00007fc39200ba00
stack at sp + 4 slots: 0x00002c4a00000079 is an unknown value
stack at sp + 5 slots: 0x00007fc3958a4010 points into unknown readable memory: 0x00007fc3923c4d48 | 48 4d 3c 92 c3 7f 00 00
stack at sp + 6 slots: 0x0 is NULL
stack at sp + 7 slots: 0x000070000784aa18 is pointing into the stack for thread: 0x00007fc39200ba00


---------------  P R O C E S S  ---------------

Threads class SMR info:
_java_thread_list=0x000060000279b3e0, length=28, elements={
0x00007fc390809e00, 0x00007fc39400d800, 0x00007fc38f808200, 0x00007fc39200da00,
0x00007fc39200e000, 0x00007fc38f80ca00, 0x00007fc39200ba00, 0x00007fc391009c00,
0x00007fc394814000, 0x00007fc38f80d000, 0x00007fc390011000, 0x00007fc3908bd000,
0x00007fc38d814000, 0x00007fc394189800, 0x00007fc394813a00, 0x00007fc38f809c00,
0x00007fc38d80f800, 0x00007fc38e828400, 0x00007fc39113e400, 0x00007fc39113b200,
0x00007fc393937200, 0x00007fc38d937800, 0x00007fc38f80ae00, 0x00007fc3948e2600,
0x00007fc38d963600, 0x00007fc39090be00, 0x00007fc38f138400, 0x00007fc38f942e00
}

Java Threads: ( => current thread )
  0x00007fc390809e00 JavaThread "main" [_thread_blocked, id=10499, stack(0x0000700006a24000,0x0000700006b24000)]
  0x00007fc39400d800 JavaThread "Reference Handler" daemon [_thread_blocked, id=30979, stack(0x0000700007139000,0x0000700007239000)]
  0x00007fc38f808200 JavaThread "Finalizer" daemon [_thread_blocked, id=30467, stack(0x000070000723c000,0x000070000733c000)]
  0x00007fc39200da00 JavaThread "Signal Dispatcher" daemon [_thread_blocked, id=29699, stack(0x0000700007445000,0x0000700007545000)]
  0x00007fc39200e000 JavaThread "Service Thread" daemon [_thread_blocked, id=29443, stack(0x0000700007548000,0x0000700007648000)]
  0x00007fc38f80ca00 JavaThread "Monitor Deflation Thread" daemon [_thread_blocked, id=25859, stack(0x000070000764b000,0x000070000774b000)]
=>0x00007fc39200ba00 JavaThread "C2 CompilerThread0" daemon [_thread_in_native, id=26115, stack(0x000070000774e000,0x000070000784e000)]
  0x00007fc391009c00 JavaThread "C1 CompilerThread0" daemon [_thread_in_vm, id=26371, stack(0x0000700007851000,0x0000700007951000)]
  0x00007fc394814000 JavaThread "Sweeper thread" daemon [_thread_blocked, id=26627, stack(0x0000700007954000,0x0000700007a54000)]
  0x00007fc38f80d000 JavaThread "Common-Cleaner" daemon [_thread_blocked, id=27907, stack(0x0000700007a57000,0x0000700007b57000)]
  0x00007fc390011000 JavaThread "Notification Thread" daemon [_thread_blocked, id=27395, stack(0x0000700007b5a000,0x0000700007c5a000)]
  0x00007fc3908bd000 JavaThread "Daemon health stats" [_thread_blocked, id=41995, stack(0x000070000826f000,0x000070000836f000)]
  0x00007fc38d814000 JavaThread "Incoming local TCP Connector on port 50146" [_thread_in_native, id=24595, stack(0x0000700008372000,0x0000700008472000)]
  0x00007fc394189800 JavaThread "Daemon periodic checks" [_thread_blocked, id=41483, stack(0x0000700008475000,0x0000700008575000)]
  0x00007fc394813a00 JavaThread "Daemon" [_thread_blocked, id=41219, stack(0x0000700008578000,0x0000700008678000)]
  0x00007fc38f809c00 JavaThread "Handler for socket connection from /127.0.0.1:50146 to /127.0.0.1:50147" [_thread_in_native, id=34819, stack(0x000070000867b000,0x000070000877b000)]
  0x00007fc38d80f800 JavaThread "Cancel handler" [_thread_blocked, id=40451, stack(0x000070000877e000,0x000070000887e000)]
  0x00007fc38e828400 JavaThread "Daemon worker" [_thread_in_vm, id=39939, stack(0x0000700008881000,0x0000700008981000)]
  0x00007fc39113e400 JavaThread "Asynchronous log dispatcher for DefaultDaemonConnection: socket connection from /127.0.0.1:50146 to /127.0.0.1:50147" [_thread_blocked, id=39683, stack(0x0000700008984000,0x0000700008a84000)]
  0x00007fc39113b200 JavaThread "Stdin handler" [_thread_blocked, id=35331, stack(0x0000700008a87000,0x0000700008b87000)]
  0x00007fc393937200 JavaThread "Daemon client event forwarder" [_thread_blocked, id=35587, stack(0x0000700008b8a000,0x0000700008c8a000)]
  0x00007fc38d937800 JavaThread "Cache worker for journal cache (/Users/macbook/.gradle/caches/journal-1)" [_thread_blocked, id=37635, stack(0x0000700009099000,0x0000700009199000)]
  0x00007fc38f80ae00 JavaThread "File lock request listener" [_thread_in_native, id=38147, stack(0x000070000919c000,0x000070000929c000)]
  0x00007fc3948e2600 JavaThread "Cache worker for file hash cache (/Users/macbook/.gradle/caches/8.13/fileHashes)" [_thread_blocked, id=43523, stack(0x000070000929f000,0x000070000939f000)]
  0x00007fc38d963600 JavaThread "C2 CompilerThread1" daemon [_thread_in_native, id=65027, stack(0x00007000093a2000,0x00007000094a2000)]
  0x00007fc39090be00 JavaThread "C2 CompilerThread2" daemon [_thread_in_native, id=64771, stack(0x00007000094a5000,0x00007000095a5000)]
  0x00007fc38f138400 JavaThread "Cache worker for file hash cache (/Users/macbook/projects/Alse/android/.gradle/8.13/fileHashes)" [_thread_blocked, id=64515, stack(0x00007000095a8000,0x00007000096a8000)]
  0x00007fc38f942e00 JavaThread "Cache worker for Build Output Cleanup Cache (/Users/macbook/projects/Alse/android/.gradle/buildOutputCleanup)" [_thread_blocked, id=44547, stack(0x00007000096ab000,0x00007000097ab000)]

Other Threads:
  0x00007fc3919041a0 VMThread "VM Thread" [stack: 0x0000700007036000,0x0000700007136000] [id=17667]
  0x00007fc39180f080 WatcherThread [stack: 0x0000700007c5d000,0x0000700007d5d000] [id=26883]
  0x00007fc391806860 GCTaskThread "GC Thread#0" [stack: 0x0000700006b27000,0x0000700006c27000] [id=12803]
  0x00007fc38e006cf0 GCTaskThread "GC Thread#1" [stack: 0x0000700007d60000,0x0000700007e60000] [id=43267]
  0x00007fc38cf08a50 GCTaskThread "GC Thread#2" [stack: 0x0000700007e63000,0x0000700007f63000] [id=33283]
  0x00007fc38e007180 GCTaskThread "GC Thread#3" [stack: 0x0000700007f66000,0x0000700008066000] [id=42755]
  0x00007fc38e007610 GCTaskThread "GC Thread#4" [stack: 0x0000700008069000,0x0000700008169000] [id=42499]
  0x00007fc38e20eed0 GCTaskThread "GC Thread#5" [stack: 0x000070000816c000,0x000070000826c000] [id=42243]
  0x00007fc38e5145f0 GCTaskThread "GC Thread#6" [stack: 0x0000700008c8d000,0x0000700008d8d000] [id=35843]
  0x00007fc39190dc50 GCTaskThread "GC Thread#7" [stack: 0x0000700008d90000,0x0000700008e90000] [id=36355]
  0x00007fc38e5148b0 GCTaskThread "GC Thread#8" [stack: 0x0000700008e93000,0x0000700008f93000] [id=38659]
  0x00007fc393614e70 GCTaskThread "GC Thread#9" [stack: 0x0000700008f96000,0x0000700009096000] [id=37123]
  0x00007fc38e404b60 ConcurrentGCThread "G1 Main Marker" [stack: 0x0000700006c2a000,0x0000700006d2a000] [id=14083]
  0x00007fc38e205380 ConcurrentGCThread "G1 Conc#0" [stack: 0x0000700006d2d000,0x0000700006e2d000] [id=13827]
  0x00007fc38e416620 ConcurrentGCThread "G1 Conc#1" [stack: 0x00007000097ae000,0x00007000098ae000] [id=64003]
  0x00007fc38e11c860 ConcurrentGCThread "G1 Conc#2" [stack: 0x00007000098b1000,0x00007000099b1000] [id=44803]
  0x00007fc38cf049d0 ConcurrentGCThread "G1 Refine#0" [stack: 0x0000700006e30000,0x0000700006f30000] [id=21507]
  0x00007fc38cf05280 ConcurrentGCThread "G1 Service" [stack: 0x0000700006f33000,0x0000700007033000] [id=21251]

Threads with active compile tasks:
C2 CompilerThread0     9499 2558       4       java.net.URLClassLoader$1::run (5 bytes)
C1 CompilerThread0     9499 2823       3       java.util.concurrent.ConcurrentLinkedQueue::updateHead (26 bytes)
C2 CompilerThread1     9499 2559   !   4       java.net.URLClassLoader$1::run (81 bytes)
C2 CompilerThread2     9500 2555   !   4       java.net.URLClassLoader::findClass (47 bytes)

VM state: not at safepoint (normal execution)

VM Mutex/Monitor currently owned by a thread: None

Heap address: 0x0000000780000000, size: 2048 MB, Compressed Oops mode: Zero based, Oop shift amount: 3

CDS archive(s) mapped at: [0x0000000123000000-0x0000000123bed000-0x0000000123bed000), size 12505088, SharedBaseAddress: 0x0000000123000000, ArchiveRelocationMode: 1.
Compressed class space mapped at: 0x0000000124000000-0x000000013e000000, reserved size: 436207616
Narrow klass base: 0x0000000123000000, Narrow klass shift: 0, Narrow klass range: 0x100000000

GC Precious Log:
 CPUs: 12 total, 12 available
 Memory: 16384M
 Large Page Support: Disabled
 NUMA Support: Disabled
 Compressed Oops: Enabled (Zero based)
 Heap Region Size: 1M
 Heap Min Capacity: 8M
 Heap Initial Capacity: 256M
 Heap Max Capacity: 2G
 Pre-touch: Disabled
 Parallel Workers: 10
 Concurrent Workers: 3
 Concurrent Refinement Workers: 10
 Periodic GC: Disabled

Heap:
 garbage-first heap   total 96256K, used 28234K [0x0000000780000000, 0x0000000800000000)
  region size 1024K, 17 young (17408K), 12 survivors (12288K)
 Metaspace       used 21599K, committed 21952K, reserved 491520K
  class space    used 3223K, committed 3392K, reserved 425984K

Heap Regions: E=young(eden), S=young(survivor), O=old, HS=humongous(starts), HC=humongous(continues), CS=collection set, F=free, OA=open archive, CA=closed archive, TAMS=top-at-mark-start (previous, next)
|   0|0x0000000780000000, 0x0000000780100000, 0x0000000780100000|100%|HS|  |TAMS 0x0000000780100000, 0x0000000780000000| Complete 
|   1|0x0000000780100000, 0x0000000780200000, 0x0000000780200000|100%|HC|  |TAMS 0x0000000780200000, 0x0000000780100000| Complete 
|   2|0x0000000780200000, 0x0000000780300000, 0x0000000780300000|100%|HC|  |TAMS 0x0000000780300000, 0x0000000780200000| Complete 
|   3|0x0000000780300000, 0x0000000780400000, 0x0000000780400000|100%| O|  |TAMS 0x0000000780400000, 0x0000000780300000| Untracked 
|   4|0x0000000780400000, 0x0000000780500000, 0x0000000780500000|100%| O|  |TAMS 0x0000000780500000, 0x0000000780400000| Untracked 
|   5|0x0000000780500000, 0x0000000780600000, 0x0000000780600000|100%| O|  |TAMS 0x0000000780600000, 0x0000000780500000| Untracked 
|   6|0x0000000780600000, 0x0000000780700000, 0x0000000780700000|100%| O|  |TAMS 0x0000000780700000, 0x0000000780600000| Untracked 
|   7|0x0000000780700000, 0x0000000780800000, 0x0000000780800000|100%| O|  |TAMS 0x0000000780800000, 0x0000000780700000| Untracked 
|   8|0x0000000780800000, 0x0000000780900000, 0x0000000780900000|100%| O|  |TAMS 0x0000000780900000, 0x0000000780800000| Untracked 
|   9|0x0000000780900000, 0x0000000780a00000, 0x0000000780a00000|100%|HS|  |TAMS 0x0000000780a00000, 0x0000000780900000| Complete 
|  10|0x0000000780a00000, 0x0000000780a00000, 0x0000000780b00000|  0%| F|  |TAMS 0x0000000780a00000, 0x0000000780a00000| Untracked 
|  11|0x0000000780b00000, 0x0000000780c00000, 0x0000000780c00000|100%| O|  |TAMS 0x0000000780c00000, 0x0000000780b00000| Untracked 
|  12|0x0000000780c00000, 0x0000000780c38400, 0x0000000780d00000| 21%| O|  |TAMS 0x0000000780c38400, 0x0000000780c00000| Untracked 
|  13|0x0000000780d00000, 0x0000000780d00000, 0x0000000780e00000|  0%| F|  |TAMS 0x0000000780d00000, 0x0000000780d00000| Untracked 
|  14|0x0000000780e00000, 0x0000000780e00000, 0x0000000780f00000|  0%| F|  |TAMS 0x0000000780e00000, 0x0000000780e00000| Untracked 
|  15|0x0000000780f00000, 0x0000000780f00000, 0x0000000781000000|  0%| F|  |TAMS 0x0000000780f00000, 0x0000000780f00000| Untracked 
|  16|0x0000000781000000, 0x0000000781000000, 0x0000000781100000|  0%| F|  |TAMS 0x0000000781000000, 0x0000000781000000| Untracked 
|  17|0x0000000781100000, 0x0000000781100000, 0x0000000781200000|  0%| F|  |TAMS 0x0000000781100000, 0x0000000781100000| Untracked 
|  18|0x0000000781200000, 0x0000000781200000, 0x0000000781300000|  0%| F|  |TAMS 0x0000000781200000, 0x0000000781200000| Untracked 
|  19|0x0000000781300000, 0x0000000781300000, 0x0000000781400000|  0%| F|  |TAMS 0x0000000781300000, 0x0000000781300000| Untracked 
|  20|0x0000000781400000, 0x0000000781400000, 0x0000000781500000|  0%| F|  |TAMS 0x0000000781400000, 0x0000000781400000| Untracked 
|  21|0x0000000781500000, 0x0000000781500000, 0x0000000781600000|  0%| F|  |TAMS 0x0000000781500000, 0x0000000781500000| Untracked 
|  22|0x0000000781600000, 0x0000000781600000, 0x0000000781700000|  0%| F|  |TAMS 0x0000000781600000, 0x0000000781600000| Untracked 
|  23|0x0000000781700000, 0x0000000781700000, 0x0000000781800000|  0%| F|  |TAMS 0x0000000781700000, 0x0000000781700000| Untracked 
|  24|0x0000000781800000, 0x0000000781800000, 0x0000000781900000|  0%| F|  |TAMS 0x0000000781800000, 0x0000000781800000| Untracked 
|  25|0x0000000781900000, 0x0000000781900000, 0x0000000781a00000|  0%| F|  |TAMS 0x0000000781900000, 0x0000000781900000| Untracked 
|  26|0x0000000781a00000, 0x0000000781a00000, 0x0000000781b00000|  0%| F|  |TAMS 0x0000000781a00000, 0x0000000781a00000| Untracked 
|  27|0x0000000781b00000, 0x0000000781b00000, 0x0000000781c00000|  0%| F|  |TAMS 0x0000000781b00000, 0x0000000781b00000| Untracked 
|  28|0x0000000781c00000, 0x0000000781c00000, 0x0000000781d00000|  0%| F|  |TAMS 0x0000000781c00000, 0x0000000781c00000| Untracked 
|  29|0x0000000781d00000, 0x0000000781d00000, 0x0000000781e00000|  0%| F|  |TAMS 0x0000000781d00000, 0x0000000781d00000| Untracked 
|  30|0x0000000781e00000, 0x0000000781e00000, 0x0000000781f00000|  0%| F|  |TAMS 0x0000000781e00000, 0x0000000781e00000| Untracked 
|  31|0x0000000781f00000, 0x0000000781f00000, 0x0000000782000000|  0%| F|  |TAMS 0x0000000781f00000, 0x0000000781f00000| Untracked 
|  32|0x0000000782000000, 0x0000000782000000, 0x0000000782100000|  0%| F|  |TAMS 0x0000000782000000, 0x0000000782000000| Untracked 
|  33|0x0000000782100000, 0x0000000782100000, 0x0000000782200000|  0%| F|  |TAMS 0x0000000782100000, 0x0000000782100000| Untracked 
|  34|0x0000000782200000, 0x0000000782200000, 0x0000000782300000|  0%| F|  |TAMS 0x0000000782200000, 0x0000000782200000| Untracked 
|  35|0x0000000782300000, 0x0000000782300000, 0x0000000782400000|  0%| F|  |TAMS 0x0000000782300000, 0x0000000782300000| Untracked 
|  36|0x0000000782400000, 0x0000000782400000, 0x0000000782500000|  0%| F|  |TAMS 0x0000000782400000, 0x0000000782400000| Untracked 
|  37|0x0000000782500000, 0x0000000782500000, 0x0000000782600000|  0%| F|  |TAMS 0x0000000782500000, 0x0000000782500000| Untracked 
|  38|0x0000000782600000, 0x0000000782600000, 0x0000000782700000|  0%| F|  |TAMS 0x0000000782600000, 0x0000000782600000| Untracked 
|  39|0x0000000782700000, 0x0000000782700000, 0x0000000782800000|  0%| F|  |TAMS 0x0000000782700000, 0x0000000782700000| Untracked 
|  40|0x0000000782800000, 0x0000000782800000, 0x0000000782900000|  0%| F|  |TAMS 0x0000000782800000, 0x0000000782800000| Untracked 
|  41|0x0000000782900000, 0x0000000782900000, 0x0000000782a00000|  0%| F|  |TAMS 0x0000000782900000, 0x0000000782900000| Untracked 
|  42|0x0000000782a00000, 0x0000000782a00000, 0x0000000782b00000|  0%| F|  |TAMS 0x0000000782a00000, 0x0000000782a00000| Untracked 
|  43|0x0000000782b00000, 0x0000000782b00000, 0x0000000782c00000|  0%| F|  |TAMS 0x0000000782b00000, 0x0000000782b00000| Untracked 
|  44|0x0000000782c00000, 0x0000000782c00000, 0x0000000782d00000|  0%| F|  |TAMS 0x0000000782c00000, 0x0000000782c00000| Untracked 
|  45|0x0000000782d00000, 0x0000000782d00000, 0x0000000782e00000|  0%| F|  |TAMS 0x0000000782d00000, 0x0000000782d00000| Untracked 
|  46|0x0000000782e00000, 0x0000000782e00000, 0x0000000782f00000|  0%| F|  |TAMS 0x0000000782e00000, 0x0000000782e00000| Untracked 
|  47|0x0000000782f00000, 0x0000000782f00000, 0x0000000783000000|  0%| F|  |TAMS 0x0000000782f00000, 0x0000000782f00000| Untracked 
|  48|0x0000000783000000, 0x0000000783000000, 0x0000000783100000|  0%| F|  |TAMS 0x0000000783000000, 0x0000000783000000| Untracked 
|  49|0x0000000783100000, 0x0000000783100000, 0x0000000783200000|  0%| F|  |TAMS 0x0000000783100000, 0x0000000783100000| Untracked 
|  50|0x0000000783200000, 0x0000000783200000, 0x0000000783300000|  0%| F|  |TAMS 0x0000000783200000, 0x0000000783200000| Untracked 
|  51|0x0000000783300000, 0x0000000783300000, 0x0000000783400000|  0%| F|  |TAMS 0x0000000783300000, 0x0000000783300000| Untracked 
|  52|0x0000000783400000, 0x0000000783400000, 0x0000000783500000|  0%| F|  |TAMS 0x0000000783400000, 0x0000000783400000| Untracked 
|  53|0x0000000783500000, 0x0000000783500000, 0x0000000783600000|  0%| F|  |TAMS 0x0000000783500000, 0x0000000783500000| Untracked 
|  54|0x0000000783600000, 0x0000000783600000, 0x0000000783700000|  0%| F|  |TAMS 0x0000000783600000, 0x0000000783600000| Untracked 
|  55|0x0000000783700000, 0x0000000783700000, 0x0000000783800000|  0%| F|  |TAMS 0x0000000783700000, 0x0000000783700000| Untracked 
|  56|0x0000000783800000, 0x0000000783800000, 0x0000000783900000|  0%| F|  |TAMS 0x0000000783800000, 0x0000000783800000| Untracked 
|  57|0x0000000783900000, 0x0000000783900000, 0x0000000783a00000|  0%| F|  |TAMS 0x0000000783900000, 0x0000000783900000| Untracked 
|  58|0x0000000783a00000, 0x0000000783a00000, 0x0000000783b00000|  0%| F|  |TAMS 0x0000000783a00000, 0x0000000783a00000| Untracked 
|  59|0x0000000783b00000, 0x0000000783b00000, 0x0000000783c00000|  0%| F|  |TAMS 0x0000000783b00000, 0x0000000783b00000| Untracked 
|  60|0x0000000783c00000, 0x0000000783c00000, 0x0000000783d00000|  0%| F|  |TAMS 0x0000000783c00000, 0x0000000783c00000| Untracked 
|  61|0x0000000783d00000, 0x0000000783d00000, 0x0000000783e00000|  0%| F|  |TAMS 0x0000000783d00000, 0x0000000783d00000| Untracked 
|  62|0x0000000783e00000, 0x0000000783e00000, 0x0000000783f00000|  0%| F|  |TAMS 0x0000000783e00000, 0x0000000783e00000| Untracked 
|  63|0x0000000783f00000, 0x0000000783f00000, 0x0000000784000000|  0%| F|  |TAMS 0x0000000783f00000, 0x0000000783f00000| Untracked 
|  64|0x0000000784000000, 0x0000000784000000, 0x0000000784100000|  0%| F|  |TAMS 0x0000000784000000, 0x0000000784000000| Untracked 
|  65|0x0000000784100000, 0x0000000784100000, 0x0000000784200000|  0%| F|  |TAMS 0x0000000784100000, 0x0000000784100000| Untracked 
|  66|0x0000000784200000, 0x0000000784200000, 0x0000000784300000|  0%| F|  |TAMS 0x0000000784200000, 0x0000000784200000| Untracked 
|  67|0x0000000784300000, 0x0000000784300000, 0x0000000784400000|  0%| F|  |TAMS 0x0000000784300000, 0x0000000784300000| Untracked 
|  68|0x0000000784400000, 0x0000000784400000, 0x0000000784500000|  0%| F|  |TAMS 0x0000000784400000, 0x0000000784400000| Untracked 
|  69|0x0000000784500000, 0x0000000784500000, 0x0000000784600000|  0%| F|  |TAMS 0x0000000784500000, 0x0000000784500000| Untracked 
|  70|0x0000000784600000, 0x0000000784600000, 0x0000000784700000|  0%| F|  |TAMS 0x0000000784600000, 0x0000000784600000| Untracked 
|  71|0x0000000784700000, 0x0000000784700000, 0x0000000784800000|  0%| F|  |TAMS 0x0000000784700000, 0x0000000784700000| Untracked 
|  72|0x0000000784800000, 0x0000000784800000, 0x0000000784900000|  0%| F|  |TAMS 0x0000000784800000, 0x0000000784800000| Untracked 
|  73|0x0000000784900000, 0x0000000784900000, 0x0000000784a00000|  0%| F|  |TAMS 0x0000000784900000, 0x0000000784900000| Untracked 
|  74|0x0000000784a00000, 0x0000000784a00000, 0x0000000784b00000|  0%| F|  |TAMS 0x0000000784a00000, 0x0000000784a00000| Untracked 
|  75|0x0000000784b00000, 0x0000000784b80000, 0x0000000784c00000| 50%| E|  |TAMS 0x0000000784b00000, 0x0000000784b00000| Complete 
|  76|0x0000000784c00000, 0x0000000784d00000, 0x0000000784d00000|100%| E|CS|TAMS 0x0000000784c00000, 0x0000000784c00000| Complete 
|  77|0x0000000784d00000, 0x0000000784e00000, 0x0000000784e00000|100%| E|CS|TAMS 0x0000000784d00000, 0x0000000784d00000| Complete 
| 156|0x0000000789c00000, 0x0000000789c6f420, 0x0000000789d00000| 43%| S|CS|TAMS 0x0000000789c00000, 0x0000000789c00000| Complete 
| 157|0x0000000789d00000, 0x0000000789e00000, 0x0000000789e00000|100%| S|CS|TAMS 0x0000000789d00000, 0x0000000789d00000| Complete 
| 158|0x0000000789e00000, 0x0000000789f00000, 0x0000000789f00000|100%| S|CS|TAMS 0x0000000789e00000, 0x0000000789e00000| Complete 
| 159|0x0000000789f00000, 0x000000078a000000, 0x000000078a000000|100%| S|CS|TAMS 0x0000000789f00000, 0x0000000789f00000| Complete 
| 160|0x000000078a000000, 0x000000078a100000, 0x000000078a100000|100%| S|CS|TAMS 0x000000078a000000, 0x000000078a000000| Complete 
| 161|0x000000078a100000, 0x000000078a200000, 0x000000078a200000|100%| S|CS|TAMS 0x000000078a100000, 0x000000078a100000| Complete 
| 162|0x000000078a200000, 0x000000078a300000, 0x000000078a300000|100%| S|CS|TAMS 0x000000078a200000, 0x000000078a200000| Complete 
| 163|0x000000078a300000, 0x000000078a400000, 0x000000078a400000|100%| S|CS|TAMS 0x000000078a300000, 0x000000078a300000| Complete 
| 164|0x000000078a400000, 0x000000078a500000, 0x000000078a500000|100%| S|CS|TAMS 0x000000078a400000, 0x000000078a400000| Complete 
| 165|0x000000078a500000, 0x000000078a600000, 0x000000078a600000|100%| S|CS|TAMS 0x000000078a500000, 0x000000078a500000| Complete 
| 166|0x000000078a600000, 0x000000078a700000, 0x000000078a700000|100%| S|CS|TAMS 0x000000078a600000, 0x000000078a600000| Complete 
| 167|0x000000078a700000, 0x000000078a800000, 0x000000078a800000|100%| S|CS|TAMS 0x000000078a700000, 0x000000078a700000| Complete 
| 254|0x000000078fe00000, 0x000000078ff00000, 0x000000078ff00000|100%| E|CS|TAMS 0x000000078fe00000, 0x000000078fe00000| Complete 
| 255|0x000000078ff00000, 0x0000000790000000, 0x0000000790000000|100%| E|CS|TAMS 0x000000078ff00000, 0x000000078ff00000| Complete 
|2046|0x00000007ffe00000, 0x00000007ffe76000, 0x00000007fff00000| 46%|OA|  |TAMS 0x00000007ffe76000, 0x00000007ffe00000| Untracked 
|2047|0x00000007fff00000, 0x00000007fff75000, 0x0000000800000000| 45%|CA|  |TAMS 0x00000007fff75000, 0x00000007fff00000| Untracked 

Card table byte_map: [0x0000000103ea9000,0x00000001042a9000] _byte_map_base: 0x00000001002a9000

Marking Bits (Prev, Next): (CMBitMap*) 0x00007fc39080a450, (CMBitMap*) 0x00007fc39080a410
 Prev Bits: [0x000000011ecdb000, 0x0000000120cdb000)
 Next Bits: [0x000000011ccdb000, 0x000000011ecdb000)

Polling page: 0x0000000103695000

Metaspace:

Usage:
  Non-class:     17.97 MB used.
      Class:      3.15 MB used.
       Both:     21.12 MB used.

Virtual space:
  Non-class space:       64.00 MB reserved,      18.12 MB ( 28%) committed,  1 nodes.
      Class space:      416.00 MB reserved,       3.31 MB ( <1%) committed,  1 nodes.
             Both:      480.00 MB reserved,      21.44 MB (  4%) committed. 

Chunk freelists:
   Non-Class:  13.64 MB
       Class:  12.70 MB
        Both:  26.33 MB

MaxMetaspaceSize: 512.00 MB
CompressedClassSpaceSize: 416.00 MB
Initial GC threshold: 21.00 MB
Current GC threshold: 35.25 MB
CDS: on
MetaspaceReclaimPolicy: balanced
 - commit_granule_bytes: 65536.
 - commit_granule_words: 8192.
 - virtual_space_node_default_size: 8388608.
 - enlarge_chunks_in_place: 1.
 - new_chunks_are_fully_committed: 0.
 - uncommit_free_chunks: 1.
 - use_allocation_guard: 0.
 - handle_deallocations: 1.


Internal statistics:

num_allocs_failed_limit: 3.
num_arena_births: 298.
num_arena_deaths: 0.
num_vsnodes_births: 2.
num_vsnodes_deaths: 0.
num_space_committed: 343.
num_space_uncommitted: 0.
num_chunks_returned_to_freelist: 3.
num_chunks_taken_from_freelist: 1122.
num_chunk_merges: 3.
num_chunk_splits: 736.
num_chunks_enlarged: 513.
num_inconsistent_stats: 0.

CodeHeap 'non-profiled nmethods': size=120028Kb used=1234Kb max_used=1234Kb free=118793Kb
 bounds [0x00000001157a4000, 0x0000000115a14000, 0x000000011ccdb000]
CodeHeap 'profiled nmethods': size=120028Kb used=5555Kb max_used=5555Kb free=114472Kb
 bounds [0x000000010dcdb000, 0x000000010e24b000, 0x0000000115212000]
CodeHeap 'non-nmethods': size=5704Kb used=1219Kb max_used=1318Kb free=4484Kb
 bounds [0x0000000115212000, 0x0000000115482000, 0x00000001157a4000]
 total_blobs=3340 nmethods=2809 adapters=444
 compilation: enabled
              stopped_count=0, restarted_count=0
 full_count=0

Compilation events (20 events):
Event: 9.386 Thread 0x00007fc391009c00 2804       3       java.util.concurrent.ConcurrentHashMap::remove (8 bytes)
Event: 9.386 Thread 0x00007fc391009c00 nmethod 2804 0x000000010e236f10 code [0x000000010e2370c0, 0x000000010e237200]
Event: 9.389 Thread 0x00007fc391009c00 2805       3       java.util.concurrent.locks.ReentrantLock$NonfairSync::tryAcquire (27 bytes)
Event: 9.390 Thread 0x00007fc391009c00 nmethod 2805 0x000000010e237290 code [0x000000010e237440, 0x000000010e2376c0]
Event: 9.404 Thread 0x00007fc391009c00 2806       3       java.lang.PublicMethods$Key::hashCode (19 bytes)
Event: 9.405 Thread 0x00007fc391009c00 nmethod 2806 0x000000010e237790 code [0x000000010e237940, 0x000000010e237ad0]
Event: 9.405 Thread 0x00007fc391009c00 2807       3       java.util.Arrays::asList (9 bytes)
Event: 9.406 Thread 0x00007fc391009c00 nmethod 2807 0x000000010e237b90 code [0x000000010e237d60, 0x000000010e2381e0]
Event: 9.406 Thread 0x00007fc391009c00 2808       3       java.util.Arrays$ArrayList::<init> (16 bytes)
Event: 9.407 Thread 0x00007fc391009c00 nmethod 2808 0x000000010e238390 code [0x000000010e238560, 0x000000010e238940]
Event: 9.407 Thread 0x00007fc391009c00 2809       3       java.lang.reflect.ProxyGenerator$ProxyMethod::codeClassForName (26 bytes)
Event: 9.408 Thread 0x00007fc391009c00 nmethod 2809 0x000000010e238a90 code [0x000000010e238c60, 0x000000010e239020]
Event: 9.408 Thread 0x00007fc391009c00 2810       3       java.lang.WeakPairMap$Pair$Weak::first (5 bytes)
Event: 9.409 Thread 0x00007fc391009c00 nmethod 2810 0x000000010e239190 code [0x000000010e239320, 0x000000010e2394f0]
Event: 9.448 Thread 0x00007fc391009c00 2811       3       java.util.ImmutableCollections$Set12::<init> (53 bytes)
Event: 9.449 Thread 0x00007fc391009c00 nmethod 2811 0x000000010e239590 code [0x000000010e239840, 0x000000010e23a4e0]
Event: 9.449 Thread 0x00007fc391009c00 2812       3       jdk.internal.org.objectweb.asm.ClassReader::readUTF8 (23 bytes)
Event: 9.450 Thread 0x00007fc391009c00 nmethod 2812 0x000000010e23a910 code [0x000000010e23aae0, 0x000000010e23ad10]
Event: 9.450 Thread 0x00007fc391009c00 2813       3       jdk.internal.org.objectweb.asm.ClassReader::readUtf (44 bytes)
Event: 9.450 Thread 0x00007fc391009c00 nmethod 2813 0x000000010e23ae10 code [0x000000010e23afe0, 0x000000010e23b3f0]

GC Heap History (8 events):
Event: 1.261 GC heap before
{Heap before GC invocations=0 (full 0):
 garbage-first heap   total 264192K, used 26540K [0x0000000780000000, 0x0000000800000000)
  region size 1024K, 23 young (23552K), 0 survivors (0K)
 Metaspace       used 1114K, committed 1280K, reserved 491520K
  class space    used 77K, committed 128K, reserved 425984K
}
Event: 1.270 GC heap after
{Heap after GC invocations=1 (full 0):
 garbage-first heap   total 264192K, used 9688K [0x0000000780000000, 0x0000000800000000)
  region size 1024K, 3 young (3072K), 3 survivors (3072K)
 Metaspace       used 1114K, committed 1280K, reserved 491520K
  class space    used 77K, committed 128K, reserved 425984K
}
Event: 3.804 GC heap before
{Heap before GC invocations=1 (full 0):
 garbage-first heap   total 264192K, used 45528K [0x0000000780000000, 0x0000000800000000)
  region size 1024K, 38 young (38912K), 3 survivors (3072K)
 Metaspace       used 4463K, committed 4608K, reserved 491520K
  class space    used 572K, committed 640K, reserved 425984K
}
Event: 3.811 GC heap after
{Heap after GC invocations=2 (full 0):
 garbage-first heap   total 264192K, used 12193K [0x0000000780000000, 0x0000000800000000)
  region size 1024K, 3 young (3072K), 3 survivors (3072K)
 Metaspace       used 4463K, committed 4608K, reserved 491520K
  class space    used 572K, committed 640K, reserved 425984K
}
Event: 6.742 GC heap before
{Heap before GC invocations=2 (full 0):
 garbage-first heap   total 264192K, used 61345K [0x0000000780000000, 0x0000000800000000)
  region size 1024K, 49 young (50176K), 3 survivors (3072K)
 Metaspace       used 10255K, committed 10560K, reserved 491520K
  class space    used 1408K, committed 1536K, reserved 425984K
}
Event: 6.795 GC heap after
{Heap after GC invocations=3 (full 0):
 garbage-first heap   total 264192K, used 19597K [0x0000000780000000, 0x0000000800000000)
  region size 1024K, 7 young (7168K), 7 survivors (7168K)
 Metaspace       used 10255K, committed 10560K, reserved 491520K
  class space    used 1408K, committed 1536K, reserved 425984K
}
Event: 9.356 GC heap before
{Heap before GC invocations=3 (full 0):
 garbage-first heap   total 264192K, used 101517K [0x0000000780000000, 0x0000000800000000)
  region size 1024K, 88 young (90112K), 7 survivors (7168K)
 Metaspace       used 21157K, committed 21504K, reserved 491520K
  class space    used 3130K, committed 3328K, reserved 425984K
}
Event: 9.375 GC heap after
{Heap after GC invocations=4 (full 0):
 garbage-first heap   total 264192K, used 24138K [0x0000000780000000, 0x0000000800000000)
  region size 1024K, 12 young (12288K), 12 survivors (12288K)
 Metaspace       used 21157K, committed 21504K, reserved 491520K
  class space    used 3130K, committed 3328K, reserved 425984K
}

Dll operation events (13 events):
Event: 0.028 Loaded shared library /Library/Java/JavaVirtualMachines/zulu-17.jdk/Contents/Home/lib/libjava.dylib
Event: 0.373 Loaded shared library /Library/Java/JavaVirtualMachines/zulu-17.jdk/Contents/Home/lib/libzip.dylib
Event: 0.378 Loaded shared library /Library/Java/JavaVirtualMachines/zulu-17.jdk/Contents/Home/lib/libinstrument.dylib
Event: 0.388 Loaded shared library /Library/Java/JavaVirtualMachines/zulu-17.jdk/Contents/Home/lib/libnio.dylib
Event: 0.402 Loaded shared library /Library/Java/JavaVirtualMachines/zulu-17.jdk/Contents/Home/lib/libzip.dylib
Event: 0.994 Loaded shared library /Library/Java/JavaVirtualMachines/zulu-17.jdk/Contents/Home/lib/libjimage.dylib
Event: 1.327 Loaded shared library /Library/Java/JavaVirtualMachines/zulu-17.jdk/Contents/Home/lib/libverify.dylib
Event: 1.496 Loaded shared library /Library/Java/JavaVirtualMachines/zulu-17.jdk/Contents/Home/lib/libnet.dylib
Event: 1.535 Loaded shared library /Users/macbook/.gradle/native/1def1411415f61bf3af743bc5b6707747c0891f09f0c88961ee8f79bc544acac/osx-amd64/libnative-platform.dylib
Event: 1.581 Loaded shared library /Users/macbook/.gradle/native/0.2.7/x86_64-macos/libgradle-fileevents.dylib
Event: 5.360 Loaded shared library /Library/Java/JavaVirtualMachines/zulu-17.jdk/Contents/Home/lib/libmanagement.dylib
Event: 5.367 Loaded shared library /Library/Java/JavaVirtualMachines/zulu-17.jdk/Contents/Home/lib/libmanagement_ext.dylib
Event: 5.906 Loaded shared library /Library/Java/JavaVirtualMachines/zulu-17.jdk/Contents/Home/lib/libextnet.dylib

Deoptimization events (20 events):
Event: 7.827 Thread 0x00007fc38e828400 DEOPT PACKING pc=0x00000001158445c0 sp=0x000070000897e870
Event: 7.827 Thread 0x00007fc38e828400 DEOPT UNPACKING pc=0x0000000115268699 sp=0x000070000897e708 mode 2
Event: 8.051 Thread 0x00007fc38e828400 DEOPT PACKING pc=0x000000010e04bb15 sp=0x000070000897d890
Event: 8.051 Thread 0x00007fc38e828400 DEOPT UNPACKING pc=0x0000000115268e2f sp=0x000070000897cdc0 mode 0
Event: 8.058 Thread 0x00007fc38e828400 DEOPT PACKING pc=0x000000010e04bb36 sp=0x000070000897d9d0
Event: 8.058 Thread 0x00007fc38e828400 DEOPT UNPACKING pc=0x0000000115268e2f sp=0x000070000897cf00 mode 0
Event: 8.084 Thread 0x00007fc38e828400 DEOPT PACKING pc=0x000000010e04bb36 sp=0x000070000897d570
Event: 8.084 Thread 0x00007fc38e828400 DEOPT UNPACKING pc=0x0000000115268e2f sp=0x000070000897caa0 mode 0
Event: 8.727 Thread 0x00007fc38e828400 Uncommon trap: trap_request=0xffffff45 fr.pc=0x000000011588b7e4 relative=0x00000000000002a4
Event: 8.727 Thread 0x00007fc38e828400 Uncommon trap: reason=unstable_if action=reinterpret pc=0x000000011588b7e4 method=java.util.HashMap.getNode(Ljava/lang/Object;)Ljava/util/HashMap$Node; @ 131 c2
Event: 8.727 Thread 0x00007fc38e828400 DEOPT PACKING pc=0x000000011588b7e4 sp=0x000070000897cae0
Event: 8.727 Thread 0x00007fc38e828400 DEOPT UNPACKING pc=0x0000000115268699 sp=0x000070000897ca20 mode 2
Event: 9.005 Thread 0x00007fc38e828400 Uncommon trap: trap_request=0xffffffde fr.pc=0x00000001157b45d8 relative=0x00000000000001b8
Event: 9.005 Thread 0x00007fc38e828400 Uncommon trap: reason=class_check action=maybe_recompile pc=0x00000001157b45d8 method=java.lang.String.equals(Ljava/lang/Object;)Z @ 8 c2
Event: 9.005 Thread 0x00007fc38e828400 DEOPT PACKING pc=0x00000001157b45d8 sp=0x000070000897b1d0
Event: 9.005 Thread 0x00007fc38e828400 DEOPT UNPACKING pc=0x0000000115268699 sp=0x000070000897b198 mode 2
Event: 9.055 Thread 0x00007fc38e828400 Uncommon trap: trap_request=0xffffff45 fr.pc=0x00000001158b3f1c relative=0x0000000000007efc
Event: 9.055 Thread 0x00007fc38e828400 Uncommon trap: reason=unstable_if action=reinterpret pc=0x00000001158b3f1c method=jdk.internal.org.objectweb.asm.Frame.execute(IILjdk/internal/org/objectweb/asm/Symbol;Ljdk/internal/org/objectweb/asm/SymbolTable;)V @ 1 c2
Event: 9.055 Thread 0x00007fc38e828400 DEOPT PACKING pc=0x00000001158b3f1c sp=0x000070000897b720
Event: 9.055 Thread 0x00007fc38e828400 DEOPT UNPACKING pc=0x0000000115268699 sp=0x000070000897b6b8 mode 2

Classes loaded (20 events):
Event: 9.062 Loading class java/lang/invoke/BoundMethodHandle$Species_LLLLLLLLLLLLLLLL
Event: 9.062 Loading class java/lang/invoke/BoundMethodHandle$Species_LLLLLLLLLLLLLLLL done
Event: 9.068 Loading class java/lang/invoke/BoundMethodHandle$Species_LLLLLLLLLLLLLLLLL
Event: 9.068 Loading class java/lang/invoke/BoundMethodHandle$Species_LLLLLLLLLLLLLLLLL done
Event: 9.073 Loading class java/lang/invoke/BoundMethodHandle$Species_LLLLLLLLLLLLLLLLLL
Event: 9.073 Loading class java/lang/invoke/BoundMethodHandle$Species_LLLLLLLLLLLLLLLLLL done
Event: 9.077 Loading class java/lang/invoke/BoundMethodHandle$Species_LLLLLLLLLLLLLLLLLLL
Event: 9.077 Loading class java/lang/invoke/BoundMethodHandle$Species_LLLLLLLLLLLLLLLLLLL done
Event: 9.083 Loading class java/lang/invoke/BoundMethodHandle$Species_LLLLLLLLLLLLLLLLLLLL
Event: 9.083 Loading class java/lang/invoke/BoundMethodHandle$Species_LLLLLLLLLLLLLLLLLLLL done
Event: 9.088 Loading class java/lang/invoke/BoundMethodHandle$Species_LLLLLLLLLLLLLLLLLLLLL
Event: 9.088 Loading class java/lang/invoke/BoundMethodHandle$Species_LLLLLLLLLLLLLLLLLLLLL done
Event: 9.092 Loading class java/lang/invoke/BoundMethodHandle$Species_LLLLLLLLLLLLLLLLLLLLLL
Event: 9.092 Loading class java/lang/invoke/BoundMethodHandle$Species_LLLLLLLLLLLLLLLLLLLLLL done
Event: 9.096 Loading class java/lang/invoke/BoundMethodHandle$Species_LLLLLLLLLLLLLLLLLLLLLLL
Event: 9.096 Loading class java/lang/invoke/BoundMethodHandle$Species_LLLLLLLLLLLLLLLLLLLLLLL done
Event: 9.238 Loading class java/util/Collections$2
Event: 9.238 Loading class java/util/Collections$2 done
Event: 9.447 Loading class java/util/function/UnaryOperator
Event: 9.447 Loading class java/util/function/UnaryOperator done

Classes unloaded (0 events):
No events

Classes redefined (0 events):
No events

Internal exceptions (20 events):
Event: 9.042 Thread 0x00007fc38e828400 Exception <a 'java/lang/NoSuchMethodError'{0x000000078b11bbb0}: 'java.lang.Object java.lang.invoke.DirectMethodHandle$Holder.invokeSpecial(java.lang.Object, java.lang.Object, java.lang.Object, java.lang.Object, java.lang.Object, java.lang.Object, java.lang.Object, java.lang.Object, java.lang.Object, java.lang.Object, java.lang.Object, java.lang.Object, java.lang.Object, java.lang.Object, java.lang.Object, java.lang.Object, java.lang.Object, java.lang.Object, java.lang.Object, java.lang.Object, java.lang.Ob
Event: 9.042 Thread 0x00007fc38e828400 Exception <a 'java/lang/NoSuchMethodError'{0x000000078b121838}: 'java.lang.Object java.lang.invoke.Invokers$Holder.invoker(java.lang.Object, java.lang.Object, java.lang.Object, java.lang.Object, java.lang.Object, java.lang.Object, java.lang.Object, java.lang.Object, java.lang.Object, java.lang.Object, java.lang.Object, java.lang.Object, java.lang.Object, java.lang.Object, java.lang.Object, java.lang.Object, java.lang.Object, java.lang.Object, java.lang.Object, java.lang.Object, java.lang.Object, java.lang.
Event: 9.043 Thread 0x00007fc38e828400 Exception <a 'java/lang/NoSuchMethodError'{0x000000078b128368}: 'java.lang.Object java.lang.invoke.DelegatingMethodHandle$Holder.delegate(java.lang.Object, java.lang.Object, java.lang.Object, java.lang.Object, java.lang.Object, java.lang.Object, java.lang.Object, java.lang.Object, java.lang.Object, java.lang.Object, java.lang.Object, java.lang.Object, java.lang.Object, java.lang.Object, java.lang.Object, java.lang.Object, java.lang.Object, java.lang.Object, java.lang.Object, java.lang.Object, java.lang.Obj
Event: 9.057 Thread 0x00007fc38e828400 Exception <a 'java/lang/NoSuchMethodError'{0x000000078b1a2c08}: 'java.lang.Object java.lang.invoke.DirectMethodHandle$Holder.invokeStatic(java.lang.Object, java.lang.Object, java.lang.Object, java.lang.Object, java.lang.Object, java.lang.Object, java.lang.Object, java.lang.Object, java.lang.Object, java.lang.Object, java.lang.Object, java.lang.Object, java.lang.Object, java.lang.Object, java.lang.Object, java.lang.Object, java.lang.Object)'> (0x000000078b1a2c08) 
thrown [src/hotspot/share/interpreter/linkR
Event: 9.061 Thread 0x00007fc38e828400 Exception <a 'java/lang/NoSuchMethodError'{0x000000078b1cbea8}: 'java.lang.Object java.lang.invoke.DirectMethodHandle$Holder.invokeStatic(java.lang.Object, java.lang.Object, java.lang.Object, java.lang.Object, java.lang.Object, java.lang.Object, java.lang.Object, java.lang.Object, java.lang.Object, java.lang.Object, java.lang.Object, java.lang.Object, java.lang.Object, java.lang.Object, java.lang.Object, java.lang.Object, java.lang.Object, java.lang.Object)'> (0x000000078b1cbea8) 
thrown [src/hotspot/share
Event: 9.065 Thread 0x00007fc38e828400 Exception <a 'java/lang/NoSuchMethodError'{0x000000078b1f6410}: 'java.lang.Object java.lang.invoke.DirectMethodHandle$Holder.invokeStatic(java.lang.Object, java.lang.Object, java.lang.Object, java.lang.Object, java.lang.Object, java.lang.Object, java.lang.Object, java.lang.Object, java.lang.Object, java.lang.Object, java.lang.Object, java.lang.Object, java.lang.Object, java.lang.Object, java.lang.Object, java.lang.Object, java.lang.Object, java.lang.Object, java.lang.Object)'> (0x000000078b1f6410) 
thrown 
Event: 9.071 Thread 0x00007fc38e828400 Exception <a 'java/lang/NoSuchMethodError'{0x000000078b0223e8}: 'java.lang.Object java.lang.invoke.DirectMethodHandle$Holder.invokeStatic(java.lang.Object, java.lang.Object, java.lang.Object, java.lang.Object, java.lang.Object, java.lang.Object, java.lang.Object, java.lang.Object, java.lang.Object, java.lang.Object, java.lang.Object, java.lang.Object, java.lang.Object, java.lang.Object, java.lang.Object, java.lang.Object, java.lang.Object, java.lang.Object, java.lang.Object, java.lang.Object)'> (0x00000007
Event: 9.076 Thread 0x00007fc38e828400 Exception <a 'java/lang/NoSuchMethodError'{0x000000078b04e798}: 'java.lang.Object java.lang.invoke.DirectMethodHandle$Holder.invokeStatic(java.lang.Object, java.lang.Object, java.lang.Object, java.lang.Object, java.lang.Object, java.lang.Object, java.lang.Object, java.lang.Object, java.lang.Object, java.lang.Object, java.lang.Object, java.lang.Object, java.lang.Object, java.lang.Object, java.lang.Object, java.lang.Object, java.lang.Object, java.lang.Object, java.lang.Object, java.lang.Object, java.lang.Obj
Event: 9.080 Thread 0x00007fc38e828400 Exception <a 'java/lang/NoSuchMethodError'{0x000000078b07bc70}: 'java.lang.Object java.lang.invoke.DirectMethodHandle$Holder.invokeStatic(java.lang.Object, java.lang.Object, java.lang.Object, java.lang.Object, java.lang.Object, java.lang.Object, java.lang.Object, java.lang.Object, java.lang.Object, java.lang.Object, java.lang.Object, java.lang.Object, java.lang.Object, java.lang.Object, java.lang.Object, java.lang.Object, java.lang.Object, java.lang.Object, java.lang.Object, java.lang.Object, java.lang.Obj
Event: 9.086 Thread 0x00007fc38e828400 Exception <a 'java/lang/NoSuchMethodError'{0x000000078b0aa470}: 'java.lang.Object java.lang.invoke.DirectMethodHandle$Holder.invokeStatic(java.lang.Object, java.lang.Object, java.lang.Object, java.lang.Object, java.lang.Object, java.lang.Object, java.lang.Object, java.lang.Object, java.lang.Object, java.lang.Object, java.lang.Object, java.lang.Object, java.lang.Object, java.lang.Object, java.lang.Object, java.lang.Object, java.lang.Object, java.lang.Object, java.lang.Object, java.lang.Object, java.lang.Obj
Event: 9.090 Thread 0x00007fc38e828400 Exception <a 'java/lang/NoSuchMethodError'{0x000000078b0d94a0}: 'java.lang.Object java.lang.invoke.DirectMethodHandle$Holder.invokeStatic(java.lang.Object, java.lang.Object, java.lang.Object, java.lang.Object, java.lang.Object, java.lang.Object, java.lang.Object, java.lang.Object, java.lang.Object, java.lang.Object, java.lang.Object, java.lang.Object, java.lang.Object, java.lang.Object, java.lang.Object, java.lang.Object, java.lang.Object, java.lang.Object, java.lang.Object, java.lang.Object, java.lang.Obj
Event: 9.094 Thread 0x00007fc38e828400 Exception <a 'java/lang/NoSuchMethodError'{0x000000078af0a350}: 'java.lang.Object java.lang.invoke.DirectMethodHandle$Holder.invokeStatic(java.lang.Object, java.lang.Object, java.lang.Object, java.lang.Object, java.lang.Object, java.lang.Object, java.lang.Object, java.lang.Object, java.lang.Object, java.lang.Object, java.lang.Object, java.lang.Object, java.lang.Object, java.lang.Object, java.lang.Object, java.lang.Object, java.lang.Object, java.lang.Object, java.lang.Object, java.lang.Object, java.lang.Obj
Event: 9.098 Thread 0x00007fc38e828400 Exception <a 'java/lang/NoSuchMethodError'{0x000000078af3bd90}: 'java.lang.Object java.lang.invoke.DirectMethodHandle$Holder.invokeStatic(java.lang.Object, java.lang.Object, java.lang.Object, java.lang.Object, java.lang.Object, java.lang.Object, java.lang.Object, java.lang.Object, java.lang.Object, java.lang.Object, java.lang.Object, java.lang.Object, java.lang.Object, java.lang.Object, java.lang.Object, java.lang.Object, java.lang.Object, java.lang.Object, java.lang.Object, java.lang.Object, java.lang.Obj
Event: 9.140 Thread 0x00007fc38e828400 Exception <a 'java/lang/NoSuchMethodError'{0x000000078aeed798}: 'java.lang.Object java.lang.invoke.DirectMethodHandle$Holder.invokeStaticInit(java.lang.Object, java.lang.Object, java.lang.Object, java.lang.Object)'> (0x000000078aeed798) 
thrown [src/hotspot/share/interpreter/linkResolver.cpp, line 759]
Event: 9.190 Thread 0x00007fc38e828400 Exception <a 'java/lang/NoSuchMethodError'{0x000000078acaac98}: 'java.lang.Object java.lang.invoke.DirectMethodHandle$Holder.newInvokeSpecial(java.lang.Object, java.lang.Object, java.lang.Object, java.lang.Object, java.lang.Object, java.lang.Object, java.lang.Object, java.lang.Object)'> (0x000000078acaac98) 
thrown [src/hotspot/share/interpreter/linkResolver.cpp, line 759]
Event: 9.191 Thread 0x00007fc38e828400 Exception <a 'java/lang/NoSuchMethodError'{0x000000078acb06a0}: 'java.lang.Object java.lang.invoke.DirectMethodHandle$Holder.invokeSpecial(java.lang.Object, java.lang.Object, java.lang.Object, java.lang.Object, java.lang.Object, java.lang.Object, java.lang.Object, java.lang.Object, java.lang.Object)'> (0x000000078acb06a0) 
thrown [src/hotspot/share/interpreter/linkResolver.cpp, line 759]
Event: 9.192 Thread 0x00007fc38e828400 Exception <a 'java/lang/NoSuchMethodError'{0x000000078acb5a50}: 'java.lang.Object java.lang.invoke.Invokers$Holder.linkToTargetMethod(java.lang.Object, java.lang.Object, java.lang.Object, java.lang.Object, java.lang.Object, java.lang.Object, java.lang.Object, java.lang.Object)'> (0x000000078acb5a50) 
thrown [src/hotspot/share/interpreter/linkResolver.cpp, line 759]
Event: 9.223 Thread 0x00007fc38e828400 Exception <a 'java/lang/NoSuchMethodError'{0x000000078abde890}: 'void java.lang.invoke.DirectMethodHandle$Holder.invokeStatic(java.lang.Object, java.lang.Object, java.lang.Object, java.lang.Object)'> (0x000000078abde890) 
thrown [src/hotspot/share/interpreter/linkResolver.cpp, line 759]
Event: 9.231 Thread 0x00007fc38e828400 Exception <a 'java/lang/IncompatibleClassChangeError'{0x000000078aa0aaf0}: Found class java.lang.Object, but interface was expected> (0x000000078aa0aaf0) 
thrown [src/hotspot/share/interpreter/linkResolver.cpp, line 826]
Event: 9.303 Thread 0x00007fc38e828400 Exception <a 'java/lang/NoSuchMethodError'{0x000000078a9b0c18}: 'void java.lang.invoke.DirectMethodHandle$Holder.invokeStaticInit(java.lang.Object, java.lang.Object)'> (0x000000078a9b0c18) 
thrown [src/hotspot/share/interpreter/linkResolver.cpp, line 759]

VM Operations (20 events):
Event: 6.064 Executing VM operation: HandshakeAllThreads
Event: 6.064 Executing VM operation: HandshakeAllThreads done
Event: 6.707 Executing VM operation: G1CollectForAllocation
Event: 6.795 Executing VM operation: G1CollectForAllocation done
Event: 7.625 Executing VM operation: HandshakeAllThreads
Event: 7.626 Executing VM operation: HandshakeAllThreads done
Event: 7.862 Executing VM operation: HandshakeAllThreads
Event: 7.862 Executing VM operation: HandshakeAllThreads done
Event: 7.862 Executing VM operation: Cleanup
Event: 7.862 Executing VM operation: Cleanup done
Event: 7.863 Executing VM operation: HandshakeAllThreads
Event: 7.863 Executing VM operation: HandshakeAllThreads done
Event: 8.863 Executing VM operation: Cleanup
Event: 8.864 Executing VM operation: Cleanup done
Event: 9.356 Executing VM operation: CollectForMetadataAllocation
Event: 9.375 Executing VM operation: CollectForMetadataAllocation done
Event: 9.399 Executing VM operation: G1PauseRemark
Event: 9.402 Executing VM operation: G1PauseRemark done
Event: 9.407 Executing VM operation: G1PauseCleanup
Event: 9.407 Executing VM operation: G1PauseCleanup done

Memory protections (20 events):
Event: 2.730 Protecting memory [0x0000700008372000,0x0000700008376000] with protection modes 0
Event: 5.516 Protecting memory [0x0000700008372000,0x0000700008376000] with protection modes 3
Event: 5.516 Protecting memory [0x000070000826f000,0x0000700008273000] with protection modes 3
Event: 5.551 Protecting memory [0x000070000826f000,0x0000700008273000] with protection modes 0
Event: 6.182 Protecting memory [0x0000700008372000,0x0000700008376000] with protection modes 0
Event: 6.383 Protecting memory [0x0000700008475000,0x0000700008479000] with protection modes 0
Event: 6.472 Protecting memory [0x0000700008578000,0x000070000857c000] with protection modes 0
Event: 6.485 Protecting memory [0x000070000867b000,0x000070000867f000] with protection modes 0
Event: 6.574 Protecting memory [0x000070000877e000,0x0000700008782000] with protection modes 0
Event: 6.592 Protecting memory [0x0000700008881000,0x0000700008885000] with protection modes 0
Event: 6.617 Protecting memory [0x0000700008984000,0x0000700008988000] with protection modes 0
Event: 6.621 Protecting memory [0x0000700008a87000,0x0000700008a8b000] with protection modes 0
Event: 6.629 Protecting memory [0x0000700008b8a000,0x0000700008b8e000] with protection modes 0
Event: 7.541 Protecting memory [0x0000700009099000,0x000070000909d000] with protection modes 0
Event: 7.554 Protecting memory [0x000070000919c000,0x00007000091a0000] with protection modes 0
Event: 7.608 Protecting memory [0x000070000929f000,0x00007000092a3000] with protection modes 0
Event: 8.018 Protecting memory [0x00007000093a2000,0x00007000093a6000] with protection modes 0
Event: 8.731 Protecting memory [0x00007000094a5000,0x00007000094a9000] with protection modes 0
Event: 9.012 Protecting memory [0x00007000095a8000,0x00007000095ac000] with protection modes 0
Event: 9.033 Protecting memory [0x00007000096ab000,0x00007000096af000] with protection modes 0

Nmethod flushes (0 events):
No events

Events (20 events):
Event: 2.730 Thread 0x00007fc39200ba00 Thread added: 0x00007fc39414e200
Event: 5.516 Thread 0x00007fc39414e200 Thread exited: 0x00007fc39414e200
Event: 5.516 Thread 0x00007fc38e820400 Thread exited: 0x00007fc38e820400
Event: 5.551 Thread 0x00007fc390809e00 Thread added: 0x00007fc3908bd000
Event: 6.182 Thread 0x00007fc390809e00 Thread added: 0x00007fc38d814000
Event: 6.383 Thread 0x00007fc390809e00 Thread added: 0x00007fc394189800
Event: 6.471 Thread 0x00007fc38d814000 Thread added: 0x00007fc394813a00
Event: 6.484 Thread 0x00007fc394813a00 Thread added: 0x00007fc38f809c00
Event: 6.574 Thread 0x00007fc394813a00 Thread added: 0x00007fc38d80f800
Event: 6.591 Thread 0x00007fc394813a00 Thread added: 0x00007fc38e828400
Event: 6.616 Thread 0x00007fc38e828400 Thread added: 0x00007fc39113e400
Event: 6.621 Thread 0x00007fc38e828400 Thread added: 0x00007fc39113b200
Event: 6.629 Thread 0x00007fc38e828400 Thread added: 0x00007fc393937200
Event: 7.540 Thread 0x00007fc38e828400 Thread added: 0x00007fc38d937800
Event: 7.554 Thread 0x00007fc38e828400 Thread added: 0x00007fc38f80ae00
Event: 7.608 Thread 0x00007fc38e828400 Thread added: 0x00007fc3948e2600
Event: 8.018 Thread 0x00007fc391009c00 Thread added: 0x00007fc38d963600
Event: 8.731 Thread 0x00007fc391009c00 Thread added: 0x00007fc39090be00
Event: 9.012 Thread 0x00007fc38e828400 Thread added: 0x00007fc38f138400
Event: 9.033 Thread 0x00007fc38e828400 Thread added: 0x00007fc38f942e00


Dynamic libraries:
0x0000000103615000 	/Library/Java/JavaVirtualMachines/zulu-17.jdk/Contents/Home/lib/libjli.dylib
0x00007ff8137ee000 	/usr/lib/libz.1.dylib
0x00007ff8138da000 	/usr/lib/libSystem.B.dylib
0x00007ff8138d4000 	/usr/lib/system/libcache.dylib
0x00007ff81388c000 	/usr/lib/system/libcommonCrypto.dylib
0x00007ff8138b6000 	/usr/lib/system/libcompiler_rt.dylib
0x00007ff8138aa000 	/usr/lib/system/libcopyfile.dylib
0x00007ff803a6a000 	/usr/lib/system/libcorecrypto.dylib
0x00007ff803b77000 	/usr/lib/system/libdispatch.dylib
0x00007ff803925000 	/usr/lib/system/libdyld.dylib
0x00007ff8138ca000 	/usr/lib/system/libkeymgr.dylib
0x00007ff813871000 	/usr/lib/system/libmacho.dylib
0x00007ff812a2e000 	/usr/lib/system/libquarantine.dylib
0x00007ff8138c7000 	/usr/lib/system/libremovefile.dylib
0x00007ff80a019000 	/usr/lib/system/libsystem_asl.dylib
0x00007ff8039f3000 	/usr/lib/system/libsystem_blocks.dylib
0x00007ff803bc2000 	/usr/lib/system/libsystem_c.dylib
0x00007ff8138be000 	/usr/lib/system/libsystem_collections.dylib
0x00007ff8113a8000 	/usr/lib/system/libsystem_configuration.dylib
0x00007ff80ff2f000 	/usr/lib/system/libsystem_containermanager.dylib
0x00007ff81333e000 	/usr/lib/system/libsystem_coreservices.dylib
0x00007ff80774d000 	/usr/lib/system/libsystem_darwin.dylib
0x00007ffe075ed000 	/usr/lib/system/libsystem_darwindirectory.dylib
0x00007ff8138cb000 	/usr/lib/system/libsystem_dnssd.dylib
0x00007ffe075f2000 	/usr/lib/system/libsystem_eligibility.dylib
0x00007ff803bbf000 	/usr/lib/system/libsystem_featureflags.dylib
0x00007ff803d44000 	/usr/lib/system/libsystem_info.dylib
0x00007ff813802000 	/usr/lib/system/libsystem_m.dylib
0x00007ff803b2a000 	/usr/lib/system/libsystem_malloc.dylib
0x00007ff809f83000 	/usr/lib/system/libsystem_networkextension.dylib
0x00007ff807b95000 	/usr/lib/system/libsystem_notify.dylib
0x00007ff8113ac000 	/usr/lib/system/libsystem_sandbox.dylib
0x00007ffe075fc000 	/usr/lib/system/libsystem_sanitizers.dylib
0x00007ff8138c3000 	/usr/lib/system/libsystem_secinit.dylib
0x00007ff803cef000 	/usr/lib/system/libsystem_kernel.dylib
0x00007ff803d3a000 	/usr/lib/system/libsystem_platform.dylib
0x00007ff803d2d000 	/usr/lib/system/libsystem_pthread.dylib
0x00007ff80be13000 	/usr/lib/system/libsystem_symptoms.dylib
0x00007ff803a4a000 	/usr/lib/system/libsystem_trace.dylib
0x00007ffe07605000 	/usr/lib/system/libsystem_trial.dylib
0x00007ff813899000 	/usr/lib/system/libunwind.dylib
0x00007ff8039f7000 	/usr/lib/system/libxpc.dylib
0x00007ff8038df000 	/usr/lib/libobjc.A.dylib
0x00007ff803d73000 	/System/Library/Frameworks/CoreFoundation.framework/Versions/A/CoreFoundation
0x00007ff81764c000 	/usr/lib/swift/libswiftCore.dylib
0x00007ff803cd7000 	/usr/lib/libc++abi.dylib
0x00007ffe05dea000 	/usr/lib/libRosetta.dylib
0x00007ff803c4c000 	/usr/lib/libc++.1.dylib
0x00007ff805007000 	/System/Library/Frameworks/Foundation.framework/Versions/C/Foundation
0x00007ff82114f000 	/usr/lib/swift/libswiftObjectiveC.dylib
0x00007ffe06e98000 	/usr/lib/libswiftPrespecialized.dylib
0x00007ff804c92000 	/System/Library/Frameworks/SystemConfiguration.framework/Versions/A/SystemConfiguration
0x00007ff80e2ef000 	/System/Library/PrivateFrameworks/CoreAutoLayout.framework/Versions/A/CoreAutoLayout
0x00007ff8138dc000 	/usr/lib/libfakelink.dylib
0x00007ff813ad6000 	/usr/lib/libcompression.dylib
0x00007ff809bed000 	/System/Library/Frameworks/CFNetwork.framework/Versions/A/CFNetwork
0x00007ff80d49d000 	/System/Library/Frameworks/DiskArbitration.framework/Versions/A/DiskArbitration
0x00007ff81392d000 	/usr/lib/libarchive.2.dylib
0x00007ff80d3af000 	/usr/lib/libDiagnosticMessagesClient.dylib
0x00007ff8074a2000 	/usr/lib/libicucore.A.dylib
0x00007ff80e339000 	/usr/lib/libxml2.2.dylib
0x00007ff81c37f000 	/System/Library/Frameworks/CoreServices.framework/Versions/A/CoreServices
0x00007ff8113b9000 	/usr/lib/liblangid.dylib
0x00007ff807ac8000 	/System/Library/Frameworks/IOKit.framework/Versions/A/IOKit
0x00007ff819e50000 	/System/Library/Frameworks/Combine.framework/Versions/A/Combine
0x00007ffc04041000 	/System/Library/PrivateFrameworks/CollectionsInternal.framework/Versions/A/CollectionsInternal
0x00007ffd09752000 	/System/Library/PrivateFrameworks/ReflectionInternal.framework/Versions/A/ReflectionInternal
0x00007ffd0a494000 	/System/Library/PrivateFrameworks/RuntimeInternal.framework/Versions/A/RuntimeInternal
0x00007ff8138df000 	/System/Library/PrivateFrameworks/SoftLinking.framework/Versions/A/SoftLinking
0x00007ff90eab4000 	/usr/lib/swift/libswiftCoreFoundation.dylib
0x00007ff90bba0000 	/usr/lib/swift/libswiftDarwin.dylib
0x00007ff81e371000 	/usr/lib/swift/libswiftDispatch.dylib
0x00007ff90eb02000 	/usr/lib/swift/libswiftIOKit.dylib
0x00007ffe07281000 	/usr/lib/swift/libswiftSystem.dylib
0x00007ff90eac4000 	/usr/lib/swift/libswiftXPC.dylib
0x00007ffe072b0000 	/usr/lib/swift/libswift_Builtin_float.dylib
0x00007ffe072b3000 	/usr/lib/swift/libswift_Concurrency.dylib
0x00007ffe07320000 	/usr/lib/swift/libswift_DarwinFoundation1.dylib
0x00007ffe07407000 	/usr/lib/swift/libswift_StringProcessing.dylib
0x00007ff821153000 	/usr/lib/swift/libswiftos.dylib
0x00007ff807a47000 	/System/Library/PrivateFrameworks/CoreServicesInternal.framework/Versions/A/CoreServicesInternal
0x00007ff8138a2000 	/usr/lib/liboah.dylib
0x00007ff8070a3000 	/System/Library/Frameworks/Security.framework/Versions/A/Security
0x00007ff820686000 	/System/Library/PrivateFrameworks/DiskImages.framework/Versions/A/DiskImages
0x00007ff90b663000 	/System/Library/Frameworks/NetFS.framework/Versions/A/NetFS
0x00007ff80e2b7000 	/System/Library/Frameworks/CoreServices.framework/Versions/A/Frameworks/FSEvents.framework/Versions/A/FSEvents
0x00007ff807758000 	/System/Library/Frameworks/CoreServices.framework/Versions/A/Frameworks/CarbonCore.framework/Versions/A/CarbonCore
0x00007ff80d413000 	/System/Library/Frameworks/CoreServices.framework/Versions/A/Frameworks/Metadata.framework/Versions/A/Metadata
0x00007ff813345000 	/System/Library/Frameworks/CoreServices.framework/Versions/A/Frameworks/OSServices.framework/Versions/A/OSServices
0x00007ff813a08000 	/System/Library/Frameworks/CoreServices.framework/Versions/A/Frameworks/SearchKit.framework/Versions/A/SearchKit
0x00007ff80bd91000 	/System/Library/Frameworks/CoreServices.framework/Versions/A/Frameworks/AE.framework/Versions/A/AE
0x00007ff80422f000 	/System/Library/Frameworks/CoreServices.framework/Versions/A/Frameworks/LaunchServices.framework/Versions/A/LaunchServices
0x00007ff81501f000 	/System/Library/Frameworks/CoreServices.framework/Versions/A/Frameworks/DictionaryServices.framework/Versions/A/DictionaryServices
0x00007ff80e2c5000 	/System/Library/Frameworks/CoreServices.framework/Versions/A/Frameworks/SharedFileList.framework/Versions/A/SharedFileList
0x00007ff813a8a000 	/usr/lib/libapple_nghttp2.dylib
0x00007ff80b9a2000 	/usr/lib/libsqlite3.dylib
0x00007ff8208c0000 	/System/Library/PrivateFrameworks/AppSupport.framework/Versions/A/AppSupport
0x00007ff80d381000 	/System/Library/PrivateFrameworks/CoreAnalytics.framework/Versions/A/CoreAnalytics
0x00007ff80a5bc000 	/System/Library/Frameworks/CoreGraphics.framework/Versions/A/CoreGraphics
0x00007ff8182af000 	/System/Library/Frameworks/GSS.framework/Versions/A/GSS
0x00007ff816738000 	/System/Library/PrivateFrameworks/InternationalSupport.framework/Versions/A/InternationalSupport
0x00007ff80bd29000 	/System/Library/PrivateFrameworks/RunningBoardServices.framework/Versions/A/RunningBoardServices
0x00007ff8210dc000 	/System/Library/PrivateFrameworks/StreamingZip.framework/Versions/A/StreamingZip
0x00007ff809f9d000 	/usr/lib/libenergytrace.dylib
0x00007ff80be1b000 	/System/Library/Frameworks/Network.framework/Versions/A/Network
0x00007ff812a53000 	/usr/lib/libbsm.0.dylib
0x00007ff813875000 	/usr/lib/system/libkxld.dylib
0x00007ffb1fa5d000 	/System/Library/PrivateFrameworks/AppleKeyStore.framework/Versions/A/AppleKeyStore
0x00007ffe05b42000 	/usr/lib/libCoreEntitlements.dylib
0x00007ffc1faeb000 	/System/Library/PrivateFrameworks/MessageSecurity.framework/Versions/A/MessageSecurity
0x00007ff80b986000 	/System/Library/PrivateFrameworks/ProtocolBuffer.framework/Versions/A/ProtocolBuffer
0x00007ff81d416000 	/System/Library/PrivateFrameworks/SymptomDiagnosticReporter.framework/Versions/A/SymptomDiagnosticReporter
0x00007ff81535e000 	/System/Library/PrivateFrameworks/CrashReporterSupport.framework/Versions/A/CrashReporterSupport
0x00007ff809f9e000 	/usr/lib/libMobileGestalt.dylib
0x00007ff813324000 	/System/Library/PrivateFrameworks/AppleFSCompression.framework/Versions/A/AppleFSCompression
0x00007ff812a3b000 	/usr/lib/libcoretls.dylib
0x00007ff81508e000 	/usr/lib/libcoretls_cfhelpers.dylib
0x00007ff813ad0000 	/usr/lib/libpam.2.dylib
0x00007ff815107000 	/usr/lib/libxar.1.dylib
0x00007ff815090000 	/System/Library/PrivateFrameworks/APFS.framework/Versions/A/APFS
0x00007ffd13edc000 	/System/Library/PrivateFrameworks/SwiftASN1Internal.framework/Versions/A/SwiftASN1Internal
0x00007ff815115000 	/usr/lib/libutil.dylib
0x00007ff8113b4000 	/System/Library/PrivateFrameworks/AppleSystemInfo.framework/Versions/A/AppleSystemInfo
0x00007ff81273c000 	/System/Library/PrivateFrameworks/IOMobileFramebuffer.framework/Versions/A/IOMobileFramebuffer
0x00007ff80ff66000 	/System/Library/Frameworks/IOSurface.framework/Versions/A/IOSurface
0x00007ff90e980000 	/System/Library/PrivateFrameworks/LoggingSupport.framework/Versions/A/LoggingSupport
0x00007ff818307000 	/System/Library/PrivateFrameworks/MobileAsset.framework/Versions/A/MobileAsset
0x00007ff81d425000 	/System/Library/PrivateFrameworks/PowerLog.framework/Versions/A/PowerLog
0x00007ffb19689000 	/System/Library/Frameworks/SwiftData.framework/Versions/A/SwiftData
0x00007ff8095e2000 	/System/Library/Frameworks/UniformTypeIdentifiers.framework/Versions/A/UniformTypeIdentifiers
0x00007ff80e4cf000 	/System/Library/PrivateFrameworks/UserManagement.framework/Versions/A/UserManagement
0x00007ff809b0f000 	/usr/lib/libboringssl.dylib
0x00007ff80be02000 	/usr/lib/libdns_services.dylib
0x00007ff90da2a000 	/usr/lib/libquic.dylib
0x00007ff8175d5000 	/usr/lib/libusrtcp.dylib
0x00007ffb207ee000 	/System/Library/PrivateFrameworks/AtomicsInternal.framework/Versions/A/AtomicsInternal
0x00007ffa14636000 	/System/Library/PrivateFrameworks/InternalSwiftProtobuf.framework/Versions/A/InternalSwiftProtobuf
0x00007ffe070ec000 	/usr/lib/swift/libswiftDistributed.dylib
0x00007ffe07112000 	/usr/lib/swift/libswiftObservation.dylib
0x00007ffe07279000 	/usr/lib/swift/libswiftSynchronization.dylib
0x00007ff8113b3000 	/System/Library/PrivateFrameworks/AggregateDictionary.framework/Versions/A/AggregateDictionary
0x00007ffc011b8000 	/System/Library/PrivateFrameworks/BiomeLibrary.framework/Versions/A/BiomeLibrary
0x00007ff91db1d000 	/System/Library/PrivateFrameworks/BiomeStreams.framework/Versions/A/BiomeStreams
0x00007ff91998a000 	/System/Library/PrivateFrameworks/BiomeFoundation.framework/Versions/A/BiomeFoundation
0x00007ffa03b1b000 	/System/Library/PrivateFrameworks/BiomePubSub.framework/Versions/A/BiomePubSub
0x00007ff80b4fc000 	/System/Library/Frameworks/CoreData.framework/Versions/A/CoreData
0x00007ff8221e3000 	/System/Library/PrivateFrameworks/ProactiveSupport.framework/Versions/A/ProactiveSupport
0x00007ff81506e000 	/usr/lib/liblzma.5.dylib
0x00007ff81c5f2000 	/System/Library/Frameworks/Accelerate.framework/Versions/A/Accelerate
0x00007ff812942000 	/System/Library/PrivateFrameworks/MobileKeyBag.framework/Versions/A/MobileKeyBag
0x00007ff820bd0000 	/System/Library/PrivateFrameworks/InternationalTextSearch.framework/Versions/A/InternationalTextSearch
0x00007ff91616b000 	/System/Library/PrivateFrameworks/SoftwareUpdateCoreSupport.framework/Versions/A/SoftwareUpdateCoreSupport
0x00007ff91e4b0000 	/System/Library/PrivateFrameworks/SoftwareUpdateCoreConnect.framework/Versions/A/SoftwareUpdateCoreConnect
0x00007ff820770000 	/System/Library/PrivateFrameworks/RemoteServiceDiscovery.framework/Versions/A/RemoteServiceDiscovery
0x00007ff915d48000 	/System/Library/PrivateFrameworks/MSUDataAccessor.framework/Versions/A/MSUDataAccessor
0x00007ff910caf000 	/usr/lib/libbootpolicy.dylib
0x00007ff820787000 	/System/Library/PrivateFrameworks/RemoteXPC.framework/Versions/A/RemoteXPC
0x00007ff91d9cd000 	/usr/lib/libFDR.dylib
0x00007ffa03775000 	/usr/lib/libamsupport.dylib
0x00007ffb1f2ce000 	/System/Library/PrivateFrameworks/AppleDeviceQuerySupport.framework/Versions/A/AppleDeviceQuerySupport
0x00007ffa067f5000 	/usr/lib/libpartition2_dynamic.dylib
0x00007ff813a68000 	/System/Library/PrivateFrameworks/AppleSauce.framework/Versions/A/AppleSauce
0x00007ffe059c2000 	/usr/lib/libAppleArchive.dylib
0x00007ff81332f000 	/usr/lib/libbz2.1.0.dylib
0x00007ff80d4a5000 	/System/Library/Frameworks/Accelerate.framework/Versions/A/Frameworks/vImage.framework/Versions/A/vImage
0x00007ff81c355000 	/System/Library/Frameworks/Accelerate.framework/Versions/A/Frameworks/vecLib.framework/Versions/A/vecLib
0x00007ff81514a000 	/System/Library/Frameworks/Accelerate.framework/Versions/A/Frameworks/vecLib.framework/Versions/A/libvMisc.dylib
0x00007ff804746000 	/System/Library/Frameworks/Accelerate.framework/Versions/A/Frameworks/vecLib.framework/Versions/A/libBLAS.dylib
0x00007ff820bcf000 	/System/Library/Frameworks/ApplicationServices.framework/Versions/A/ApplicationServices
0x00007ff80e41a000 	/System/Library/Frameworks/CoreVideo.framework/Versions/A/CoreVideo
0x00007ff80aedc000 	/System/Library/Frameworks/ColorSync.framework/Versions/A/ColorSync
0x00007ff8066b3000 	/System/Library/Frameworks/CoreText.framework/Versions/A/CoreText
0x00007ff810a48000 	/System/Library/Frameworks/ImageIO.framework/Versions/A/ImageIO
0x00007ff817ec1000 	/System/Library/Frameworks/ApplicationServices.framework/Versions/A/Frameworks/ATS.framework/Versions/A/ATS
0x00007ff80b087000 	/System/Library/Frameworks/ApplicationServices.framework/Versions/A/Frameworks/HIServices.framework/Versions/A/HIServices
0x00007ff816607000 	/System/Library/Frameworks/ApplicationServices.framework/Versions/A/Frameworks/PrintCore.framework/Versions/A/PrintCore
0x00007ff818279000 	/System/Library/Frameworks/ApplicationServices.framework/Versions/A/Frameworks/QD.framework/Versions/A/QD
0x00007ff818275000 	/System/Library/Frameworks/ApplicationServices.framework/Versions/A/Frameworks/ColorSyncLegacy.framework/Versions/A/ColorSyncLegacy
0x00007ff817e97000 	/System/Library/Frameworks/ApplicationServices.framework/Versions/A/Frameworks/SpeechSynthesis.framework/Versions/A/SpeechSynthesis
0x00007ff80a053000 	/System/Library/PrivateFrameworks/SkyLight.framework/Versions/A/SkyLight
0x00007ff81044b000 	/System/Library/PrivateFrameworks/FontServices.framework/libFontParser.dylib
0x00007ff80bc37000 	/System/Library/PrivateFrameworks/BaseBoard.framework/Versions/A/BaseBoard
0x00007ff81e6bb000 	/System/Library/PrivateFrameworks/BoardServices.framework/Versions/A/BoardServices
0x00007ff8204a6000 	/System/Library/PrivateFrameworks/BackBoardServices.framework/Versions/A/BackBoardServices
0x00007ffb20d95000 	/System/Library/PrivateFrameworks/BackBoardHIDEventFoundation.framework/Versions/A/BackBoardHIDEventFoundation
0x00007ff8061af000 	/System/Library/Frameworks/CoreDisplay.framework/Versions/A/CoreDisplay
0x00007ff815e19000 	/System/Library/Frameworks/VideoToolbox.framework/Versions/A/VideoToolbox
0x00007ff813ace000 	/System/Library/Frameworks/MetalPerformanceShaders.framework/Versions/A/MetalPerformanceShaders
0x00007ffd088ee000 	/System/Library/PrivateFrameworks/ProDisplayLibrary.framework/Versions/A/ProDisplayLibrary
0x00007ff901af1000 	/System/Library/PrivateFrameworks/IOSurfaceAccelerator.framework/Versions/A/IOSurfaceAccelerator
0x00007ff80ff8a000 	/System/Library/Frameworks/Metal.framework/Versions/A/Metal
0x00007ff80ff81000 	/System/Library/PrivateFrameworks/IOAccelerator.framework/Versions/A/IOAccelerator
0x00007ff8102a4000 	/System/Library/Frameworks/CoreMedia.framework/Versions/A/CoreMedia
0x00007ff80a031000 	/System/Library/PrivateFrameworks/TCC.framework/Versions/A/TCC
0x00007ff815dd2000 	/System/Library/PrivateFrameworks/WatchdogClient.framework/Versions/A/WatchdogClient
0x00007ff80db7f000 	/System/Library/Frameworks/QuartzCore.framework/Versions/A/QuartzCore
0x00007ff815dd4000 	/System/Library/PrivateFrameworks/MultitouchSupport.framework/Versions/A/MultitouchSupport
0x00007ffa06605000 	/usr/lib/swift/libswiftAccelerate.dylib
0x00007ff90ea9a000 	/usr/lib/swift/libswiftCoreAudio.dylib
0x00007ffa0a552000 	/usr/lib/swift/libswiftCoreMedia.dylib
0x00007ff91cb37000 	/usr/lib/swift/libswiftMetal.dylib
0x00007ffa0bd52000 	/usr/lib/swift/libswiftOSLog.dylib
0x00007ffa01ce2000 	/usr/lib/swift/libswiftQuartzCore.dylib
0x00007ffa065f6000 	/usr/lib/swift/libswiftUniformTypeIdentifiers.dylib
0x00007ffe07299000 	/usr/lib/swift/libswiftVideoToolbox.dylib
0x00007ff91275a000 	/usr/lib/swift/libswiftsimd.dylib
0x00007ffa03b7c000 	/System/Library/PrivateFrameworks/BiomeStorage.framework/Versions/A/BiomeStorage
0x00007ffc1a48d000 	/System/Library/PrivateFrameworks/IntelligencePlatformLibrary.framework/Versions/A/IntelligencePlatformLibrary
0x00007ffd07d18000 	/System/Library/PrivateFrameworks/PoirotSchematizer.framework/Versions/A/PoirotSchematizer
0x00007ffc01b12000 	/System/Library/PrivateFrameworks/BiomeSync.framework/Versions/A/BiomeSync
0x00007ffb20e59000 	/System/Library/PrivateFrameworks/BiomeDSL.framework/Versions/A/BiomeDSL
0x00007ffa1be8e000 	/System/Library/PrivateFrameworks/FeatureFlags.framework/Versions/A/FeatureFlags
0x00007ffd07d86000 	/System/Library/PrivateFrameworks/PoirotUDFs.framework/Versions/A/PoirotUDFs
0x00007ffd07ced000 	/System/Library/PrivateFrameworks/PoirotSQLite.framework/Versions/A/PoirotSQLite
0x00007ff81ebf3000 	/System/Library/PrivateFrameworks/CoreTime.framework/Versions/A/CoreTime
0x00007ff813915000 	/usr/lib/libiconv.2.dylib
0x00007ff813870000 	/usr/lib/libcharset.1.dylib
0x00007ffe0735b000 	/usr/lib/swift/libswift_RegexParser.dylib
0x00007ffc02f26000 	/System/Library/PrivateFrameworks/CascadeSets.framework/Versions/A/CascadeSets
0x00007ff81847b000 	/System/Library/PrivateFrameworks/CorePhoneNumbers.framework/Versions/A/CorePhoneNumbers
0x00007ff815bb2000 	/System/Library/PrivateFrameworks/AppleJPEG.framework/Versions/A/AppleJPEG
0x00007ff8155bf000 	/usr/lib/libexpat.1.dylib
0x00007ff8164cc000 	/System/Library/Frameworks/ImageIO.framework/Versions/A/Resources/libPng.dylib
0x00007ff8164fb000 	/System/Library/Frameworks/ImageIO.framework/Versions/A/Resources/libTIFF.dylib
0x00007ff8165f0000 	/System/Library/Frameworks/ImageIO.framework/Versions/A/Resources/libGIF.dylib
0x00007ff815bfe000 	/System/Library/Frameworks/ImageIO.framework/Versions/A/Resources/libJP2.dylib
0x00007ff8152bf000 	/usr/lib/libate.dylib
0x00007ff81658f000 	/System/Library/Frameworks/ImageIO.framework/Versions/A/Resources/libJPEG.dylib
0x00007ff816586000 	/System/Library/Frameworks/ImageIO.framework/Versions/A/Resources/libRadiance.dylib
0x00007ffc11a27000 	/System/Library/PrivateFrameworks/GPUCompiler.framework/Versions/32023/Libraries/libllvm-flatbuffers.dylib
0x00007ffc0c190000 	/System/Library/PrivateFrameworks/FramePacing.framework/Versions/A/FramePacing
0x00007ffb0c8c4000 	/System/Library/Frameworks/OpenGL.framework/Versions/A/Libraries/libCoreFSCache.dylib
0x00007ffc0d0fe000 	/System/Library/PrivateFrameworks/GPUCompiler.framework/Versions/32023/Libraries/libGPUCompilerUtils.dylib
0x00007ff81e787000 	/System/Library/PrivateFrameworks/GraphicsServices.framework/Versions/A/GraphicsServices
0x00007ff810d92000 	/System/Library/Frameworks/CoreImage.framework/Versions/A/CoreImage
0x00007ffa0fcfa000 	/System/Library/PrivateFrameworks/Symbolication.framework/Versions/A/Symbolication
0x00007ffd0790e000 	/System/Library/PrivateFrameworks/PhotosensitivityProcessing.framework/Versions/A/PhotosensitivityProcessing
0x00007ffb0c8d0000 	/System/Library/Frameworks/OpenGL.framework/Versions/A/OpenGL
0x00007ffb0deba000 	/System/Library/Frameworks/OpenCL.framework/Versions/A/OpenCL
0x00007ff8157ec000 	/System/Library/PrivateFrameworks/GraphVisualizer.framework/Versions/A/GraphVisualizer
0x00007ffb0c922000 	/System/Library/Frameworks/OpenGL.framework/Versions/A/Libraries/libGLU.dylib
0x00007ffb0c8e3000 	/System/Library/Frameworks/OpenGL.framework/Versions/A/Libraries/libGFXShared.dylib
0x00007ffb0cae2000 	/System/Library/Frameworks/OpenGL.framework/Versions/A/Libraries/libGL.dylib
0x00007ffb0c8ec000 	/System/Library/Frameworks/OpenGL.framework/Versions/A/Libraries/libGLImage.dylib
0x00007ffb0c8e0000 	/System/Library/Frameworks/OpenGL.framework/Versions/A/Libraries/libCVMSPluginSupport.dylib
0x00007ffb0c8cb000 	/System/Library/Frameworks/OpenGL.framework/Versions/A/Libraries/libCoreVMClient.dylib
0x00007ffc0c09b000 	/System/Library/PrivateFrameworks/FontServices.framework/Versions/A/FontServices
0x00007ff8157ff000 	/System/Library/PrivateFrameworks/OTSVG.framework/Versions/A/OTSVG
0x00007ff80df70000 	/System/Library/Frameworks/ApplicationServices.framework/Versions/A/Frameworks/ATS.framework/Versions/A/Resources/libFontRegistry.dylib
0x00007ffe06452000 	/usr/lib/libhvf.dylib
0x00007ffd04c6f000 	/System/Library/PrivateFrameworks/ParsingInternal.framework/Versions/A/ParsingInternal
0x00007ffc0c09f000 	/System/Library/PrivateFrameworks/FontServices.framework/libXTFontStaticRegistryData.dylib
0x00007ff8112ec000 	/System/Library/Frameworks/MetalPerformanceShaders.framework/Versions/A/Frameworks/MPSCore.framework/Versions/A/MPSCore
0x00007ff81327f000 	/System/Library/Frameworks/MetalPerformanceShaders.framework/Versions/A/Frameworks/MPSImage.framework/Versions/A/MPSImage
0x00007ff812ad7000 	/System/Library/Frameworks/MetalPerformanceShaders.framework/Versions/A/Frameworks/MPSNeuralNetwork.framework/Versions/A/MPSNeuralNetwork
0x00007ff813035000 	/System/Library/Frameworks/MetalPerformanceShaders.framework/Versions/A/Frameworks/MPSMatrix.framework/Versions/A/MPSMatrix
0x00007ff812deb000 	/System/Library/Frameworks/MetalPerformanceShaders.framework/Versions/A/Frameworks/MPSRayIntersector.framework/Versions/A/MPSRayIntersector
0x00007ff813074000 	/System/Library/Frameworks/MetalPerformanceShaders.framework/Versions/A/Frameworks/MPSNDArray.framework/Versions/A/MPSNDArray
0x00007ffb13120000 	/System/Library/Frameworks/MetalPerformanceShaders.framework/Versions/A/Frameworks/MPSFunctions.framework/Versions/A/MPSFunctions
0x00007ffb13100000 	/System/Library/Frameworks/MetalPerformanceShaders.framework/Versions/A/Frameworks/MPSBenchmarkLoop.framework/Versions/A/MPSBenchmarkLoop
0x00007ffb13135000 	/System/Library/Frameworks/MetalPerformanceShaders.framework/Versions/A/Frameworks/MPSHost.framework/Versions/A/MPSHost
0x00007ff804553000 	/System/Library/PrivateFrameworks/MetalTools.framework/Versions/A/MetalTools
0x00007ff913f58000 	/System/Library/PrivateFrameworks/IOAccelMemoryInfo.framework/Versions/A/IOAccelMemoryInfo
0x00007ffa020ee000 	/System/Library/PrivateFrameworks/kperf.framework/Versions/A/kperf
0x00007ff90ea96000 	/System/Library/PrivateFrameworks/GPURawCounter.framework/Versions/A/GPURawCounter
0x00007ff81ead5000 	/System/Library/PrivateFrameworks/CoreSymbolication.framework/Versions/A/CoreSymbolication
0x00007ff90ea13000 	/System/Library/PrivateFrameworks/MallocStackLogging.framework/Versions/A/MallocStackLogging
0x00007ff81eab6000 	/System/Library/PrivateFrameworks/DebugSymbols.framework/Versions/A/DebugSymbols
0x00007ff920a98000 	/System/Library/PrivateFrameworks/OSAnalytics.framework/Versions/A/OSAnalytics
0x00007ffc0a286000 	/System/Library/PrivateFrameworks/DeviceRecovery.framework/Versions/A/DeviceRecovery
0x00007ffb11175000 	/System/Library/Frameworks/ExtensionFoundation.framework/Versions/A/ExtensionFoundation
0x00007ff815845000 	/System/Library/PrivateFrameworks/AppServerSupport.framework/Versions/A/AppServerSupport
0x00007ff815644000 	/System/Library/PrivateFrameworks/IconServices.framework/Versions/A/IconServices
0x00007ffb122b9000 	/System/Library/Frameworks/LightweightCodeRequirements.framework/Versions/A/LightweightCodeRequirements
0x00007ff8154af000 	/System/Library/PrivateFrameworks/PlugInKit.framework/Versions/A/PlugInKit
0x00007ff812958000 	/System/Library/PrivateFrameworks/AssertionServices.framework/Versions/A/AssertionServices
0x00007ff8155e4000 	/System/Library/PrivateFrameworks/IconFoundation.framework/Versions/A/IconFoundation
0x00007ffc17911000 	/System/Library/PrivateFrameworks/IconRendering.framework/Versions/A/IconRendering
0x00007ff80dfbd000 	/System/Library/PrivateFrameworks/CoreUI.framework/Versions/A/CoreUI
0x00007ffd0a615000 	/System/Library/PrivateFrameworks/SFSymbols.framework/Versions/A/SFSymbols
0x00007ffb11056000 	/System/Library/Frameworks/DeveloperToolsSupport.framework/Versions/A/DeveloperToolsSupport
0x00007ff905f36000 	/System/Library/PrivateFrameworks/RenderBox.framework/Versions/A/RenderBox
0x00007ff810a0d000 	/System/Library/PrivateFrameworks/CoreSVG.framework/Versions/A/CoreSVG
0x00007ff81667a000 	/System/Library/PrivateFrameworks/TextureIO.framework/Versions/A/TextureIO
0x00007ff90eb01000 	/usr/lib/swift/libswiftCoreImage.dylib
0x00007ff8165c1000 	/System/Library/Frameworks/ApplicationServices.framework/Versions/A/Frameworks/ATSUI.framework/Versions/A/ATSUI
0x00007ff817c3a000 	/System/Library/Frameworks/AudioToolbox.framework/Versions/A/AudioToolbox
0x00007ff8062dd000 	/System/Library/PrivateFrameworks/AudioToolboxCore.framework/Versions/A/AudioToolboxCore
0x00007ff817e05000 	/System/Library/PrivateFrameworks/AudioSession.framework/Versions/A/AudioSession
0x00007ff823658000 	/System/Library/Frameworks/CoreMIDI.framework/Versions/A/CoreMIDI
0x00007ff817e7f000 	/usr/lib/libAudioStatistics.dylib
0x00007ff81027f000 	/System/Library/PrivateFrameworks/caulk.framework/Versions/A/caulk
0x00007ff8068f6000 	/System/Library/Frameworks/CoreAudio.framework/Versions/A/CoreAudio
0x00007ff8164aa000 	/usr/lib/libAudioToolboxUtility.dylib
0x00007ff9155b5000 	/usr/lib/swift/libswiftCoreMIDI.dylib
0x00007ff818283000 	/System/Library/PrivateFrameworks/perfdata.framework/Versions/A/perfdata
0x00007ff90db19000 	/System/Library/PrivateFrameworks/SystemPolicy.framework/Versions/A/SystemPolicy
0x00007ff818126000 	/usr/lib/libSMC.dylib
0x00007ff818291000 	/usr/lib/libperfcheck.dylib
0x00007ffb208a4000 	/System/Library/PrivateFrameworks/AudioAnalytics.framework/Versions/A/AudioAnalytics
0x00007ffe07324000 	/usr/lib/swift/libswift_DarwinFoundation2.dylib
0x00007ffe07325000 	/usr/lib/swift/libswift_DarwinFoundation3.dylib
0x00007ffa14340000 	/System/Library/Frameworks/OSLog.framework/Versions/A/OSLog
0x00007ff90ea43000 	/usr/lib/libmis.dylib
0x00007ff815708000 	/System/Library/PrivateFrameworks/MediaExperience.framework/Versions/A/MediaExperience
0x00007ff817bea000 	/System/Library/PrivateFrameworks/AudioSession.framework/libSessionUtility.dylib
0x00007ff8165f6000 	/System/Library/PrivateFrameworks/CMCaptureCore.framework/Versions/A/CMCaptureCore
0x00007ff815853000 	/usr/lib/libspindump.dylib
0x00007ff81d30a000 	/System/Library/Frameworks/CoreBluetooth.framework/Versions/A/CoreBluetooth
0x00007ff8127cb000 	/System/Library/PrivateFrameworks/CoreUtils.framework/Versions/A/CoreUtils
0x00007ff906c52000 	/System/Library/PrivateFrameworks/HID.framework/Versions/A/HID
0x00007ffc0981b000 	/System/Library/PrivateFrameworks/CoreUtilsExtras.framework/Versions/A/CoreUtilsExtras
0x00007ffc17861000 	/System/Library/PrivateFrameworks/IO80211.framework/Versions/A/IO80211
0x00007ff819bbd000 	/System/Library/Frameworks/IOBluetooth.framework/Versions/A/IOBluetooth
0x00007ff91cb44000 	/usr/lib/swift/libswiftCompression.dylib
0x00007ffb204de000 	/System/Library/PrivateFrameworks/ArgumentParserInternal.framework/Versions/A/ArgumentParserInternal
0x00007ff815355000 	/usr/lib/libIOReport.dylib
0x00007ff812965000 	/System/Library/Frameworks/SecurityFoundation.framework/Versions/A/SecurityFoundation
0x00007ff8049af000 	/System/Library/PrivateFrameworks/Lexicon.framework/Versions/A/Lexicon
0x00007ff81e5db000 	/System/Library/PrivateFrameworks/FrontBoardServices.framework/Versions/A/FrontBoardServices
0x00007ff812abe000 	/usr/lib/libgermantok.dylib
0x00007ff8114cb000 	/System/Library/PrivateFrameworks/LinguisticData.framework/Versions/A/LinguisticData
0x00007ff81d508000 	/System/Library/PrivateFrameworks/MediaKit.framework/Versions/A/MediaKit
0x00007ff81d462000 	/System/Library/Frameworks/DiscRecording.framework/Versions/A/DiscRecording
0x00007ff8155db000 	/usr/lib/libheimdal-asn1.dylib
0x00007ff8210b7000 	/System/Library/Frameworks/AudioUnit.framework/Versions/A/AudioUnit
0x00007ff80e28f000 	/System/Library/Frameworks/OpenDirectory.framework/Versions/A/OpenDirectory
0x00007ff80e29b000 	/System/Library/Frameworks/OpenDirectory.framework/Versions/A/Frameworks/CFOpenDirectory.framework/Versions/A/CFOpenDirectory
0x00007ffb0f943000 	/System/Library/Frameworks/AVFAudio.framework/Versions/A/AVFAudio
0x00007ff907baa000 	/usr/lib/libAccessibility.dylib
0x00007ffc1afb7000 	/System/Library/PrivateFrameworks/IsolatedCoreAudioClient.framework/Versions/A/IsolatedCoreAudioClient
0x00007ffd173a8000 	/System/Library/PrivateFrameworks/Tightbeam.framework/Versions/A/Tightbeam
0x00007ffc05899000 	/System/Library/PrivateFrameworks/CoreAudioOrchestration.framework/Versions/A/CoreAudioOrchestration
0x00007ffa06cb3000 	/System/Library/PrivateFrameworks/AFKUser.framework/Versions/A/AFKUser
0x00007ff81c63f000 	/System/Library/Frameworks/MediaAccessibility.framework/Versions/A/MediaAccessibility
0x00007ffd1b2a9000 	/System/Library/PrivateFrameworks/VideoToolboxParavirtualizationSupport.framework/Versions/A/VideoToolboxParavirtualizationSupport
0x00007ff815571000 	/System/Library/PrivateFrameworks/AppleVA.framework/Versions/A/AppleVA
0x00007ff81657f000 	/System/Library/PrivateFrameworks/GPUWrangler.framework/Versions/A/GPUWrangler
0x00007ff816563000 	/System/Library/PrivateFrameworks/IOPresentment.framework/Versions/A/IOPresentment
0x00007ff816589000 	/System/Library/PrivateFrameworks/DSExternalDisplay.framework/Versions/A/DSExternalDisplay
0x00007ffb20340000 	/System/Library/PrivateFrameworks/AppleMobileFileIntegrity.framework/Versions/A/AppleMobileFileIntegrity
0x00007ffe05e67000 	/usr/lib/libTLE.dylib
0x00007ffb04996000 	/System/Library/PrivateFrameworks/ConfigProfileHelper.framework/Versions/A/ConfigProfileHelper
0x00007ffa19fb1000 	/usr/lib/libedit.3.dylib
0x00007ffc1c2f3000 	/System/Library/PrivateFrameworks/MIL.framework/Versions/A/MIL
0x00007ff913f1d000 	/usr/lib/libncurses.5.4.dylib
0x00007ff812707000 	/System/Library/PrivateFrameworks/CoreEmoji.framework/Versions/A/CoreEmoji
0x00007ff804d18000 	/usr/lib/libCRFSuite.dylib
0x00007ff8113bb000 	/System/Library/PrivateFrameworks/CoreNLP.framework/Versions/A/CoreNLP
0x00007ff812a63000 	/usr/lib/libmecab.dylib
0x00007ff813a60000 	/usr/lib/libThaiTokenizer.dylib
0x00007ff816a41000 	/System/Library/PrivateFrameworks/DataDetectorsCore.framework/Versions/A/DataDetectorsCore
0x00007ffb11044000 	/System/Library/Frameworks/DataDetection.framework/Versions/A/DataDetection
0x00007ff91298b000 	/System/Library/PrivateFrameworks/TextInput.framework/Versions/A/TextInput
0x00007ffa147fd000 	/System/Library/PrivateFrameworks/HIDDisplay.framework/Versions/A/HIDDisplay
0x00007ff818207000 	/usr/lib/libcups.2.dylib
0x00007ff8182a0000 	/System/Library/Frameworks/Kerberos.framework/Versions/A/Kerberos
0x00007ff817f04000 	/usr/lib/libresolv.9.dylib
0x00007ff81585a000 	/System/Library/PrivateFrameworks/Heimdal.framework/Versions/A/Heimdal
0x00007ff8210b6000 	/System/Library/Frameworks/Kerberos.framework/Versions/A/Libraries/libHeimdalProxy.dylib
0x00007ff8182f8000 	/System/Library/PrivateFrameworks/CommonAuth.framework/Versions/A/CommonAuth
0x00007ff907ac3000 	/System/Library/PrivateFrameworks/AXCoreUtilities.framework/Versions/A/AXCoreUtilities
0x00007ff917870000 	/System/Library/PrivateFrameworks/AttributeGraph.framework/Versions/A/AttributeGraph
0x00007ffe058df000 	/usr/lib/libAXSafeCategoryBundle.dylib
0x00007ff81251c000 	/System/Library/Frameworks/Accelerate.framework/Versions/A/Frameworks/vecLib.framework/Versions/A/libvDSP.dylib
0x00007ff813bbd000 	/System/Library/Frameworks/Accelerate.framework/Versions/A/Frameworks/vecLib.framework/Versions/A/libLAPACK.dylib
0x00007ff812ac1000 	/System/Library/Frameworks/Accelerate.framework/Versions/A/Frameworks/vecLib.framework/Versions/A/libLinearAlgebra.dylib
0x00007ff813aa4000 	/System/Library/Frameworks/Accelerate.framework/Versions/A/Frameworks/vecLib.framework/Versions/A/libSparseBLAS.dylib
0x00007ff813bb7000 	/System/Library/Frameworks/Accelerate.framework/Versions/A/Frameworks/vecLib.framework/Versions/A/libQuadrature.dylib
0x00007ff8114d2000 	/System/Library/Frameworks/Accelerate.framework/Versions/A/Frameworks/vecLib.framework/Versions/A/libBNNS.dylib
0x00007ff804abb000 	/System/Library/Frameworks/Accelerate.framework/Versions/A/Frameworks/vecLib.framework/Versions/A/libSparse.dylib
0x00007ffb10be0000 	/System/Library/Frameworks/CoreTransferable.framework/Versions/A/CoreTransferable
0x00007ff81826a000 	/System/Library/PrivateFrameworks/NetAuth.framework/Versions/A/NetAuth
0x00007ff80e48f000 	/System/Library/PrivateFrameworks/login.framework/Versions/A/Frameworks/loginsupport.framework/Versions/A/loginsupport
0x00007ff8093fc000 	/System/Library/PrivateFrameworks/UIFoundation.framework/Versions/A/UIFoundation
0x00007ff812a31000 	/usr/lib/libCheckFix.dylib
0x00007ff80d3b1000 	/System/Library/PrivateFrameworks/MetadataUtilities.framework/Versions/A/MetadataUtilities
0x00007ffc1822c000 	/System/Library/PrivateFrameworks/InstalledContentLibrary.framework/Versions/A/InstalledContentLibrary
0x00007ff807a89000 	/System/Library/PrivateFrameworks/CoreServicesStore.framework/Versions/A/CoreServicesStore
0x00007ff80e2ec000 	/usr/lib/libapp_launch_measurement.dylib
0x00007ffa021ec000 	/System/Library/PrivateFrameworks/MobileSystemServices.framework/Versions/A/MobileSystemServices
0x00007ff815119000 	/usr/lib/libxslt.1.dylib
0x00007ff8129f4000 	/System/Library/PrivateFrameworks/BackgroundTaskManagement.framework/Versions/A/BackgroundTaskManagement
0x00007ff820836000 	/usr/lib/libcurl.4.dylib
0x00007ffe061ff000 	/usr/lib/libcrypto.46.dylib
0x00007ffe06e25000 	/usr/lib/libssl.48.dylib
0x00007ff820516000 	/System/Library/Frameworks/LDAP.framework/Versions/A/LDAP
0x00007ff820551000 	/System/Library/PrivateFrameworks/TrustEvaluationAgent.framework/Versions/A/TrustEvaluationAgent
0x00007ff817f21000 	/usr/lib/libsasl2.2.dylib
0x00007ff82386c000 	/System/Library/Frameworks/Cocoa.framework/Versions/A/Cocoa
0x00007ff807c01000 	/System/Library/Frameworks/AppKit.framework/Versions/C/AppKit
0x00007ffc0401a000 	/System/Library/PrivateFrameworks/CollectionViewCore.framework/Versions/A/CollectionViewCore
0x00007ff810a08000 	/System/Library/PrivateFrameworks/XCTTargetBootstrap.framework/Versions/A/XCTTargetBootstrap
0x00007ff816a8a000 	/System/Library/PrivateFrameworks/UserActivity.framework/Versions/A/UserActivity
0x00007ffc0c19d000 	/System/Library/PrivateFrameworks/FrontBoard.framework/Versions/A/FrontBoard
0x00007ffd190d1000 	/System/Library/PrivateFrameworks/UIIntelligenceSupport.framework/Versions/A/UIIntelligenceSupport
0x00007ffb197e8000 	/System/Library/Frameworks/SwiftUICore.framework/Versions/A/SwiftUICore
0x00007ffd1effc000 	/System/Library/PrivateFrameworks/WritingTools.framework/Versions/A/WritingTools
0x00007ffd1df8c000 	/System/Library/PrivateFrameworks/WindowManagement.framework/Versions/A/WindowManagement
0x00007ffc0bef6000 	/System/Library/PrivateFrameworks/FocusEngine.framework/Versions/A/FocusEngine
0x00007ffc09e52000 	/System/Library/PrivateFrameworks/DesignLibrary.framework/Versions/A/DesignLibrary
0x00007ff8109f5000 	/System/Library/PrivateFrameworks/DFRFoundation.framework/Versions/A/DFRFoundation
0x00007ffd19be5000 	/System/Library/PrivateFrameworks/UpdateCycle.framework/Versions/A/UpdateCycle
0x00007ff810716000 	/System/Library/Frameworks/Carbon.framework/Versions/A/Frameworks/HIToolbox.framework/Versions/A/HIToolbox
0x00007ff81bf63000 	/System/Library/Frameworks/Carbon.framework/Versions/A/Frameworks/SpeechRecognition.framework/Versions/A/SpeechRecognition
0x00007ff80e284000 	/System/Library/PrivateFrameworks/PerformanceAnalysis.framework/Versions/A/PerformanceAnalysis
0x00007ff81c2f6000 	/System/Library/Frameworks/Accessibility.framework/Versions/A/Accessibility
0x00007ffb1a6de000 	/System/Library/Frameworks/Symbols.framework/Versions/A/Symbols
0x00007ffc14d2d000 	/System/Library/PrivateFrameworks/Gestures.framework/Versions/A/Gestures
0x00007ff90bb9f000 	/usr/lib/swift/libswiftCoreGraphics.dylib
0x00007ff81cd05000 	/usr/lib/swift/libswiftFoundation.dylib
0x00007ffb04369000 	/usr/lib/swift/libswiftSwiftOnoneSupport.dylib
0x00007ffe07490000 	/usr/lib/swift/libswiftsys_time.dylib
0x00007ffa10421000 	/System/Library/PrivateFrameworks/CoreMaterial.framework/Versions/A/CoreMaterial
0x00007ffe071ce000 	/usr/lib/swift/libswiftSpatial.dylib
0x00007ffe05e66000 	/usr/lib/libSpatial.dylib
0x00007ffe057f6000 	/System/Library/SubFrameworks/UIUtilities.framework/Versions/A/UIUtilities
0x0000000104fc7000 	/Library/Java/JavaVirtualMachines/zulu-17.jdk/Contents/Home/lib/server/libjvm.dylib
0x00000001036a4000 	/Library/Java/JavaVirtualMachines/zulu-17.jdk/Contents/Home/lib/libjimage.dylib
0x00000001036c7000 	/Library/Java/JavaVirtualMachines/zulu-17.jdk/Contents/Home/lib/libinstrument.dylib
0x0000000103709000 	/Library/Java/JavaVirtualMachines/zulu-17.jdk/Contents/Home/lib/libjava.dylib
0x0000000103d0f000 	/Library/Java/JavaVirtualMachines/zulu-17.jdk/Contents/Home/lib/libzip.dylib
0x0000000103d3e000 	/Library/Java/JavaVirtualMachines/zulu-17.jdk/Contents/Home/lib/libnio.dylib
0x000000010472e000 	/Library/Java/JavaVirtualMachines/zulu-17.jdk/Contents/Home/lib/libnet.dylib
0x0000000103d23000 	/Library/Java/JavaVirtualMachines/zulu-17.jdk/Contents/Home/lib/libverify.dylib
0x00000001036f3000 	/Users/macbook/.gradle/native/1def1411415f61bf3af743bc5b6707747c0891f09f0c88961ee8f79bc544acac/osx-amd64/libnative-platform.dylib
0x00000001047bc000 	/Users/macbook/.gradle/native/0.2.7/x86_64-macos/libgradle-fileevents.dylib
0x0000000103d5a000 	/Library/Java/JavaVirtualMachines/zulu-17.jdk/Contents/Home/lib/libmanagement.dylib
0x0000000103d6a000 	/Library/Java/JavaVirtualMachines/zulu-17.jdk/Contents/Home/lib/libmanagement_ext.dylib
0x0000000103d7a000 	/Library/Java/JavaVirtualMachines/zulu-17.jdk/Contents/Home/lib/libextnet.dylib


VM Arguments:
jvm_args: --add-opens=java.base/java.lang=ALL-UNNAMED --add-opens=java.base/java.lang.invoke=ALL-UNNAMED --add-opens=java.base/java.util=ALL-UNNAMED --add-opens=java.prefs/java.util.prefs=ALL-UNNAMED --add-exports=jdk.compiler/com.sun.tools.javac.api=ALL-UNNAMED --add-exports=jdk.compiler/com.sun.tools.javac.util=ALL-UNNAMED --add-opens=java.base/java.util=ALL-UNNAMED --add-opens=java.prefs/java.util.prefs=ALL-UNNAMED --add-opens=java.base/java.nio.charset=ALL-UNNAMED --add-opens=java.base/java.net=ALL-UNNAMED --add-opens=java.base/java.util.concurrent.atomic=ALL-UNNAMED --add-opens=java.xml/javax.xml.namespace=ALL-UNNAMED -XX:MaxMetaspaceSize=512m -Xmx2048m -Dfile.encoding=UTF-8 -Duser.country=US -Duser.language=en -Duser.variant -javaagent:/Users/macbook/.gradle/wrapper/dists/gradle-8.13-bin/5xuhj0ry160q40clulazy9h7d/gradle-8.13/lib/agents/gradle-instrumentation-agent-8.13.jar 
java_command: org.gradle.launcher.daemon.bootstrap.GradleDaemon 8.13
java_class_path (initial): /Users/macbook/.gradle/wrapper/dists/gradle-8.13-bin/5xuhj0ry160q40clulazy9h7d/gradle-8.13/lib/gradle-daemon-main-8.13.jar
Launcher Type: SUN_STANDARD

[Global flags]
     intx CICompilerCount                          = 4                                         {product} {ergonomic}
   size_t CompressedClassSpaceSize                 = 436207616                                 {product} {ergonomic}
     uint ConcGCThreads                            = 3                                         {product} {ergonomic}
     uint G1ConcRefinementThreads                  = 10                                        {product} {ergonomic}
   size_t G1HeapRegionSize                         = 1048576                                   {product} {ergonomic}
    uintx GCDrainStackTargetSize                   = 64                                        {product} {ergonomic}
   size_t InitialHeapSize                          = 268435456                                 {product} {ergonomic}
   size_t MarkStackSize                            = 4194304                                   {product} {ergonomic}
   size_t MaxHeapSize                              = 2147483648                                {product} {command line}
   size_t MaxMetaspaceSize                         = 536870912                                 {product} {command line}
   size_t MaxNewSize                               = 1287651328                                {product} {ergonomic}
   size_t MinHeapDeltaBytes                        = 1048576                                   {product} {ergonomic}
   size_t MinHeapSize                              = 8388608                                   {product} {ergonomic}
    uintx NonNMethodCodeHeapSize                   = 5839372                                {pd product} {ergonomic}
    uintx NonProfiledCodeHeapSize                  = 122909434                              {pd product} {ergonomic}
    uintx ProfiledCodeHeapSize                     = 122909434                              {pd product} {ergonomic}
    uintx ReservedCodeCacheSize                    = 251658240                              {pd product} {ergonomic}
     bool SegmentedCodeCache                       = true                                      {product} {ergonomic}
   size_t SoftMaxHeapSize                          = 2147483648                             {manageable} {ergonomic}
     bool UseCompressedClassPointers               = true                           {product lp64_product} {ergonomic}
     bool UseCompressedOops                        = true                           {product lp64_product} {ergonomic}
     bool UseG1GC                                  = true                                      {product} {ergonomic}
     bool UseNUMA                                  = false                                     {product} {ergonomic}
     bool UseNUMAInterleaving                      = false                                     {product} {ergonomic}

Logging:
Log output configuration:
 #0: stdout all=warning uptime,level,tags
 #1: stderr all=off uptime,level,tags

Environment Variables:
JAVA_HOME=/Library/Java/JavaVirtualMachines/zulu-17.jdk/Contents/Home
PATH=/Users/macbook/.pyenv/shims:/Users/macbook/.pyenv/bin:/Users/macbook/.opencode/bin:/Users/macbook/.bun/bin:/Users/macbook/.nvm/versions/node/v24.11.1/bin:/Users/macbook/.antigravity/antigravity/bin:/Applications/Postgres.app/Contents/Versions/latest/bin:/Users/macbook/.local/bin:/usr/local/bin:/System/Cryptexes/App/usr/bin:/usr/bin:/bin:/usr/sbin:/sbin:/var/run/com.apple.security.cryptexd/codex.system/bootstrap/usr/local/bin:/var/run/com.apple.security.cryptexd/codex.system/bootstrap/usr/bin:/var/run/com.apple.security.cryptexd/codex.system/bootstrap/usr/appleinternal/bin:/opt/pmk/env/global/bin:/Library/Apple/usr/bin:/usr/local/share/dotnet:~/.dotnet/tools:/Applications/Postgres.app/Contents/Versions/latest/bin:/Users/macbook/.local/share/cursor-agent/versions/2026.06.15-18-00-12-6f5a2cf:/Users/macbook/.pyenv/bin:/Users/macbook/.opencode/bin:/Users/macbook/.bun/bin:/Users/macbook/.nvm/versions/node/v24.11.1/bin:/Users/macbook/.antigravity/antigravity/bin:/Users/macbook/.local/bin:/Users/macbook/Library/Android/sdk/emulator:/Users/macbook/Library/Android/sdk/platform-tools:/Applications/Warp.app/Contents/Resources/bin:/Users/macbook/Library/Android/sdk/emulator:/Users/macbook/Library/Android/sdk/platform-tools
SHELL=/bin/zsh
LANG=en_US.UTF-8
TERM=dumb
TMPDIR=/var/folders/fl/b3xdcrns4d5055k9vfj459nm0000gn/T/

Active Locale:
LC_ALL=en_US.UTF-8
LC_COLLATE=en_US.UTF-8
LC_CTYPE=en_US.UTF-8
LC_MESSAGES=en_US.UTF-8
LC_MONETARY=en_US.UTF-8
LC_NUMERIC=en_US.UTF-8
LC_TIME=en_US.UTF-8

Signal Handlers:
   SIGSEGV: crash_handler in libjvm.dylib, mask=11100110000111110111111111111111, flags=SA_RESTART|SA_SIGINFO, unblocked
    SIGBUS: crash_handler in libjvm.dylib, mask=11100110000111110111111111111111, flags=SA_RESTART|SA_SIGINFO, unblocked
    SIGFPE: crash_handler in libjvm.dylib, mask=11100110000111110111111111111111, flags=SA_RESTART|SA_SIGINFO, unblocked
   SIGPIPE: javaSignalHandler in libjvm.dylib, mask=11100110000111110111111111111111, flags=SA_RESTART|SA_SIGINFO, blocked
   SIGXFSZ: javaSignalHandler in libjvm.dylib, mask=11100110000111110111111111111111, flags=SA_RESTART|SA_SIGINFO, blocked
    SIGILL: crash_handler in libjvm.dylib, mask=11100110000111110111111111111111, flags=SA_RESTART|SA_SIGINFO, unblocked
   SIGUSR2: SR_handler in libjvm.dylib, mask=00100000000000000000000000000000, flags=SA_RESTART|SA_SIGINFO, blocked
    SIGHUP: UserHandler in libjvm.dylib, mask=11100110000111110111111111111111, flags=SA_RESTART|SA_SIGINFO, blocked
    SIGINT: UserHandler in libjvm.dylib, mask=11100110000111110111111111111111, flags=SA_RESTART|SA_SIGINFO, blocked
   SIGTERM: UserHandler in libjvm.dylib, mask=11100110000111110111111111111111, flags=SA_RESTART|SA_SIGINFO, blocked
   SIGQUIT: UserHandler in libjvm.dylib, mask=11100110000111110111111111111111, flags=SA_RESTART|SA_SIGINFO, blocked
   SIGTRAP: crash_handler in libjvm.dylib, mask=11100110000111110111111111111111, flags=SA_RESTART|SA_SIGINFO, unblocked


Periodic native trim disabled


---------------  S Y S T E M  ---------------

OS:
uname: Darwin 25.3.0 Darwin Kernel Version 25.3.0: Wed Jan 28 20:53:28 PST 2026; root:xnu-12377.91.3~2/RELEASE_X86_64 x86_64
OS uptime: 0 days 0:15 hours
rlimit (soft/hard): STACK 8192k/65532k , CORE 0k/infinity , NPROC 2784/4176 , NOFILE 1048576/infinity , AS infinity/infinity , CPU infinity/infinity , DATA infinity/infinity , FSIZE infinity/infinity , MEMLOCK infinity/infinity , RSS infinity/infinity
load average: 10.56 13.78 18.92

CPU: total 12 (initial active 12) (6 cores per cpu, 2 threads per core) family 6 model 158 stepping 10 microcode 0xfa, cx8, cmov, fxsr, ht, mmx, 3dnowpref, sse, sse2, sse3, ssse3, sse4.1, sse4.2, popcnt, lzcnt, tsc, tscinvbit, avx, avx2, aes, erms, clmul, bmi1, bmi2, adx, fma, vzeroupper, clflush, clflushopt
machdep.cpu.brand_string:Intel(R) Core(TM) i7-9750H CPU @ 2.60GHz
hw.cpufrequency:2600000000
hw.cpufrequency_min:2600000000
hw.cpufrequency_max:2600000000
hw.cachelinesize:64
hw.l1icachesize:32768
hw.l1dcachesize:32768
hw.l2cachesize:262144
hw.l3cachesize:12582912

Memory: 4k page, physical 16777216k(2706816k free), swap 1048576k(630528k free)

vm_info: OpenJDK 64-Bit Server VM (17.0.16+8-LTS) for bsd-amd64 JRE (17.0.16+8-LTS) (Zulu17.60+17-CA), built on Jun 30 2025 10:41:51 by "zulu_re" with clang Apple LLVM 12.0.5 (clang-1205.0.22.11)

END.
