#
# A fatal error has been detected by the Java Runtime Environment:
#
#  SIGSEGV (0xb) at pc=0x00000001022aa0dd, pid=16548, tid=39943
#
# JRE version: OpenJDK Runtime Environment Zulu17.60+17-CA (17.0.16+8) (build 17.0.16+8-LTS)
# Java VM: OpenJDK 64-Bit Server VM Zulu17.60+17-CA (17.0.16+8-LTS, mixed mode, sharing, tiered, compressed oops, compressed class ptrs, g1 gc, bsd-amd64)
# Problematic frame:
# V  [libjvm.dylib+0xa490dd]  Symbol::as_C_string() const+0xd
#
# No core dump will be written. Core dumps have been disabled. To enable core dumping, try "ulimit -c unlimited" before starting Java again
#
# If you would like to submit a bug report, please visit:
#   http://www.azul.com/support/
#

---------------  S U M M A R Y ------------

Command Line: --add-opens=java.base/java.lang=ALL-UNNAMED --add-opens=java.base/java.lang.invoke=ALL-UNNAMED --add-opens=java.base/java.util=ALL-UNNAMED --add-opens=java.prefs/java.util.prefs=ALL-UNNAMED --add-exports=jdk.compiler/com.sun.tools.javac.api=ALL-UNNAMED --add-exports=jdk.compiler/com.sun.tools.javac.util=ALL-UNNAMED --add-opens=java.base/java.util=ALL-UNNAMED --add-opens=java.prefs/java.util.prefs=ALL-UNNAMED --add-opens=java.base/java.nio.charset=ALL-UNNAMED --add-opens=java.base/java.net=ALL-UNNAMED --add-opens=java.base/java.util.concurrent.atomic=ALL-UNNAMED --add-opens=java.xml/javax.xml.namespace=ALL-UNNAMED -XX:MaxMetaspaceSize=512m -Xmx2048m -Dfile.encoding=UTF-8 -Duser.country=US -Duser.language=en -Duser.variant -javaagent:/Users/macbook/.gradle/wrapper/dists/gradle-8.13-bin/5xuhj0ry160q40clulazy9h7d/gradle-8.13/lib/agents/gradle-instrumentation-agent-8.13.jar org.gradle.launcher.daemon.bootstrap.GradleDaemon 8.13

Host: "MacBookPro16,1" x86_64 2600 MHz, 12 cores, 16G, Darwin 25.3.0, macOS 26.3.1 (25D2128)
Time: Tue Jun 23 12:49:27 2026 PKT elapsed time: 107.360713 seconds (0d 0h 1m 47s)

---------------  T H R E A D  ---------------

Current thread (0x00007fe2f28eac00):  JavaThread "Daemon worker Thread 2" [_thread_in_vm, id=39943, stack(0x000070000cd4d000,0x000070000ce4d000)]

Stack: [0x000070000cd4d000,0x000070000ce4d000],  sp=0x000070000ce41130,  free space=976k
Native frames: (J=compiled Java code, j=interpreted, Vv=VM code, C=native code)
V  [libjvm.dylib+0xa490dd]  Symbol::as_C_string() const+0xd
V  [libjvm.dylib+0x1d90ae]  ExceptionMessageBuilder::print_NPE_failed_action(outputStream*, int)+0x1ee
V  [libjvm.dylib+0x1d943a]  BytecodeUtils::get_NPE_message_at(outputStream*, Method*, int)+0x9a
V  [libjvm.dylib+0x5b9d7b]  JVM_GetExtendedNPEMessage+0x11b
j  java.lang.NullPointerException.getExtendedNPEMessage()Ljava/lang/String;+0 java.base@17.0.16
j  java.lang.NullPointerException.getMessage()Ljava/lang/String;+23 java.base@17.0.16
j  kotlin.script.experimental.api.ErrorHandlingKt.asDiagnostics(Ljava/lang/Throwable;ILjava/lang/String;Ljava/lang/String;Lkotlin/script/experimental/api/SourceCode$Location;Lkotlin/script/experimental/api/ScriptDiagnostic$Severity;)Lkotlin/script/experimental/api/ScriptDiagnostic;+25
j  kotlin.script.experimental.api.ErrorHandlingKt.asDiagnostics$default(Ljava/lang/Throwable;ILjava/lang/String;Ljava/lang/String;Lkotlin/script/experimental/api/SourceCode$Location;Lkotlin/script/experimental/api/ScriptDiagnostic$Severity;ILjava/lang/Object;)Lkotlin/script/experimental/api/ScriptDiagnostic;+60
j  org.jetbrains.kotlin.scripting.compiler.plugin.impl.ScriptJvmCompilerFromEnvironment.compile(Lkotlin/script/experimental/api/SourceCode;Lkotlin/script/experimental/api/ScriptCompilationConfiguration;)Lkotlin/script/experimental/api/ResultWithDiagnostics;+87
j  kotlin.script.experimental.jvmhost.JvmScriptCompiler.invoke$suspendImpl(Lkotlin/script/experimental/jvmhost/JvmScriptCompiler;Lkotlin/script/experimental/api/SourceCode;Lkotlin/script/experimental/api/ScriptCompilationConfiguration;Lkotlin/coroutines/Continuation;)Ljava/lang/Object;+15
j  kotlin.script.experimental.jvmhost.JvmScriptCompiler.invoke(Lkotlin/script/experimental/api/SourceCode;Lkotlin/script/experimental/api/ScriptCompilationConfiguration;Lkotlin/coroutines/Continuation;)Ljava/lang/Object;+4
j  kotlin.script.experimental.host.BasicScriptingHost$eval$1.invokeSuspend(Ljava/lang/Object;)Ljava/lang/Object;+64
j  kotlin.script.experimental.host.BasicScriptingHost$eval$1.invoke(Lkotlin/coroutines/Continuation;)Ljava/lang/Object;+11
j  kotlin.script.experimental.host.BasicScriptingHost$eval$1.invoke(Ljava/lang/Object;)Ljava/lang/Object;+5
j  kotlin.script.experimental.host.BasicScriptingHost$runInCoroutineContext$1.invokeSuspend(Ljava/lang/Object;)Ljava/lang/Object;+46
j  kotlin.coroutines.jvm.internal.BaseContinuationImpl.resumeWith(Ljava/lang/Object;)V+44
j  kotlin.coroutines.ContinuationKt.startCoroutine(Lkotlin/jvm/functions/Function1;Lkotlin/coroutines/Continuation;)V+30
j  kotlin.script.experimental.impl.RunSuspendKt.internalScriptingRunSuspend(Lkotlin/jvm/functions/Function1;)Ljava/lang/Object;+19
j  kotlin.script.experimental.host.BasicScriptingHost.runInCoroutineContext(Lkotlin/jvm/functions/Function1;)Ljava/lang/Object;+18
j  kotlin.script.experimental.host.BasicScriptingHost.eval(Lkotlin/script/experimental/api/SourceCode;Lkotlin/script/experimental/api/ScriptCompilationConfiguration;Lkotlin/script/experimental/api/ScriptEvaluationConfiguration;)Lkotlin/script/experimental/api/ResultWithDiagnostics;+28
j  org.gradle.kotlin.dsl.support.KotlinCompilerKt.compileKotlinScriptModuleTo(Ljava/io/File;Lorg/gradle/kotlin/dsl/support/KotlinCompilerOptions;Ljava/lang/String;Ljava/util/Collection;Lorg/jetbrains/kotlin/scripting/definitions/ScriptDefinition;Ljava/lang/Iterable;Lorg/gradle/kotlin/dsl/support/LoggingMessageCollector;)V+938
j  org.gradle.kotlin.dsl.support.KotlinCompilerKt.compileKotlinScriptToDirectory(Ljava/io/File;Lorg/gradle/kotlin/dsl/support/KotlinCompilerOptions;Ljava/io/File;Lorg/jetbrains/kotlin/scripting/definitions/ScriptDefinition;Ljava/util/List;Lorg/slf4j/Logger;Lkotlin/jvm/functions/Function1;)Ljava/lang/String;+78
j  org.gradle.kotlin.dsl.execution.ResidualProgramCompiler$compileScript$1.invoke()Ljava/lang/String;+62
j  org.gradle.kotlin.dsl.execution.ResidualProgramCompiler$compileScript$1.invoke()Ljava/lang/Object;+1
j  org.gradle.kotlin.dsl.provider.StandardKotlinScriptEvaluator$InterpreterHost$runCompileBuildOperation$1.call(Lorg/gradle/internal/operations/BuildOperationContext;)Ljava/lang/String;+10
j  org.gradle.kotlin.dsl.provider.StandardKotlinScriptEvaluator$InterpreterHost$runCompileBuildOperation$1.call(Lorg/gradle/internal/operations/BuildOperationContext;)Ljava/lang/Object;+2
j  org.gradle.internal.operations.DefaultBuildOperationRunner$CallableBuildOperationWorker.execute(Lorg/gradle/internal/operations/CallableBuildOperation;Lorg/gradle/internal/operations/BuildOperationContext;)V+3
j  org.gradle.internal.operations.DefaultBuildOperationRunner$CallableBuildOperationWorker.execute(Lorg/gradle/internal/operations/BuildOperation;Lorg/gradle/internal/operations/BuildOperationContext;)V+6
j  org.gradle.internal.operations.DefaultBuildOperationRunner$2.execute(Lorg/gradle/internal/operations/BuildOperationDescriptor;Lorg/gradle/internal/operations/BuildOperationState;Lorg/gradle/internal/operations/BuildOperationState;Lorg/gradle/internal/operations/DefaultBuildOperationRunner$ReadableBuildOperationContext;Lorg/gradle/internal/operations/DefaultBuildOperationRunner$BuildOperationExecutionListener;)Lorg/gradle/internal/operations/BuildOperation;+22
j  org.gradle.internal.operations.DefaultBuildOperationRunner$2.execute(Lorg/gradle/internal/operations/BuildOperationDescriptor;Lorg/gradle/internal/operations/BuildOperationState;Lorg/gradle/internal/operations/BuildOperationState;Lorg/gradle/internal/operations/DefaultBuildOperationRunner$ReadableBuildOperationContext;Lorg/gradle/internal/operations/DefaultBuildOperationRunner$BuildOperationExecutionListener;)Ljava/lang/Object;+8
j  org.gradle.internal.operations.DefaultBuildOperationRunner.execute(Lorg/gradle/internal/operations/BuildOperationDescriptor$Builder;Lorg/gradle/internal/operations/BuildOperationState;Lorg/gradle/internal/operations/DefaultBuildOperationRunner$BuildOperationExecution;)Ljava/lang/Object;+141
j  org.gradle.internal.operations.DefaultBuildOperationRunner.execute(Lorg/gradle/internal/operations/BuildOperation;Lorg/gradle/internal/operations/BuildOperationWorker;Lorg/gradle/internal/operations/BuildOperationState;)V+18
j  org.gradle.internal.operations.DefaultBuildOperationRunner.call(Lorg/gradle/internal/operations/CallableBuildOperation;)Ljava/lang/Object;+16
j  org.gradle.kotlin.dsl.provider.StandardKotlinScriptEvaluator$InterpreterHost.runCompileBuildOperation(Ljava/lang/String;Ljava/lang/String;Lkotlin/jvm/functions/Function0;)Ljava/lang/String;+38
j  org.gradle.kotlin.dsl.execution.Interpreter$compile$1$1$1$1.invoke(Ljava/lang/String;Ljava/lang/String;Lkotlin/jvm/functions/Function0;)Ljava/lang/String;+28
j  org.gradle.kotlin.dsl.execution.Interpreter$compile$1$1$1$1.invoke(Ljava/lang/Object;Ljava/lang/Object;Ljava/lang/Object;)Ljava/lang/Object;+13
j  org.gradle.kotlin.dsl.execution.ResidualProgramCompiler.compileScript-C5AE47M(Ljava/io/File;Ljava/lang/String;Lorg/jetbrains/kotlin/scripting/definitions/ScriptDefinition;Ljava/lang/String;Lorg/gradle/internal/classpath/ClassPath;)Ljava/lang/String;+23
j  org.gradle.kotlin.dsl.execution.ResidualProgramCompiler.compileStage1-EfyMToc(Lorg/gradle/kotlin/dsl/execution/ProgramSource;Lorg/jetbrains/kotlin/scripting/definitions/ScriptDefinition;Lorg/gradle/internal/classpath/ClassPath;)Ljava/lang/String;+85
j  org.gradle.kotlin.dsl.execution.ResidualProgramCompiler.emitStage1Sequence(Lorg/jetbrains/org/objectweb/asm/MethodVisitor;Ljava/util/List;)V+142
j  org.gradle.kotlin.dsl.execution.ResidualProgramCompiler.emitStage1Sequence(Lorg/jetbrains/org/objectweb/asm/MethodVisitor;[Lorg/gradle/kotlin/dsl/execution/Program$Stage1;)V+11
j  org.gradle.kotlin.dsl.execution.ResidualProgramCompiler.emit(Lorg/jetbrains/org/objectweb/asm/MethodVisitor;Lorg/gradle/kotlin/dsl/execution/ResidualProgram$Instruction;)V+256
j  org.gradle.kotlin.dsl.execution.ResidualProgramCompiler.emit(Lorg/jetbrains/org/objectweb/asm/MethodVisitor;Ljava/util/List;)V+49
j  org.gradle.kotlin.dsl.execution.ResidualProgramCompiler.access$emit(Lorg/gradle/kotlin/dsl/execution/ResidualProgramCompiler;Lorg/jetbrains/org/objectweb/asm/MethodVisitor;Ljava/util/List;)V+3
j  org.gradle.kotlin.dsl.execution.ResidualProgramCompiler$emitDynamicProgram$1$1.invoke(Lorg/jetbrains/org/objectweb/asm/MethodVisitor;)V+21
j  org.gradle.kotlin.dsl.execution.ResidualProgramCompiler$emitDynamicProgram$1$1.invoke(Ljava/lang/Object;)Ljava/lang/Object;+5
j  org.gradle.kotlin.dsl.execution.ResidualProgramCompiler$overrideExecute$1.invoke(Lorg/jetbrains/org/objectweb/asm/MethodVisitor;)V+11
j  org.gradle.kotlin.dsl.execution.ResidualProgramCompiler$overrideExecute$1.invoke(Ljava/lang/Object;)Ljava/lang/Object;+5
j  org.gradle.kotlin.dsl.support.bytecode.AsmExtensionsKt.method(Lorg/jetbrains/org/objectweb/asm/ClassVisitor;ILjava/lang/String;Ljava/lang/String;Ljava/lang/String;[Ljava/lang/String;Lkotlin/jvm/functions/Function1;Lkotlin/jvm/functions/Function1;)V+78
j  org.gradle.kotlin.dsl.support.bytecode.AsmExtensionsKt.publicMethod(Lorg/jetbrains/org/objectweb/asm/ClassVisitor;Ljava/lang/String;Ljava/lang/String;Ljava/lang/String;[Ljava/lang/String;Lkotlin/jvm/functions/Function1;Lkotlin/jvm/functions/Function1;)V+43
j  org.gradle.kotlin.dsl.support.bytecode.AsmExtensionsKt.publicMethod$default(Lorg/jetbrains/org/objectweb/asm/ClassVisitor;Ljava/lang/String;Ljava/lang/String;Ljava/lang/String;[Ljava/lang/String;Lkotlin/jvm/functions/Function1;Lkotlin/jvm/functions/Function1;ILjava/lang/Object;)V+46
j  org.gradle.kotlin.dsl.execution.ResidualProgramCompiler.overrideExecute(Lorg/jetbrains/org/objectweb/asm/ClassVisitor;Lkotlin/jvm/functions/Function1;)V+27
j  org.gradle.kotlin.dsl.execution.ResidualProgramCompiler.access$overrideExecute(Lorg/gradle/kotlin/dsl/execution/ResidualProgramCompiler;Lorg/jetbrains/org/objectweb/asm/ClassVisitor;Lkotlin/jvm/functions/Function1;)V+3
j  org.gradle.kotlin.dsl.execution.ResidualProgramCompiler$emitDynamicProgram$1.invoke(Lorg/jetbrains/org/objectweb/asm/ClassWriter;)V+32
j  org.gradle.kotlin.dsl.execution.ResidualProgramCompiler$emitDynamicProgram$1.invoke(Ljava/lang/Object;)Ljava/lang/Object;+5
j  org.gradle.kotlin.dsl.execution.ResidualProgramCompiler$program$3.invoke(Lorg/jetbrains/org/objectweb/asm/ClassWriter;)V+19
j  org.gradle.kotlin.dsl.execution.ResidualProgramCompiler$program$3.invoke(Ljava/lang/Object;)Ljava/lang/Object;+5
j  org.gradle.kotlin.dsl.support.bytecode.AsmExtensionsKt.publicClass-7y5yvvE(Ljava/lang/String;Ljava/lang/String;Ljava/util/List;Lkotlin/jvm/functions/Function1;)[B+26
j  org.gradle.kotlin.dsl.execution.ResidualProgramCompiler.program-5oOsWEo(Ljava/lang/String;Lkotlin/jvm/functions/Function1;)V+24
j  org.gradle.kotlin.dsl.execution.ResidualProgramCompiler.access$program-5oOsWEo(Lorg/gradle/kotlin/dsl/execution/ResidualProgramCompiler;Ljava/lang/String;Lkotlin/jvm/functions/Function1;)V+3
j  org.gradle.kotlin.dsl.execution.ResidualProgramCompiler.emitDynamicProgram(Lorg/gradle/kotlin/dsl/execution/ResidualProgram$Dynamic;)V+28
j  org.gradle.kotlin.dsl.execution.ResidualProgramCompiler.compile(Lorg/gradle/kotlin/dsl/execution/ResidualProgram;)V+38
j  org.gradle.kotlin.dsl.execution.Interpreter$compile$1.invoke(Ljava/io/File;)V+251
j  org.gradle.kotlin.dsl.execution.Interpreter$compile$1.invoke(Ljava/lang/Object;)Ljava/lang/Object;+5
j  org.gradle.kotlin.dsl.provider.StandardKotlinScriptEvaluator$KotlinScriptCompilationAndInstrumentation.compile(Ljava/io/File;)Ljava/io/File;+32
j  org.gradle.internal.scripts.BuildScriptCompilationAndInstrumentation.execute(Lorg/gradle/internal/execution/UnitOfWork$ExecutionRequest;)Lorg/gradle/internal/execution/UnitOfWork$WorkOutput;+9
j  org.gradle.internal.execution.steps.ExecuteStep.executeInternal(Lorg/gradle/internal/execution/UnitOfWork;Lorg/gradle/internal/execution/steps/InputChangesContext;)Lorg/gradle/internal/execution/steps/Result;+16
j  org.gradle.internal.execution.steps.ExecuteStep.access$000(Lorg/gradle/internal/execution/UnitOfWork;Lorg/gradle/internal/execution/steps/InputChangesContext;)Lorg/gradle/internal/execution/steps/Result;+2
j  org.gradle.internal.execution.steps.ExecuteStep$1.call(Lorg/gradle/internal/operations/BuildOperationContext;)Lorg/gradle/internal/execution/steps/Result;+8
j  org.gradle.internal.execution.steps.ExecuteStep$1.call(Lorg/gradle/internal/operations/BuildOperationContext;)Ljava/lang/Object;+2
j  org.gradle.internal.operations.DefaultBuildOperationRunner$CallableBuildOperationWorker.execute(Lorg/gradle/internal/operations/CallableBuildOperation;Lorg/gradle/internal/operations/BuildOperationContext;)V+3
j  org.gradle.internal.operations.DefaultBuildOperationRunner$CallableBuildOperationWorker.execute(Lorg/gradle/internal/operations/BuildOperation;Lorg/gradle/internal/operations/BuildOperationContext;)V+6
j  org.gradle.internal.operations.DefaultBuildOperationRunner$2.execute(Lorg/gradle/internal/operations/BuildOperationDescriptor;Lorg/gradle/internal/operations/BuildOperationState;Lorg/gradle/internal/operations/BuildOperationState;Lorg/gradle/internal/operations/DefaultBuildOperationRunner$ReadableBuildOperationContext;Lorg/gradle/internal/operations/DefaultBuildOperationRunner$BuildOperationExecutionListener;)Lorg/gradle/internal/operations/BuildOperation;+22
j  org.gradle.internal.operations.DefaultBuildOperationRunner$2.execute(Lorg/gradle/internal/operations/BuildOperationDescriptor;Lorg/gradle/internal/operations/BuildOperationState;Lorg/gradle/internal/operations/BuildOperationState;Lorg/gradle/internal/operations/DefaultBuildOperationRunner$ReadableBuildOperationContext;Lorg/gradle/internal/operations/DefaultBuildOperationRunner$BuildOperationExecutionListener;)Ljava/lang/Object;+8
j  org.gradle.internal.operations.DefaultBuildOperationRunner.execute(Lorg/gradle/internal/operations/BuildOperationDescriptor$Builder;Lorg/gradle/internal/operations/BuildOperationState;Lorg/gradle/internal/operations/DefaultBuildOperationRunner$BuildOperationExecution;)Ljava/lang/Object;+141
j  org.gradle.internal.operations.DefaultBuildOperationRunner.execute(Lorg/gradle/internal/operations/BuildOperation;Lorg/gradle/internal/operations/BuildOperationWorker;Lorg/gradle/internal/operations/BuildOperationState;)V+18
j  org.gradle.internal.operations.DefaultBuildOperationRunner.call(Lorg/gradle/internal/operations/CallableBuildOperation;)Ljava/lang/Object;+16
j  org.gradle.internal.execution.steps.ExecuteStep.execute(Lorg/gradle/internal/execution/UnitOfWork;Lorg/gradle/internal/execution/steps/ChangingOutputsContext;)Lorg/gradle/internal/execution/steps/Result;+28
j  org.gradle.internal.execution.steps.ExecuteStep.execute(Lorg/gradle/internal/execution/UnitOfWork;Lorg/gradle/internal/execution/steps/Context;)Lorg/gradle/internal/execution/steps/Result;+6
j  org.gradle.internal.execution.steps.CancelExecutionStep.execute(Lorg/gradle/internal/execution/UnitOfWork;Lorg/gradle/internal/execution/steps/Context;)Lorg/gradle/internal/execution/steps/Result;+35
j  org.gradle.internal.execution.steps.TimeoutStep.executeWithoutTimeout(Lorg/gradle/internal/execution/UnitOfWork;Lorg/gradle/internal/execution/steps/Context;)Lorg/gradle/internal/execution/steps/Result;+6
j  org.gradle.internal.execution.steps.TimeoutStep.execute(Lorg/gradle/internal/execution/UnitOfWork;Lorg/gradle/internal/execution/steps/Context;)Lorg/gradle/internal/execution/steps/Result;+92
j  org.gradle.internal.execution.steps.PreCreateOutputParentsStep.execute(Lorg/gradle/internal/execution/UnitOfWork;Lorg/gradle/internal/execution/steps/ChangingOutputsContext;)Lorg/gradle/internal/execution/steps/Result;+24
j  org.gradle.internal.execution.steps.PreCreateOutputParentsStep.execute(Lorg/gradle/internal/execution/UnitOfWork;Lorg/gradle/internal/execution/steps/Context;)Lorg/gradle/internal/execution/steps/Result;+6
j  org.gradle.internal.execution.steps.BroadcastChangingOutputsStep.execute(Lorg/gradle/internal/execution/UnitOfWork;Lorg/gradle/internal/execution/steps/InputChangesContext;)Lorg/gradle/internal/execution/steps/Result;+53
j  org.gradle.internal.execution.steps.BroadcastChangingOutputsStep.execute(Lorg/gradle/internal/execution/UnitOfWork;Lorg/gradle/internal/execution/steps/Context;)Lorg/gradle/internal/execution/steps/Result;+6
j  org.gradle.internal.execution.steps.NoInputChangesStep.execute(Lorg/gradle/internal/execution/UnitOfWork;Lorg/gradle/internal/execution/steps/ValidationFinishedContext;)Lorg/gradle/internal/execution/steps/Result;+23
j  org.gradle.internal.execution.steps.NoInputChangesStep.execute(Lorg/gradle/internal/execution/UnitOfWork;Lorg/gradle/internal/execution/steps/Context;)Lorg/gradle/internal/execution/steps/Result;+6
j  org.gradle.internal.execution.steps.CaptureOutputsAfterExecutionStep.execute(Lorg/gradle/internal/execution/UnitOfWork;Lorg/gradle/internal/execution/steps/WorkspaceContext;)Lorg/gradle/internal/execution/steps/AfterExecutionResult;+6
j  org.gradle.internal.execution.steps.CaptureOutputsAfterExecutionStep.execute(Lorg/gradle/internal/execution/UnitOfWork;Lorg/gradle/internal/execution/steps/Context;)Lorg/gradle/internal/execution/steps/Result;+6
j  org.gradle.internal.execution.steps.BuildCacheStep.executeWithoutCache(Lorg/gradle/internal/execution/UnitOfWork;Lorg/gradle/internal/execution/steps/WorkspaceContext;)Lorg/gradle/internal/execution/steps/AfterExecutionResult;+6
j  org.gradle.internal.execution.steps.BuildCacheStep.lambda$execute$1(Lorg/gradle/internal/execution/UnitOfWork;Lorg/gradle/internal/execution/steps/WorkspaceContext;Lorg/gradle/internal/execution/caching/CachingState$Disabled;)Lorg/gradle/internal/execution/steps/AfterExecutionResult;+3
j  org.gradle.internal.execution.steps.BuildCacheStep$$Lambda$518+0x0000000123495e40.apply(Ljava/lang/Object;)Ljava/lang/Object;+16
j  org.gradle.internal.Either$Right.fold(Ljava/util/function/Function;Ljava/util/function/Function;)Ljava/lang/Object;+5
j  org.gradle.internal.execution.caching.CachingState.fold(Ljava/util/function/Function;Ljava/util/function/Function;)Ljava/lang/Object;+6
j  org.gradle.internal.execution.steps.BuildCacheStep.execute(Lorg/gradle/internal/execution/UnitOfWork;Lorg/gradle/internal/execution/steps/WorkspaceContext;)Lorg/gradle/internal/execution/steps/AfterExecutionResult;+25
j  org.gradle.internal.execution.steps.BuildCacheStep.execute(Lorg/gradle/internal/execution/UnitOfWork;Lorg/gradle/internal/execution/steps/Context;)Lorg/gradle/internal/execution/steps/Result;+6
j  org.gradle.internal.execution.steps.NeverUpToDateStep.execute(Lorg/gradle/internal/execution/UnitOfWork;Lorg/gradle/internal/execution/steps/NonIncrementalCachingContext;)Lorg/gradle/internal/execution/steps/UpToDateResult;+6
j  org.gradle.internal.execution.steps.NeverUpToDateStep.execute(Lorg/gradle/internal/execution/UnitOfWork;Lorg/gradle/internal/execution/steps/Context;)Lorg/gradle/internal/execution/steps/Result;+6
j  org.gradle.internal.execution.steps.legacy.MarkSnapshottingInputsFinishedStep.execute(Lorg/gradle/internal/execution/UnitOfWork;Lorg/gradle/internal/execution/steps/CachingContext;)Lorg/gradle/internal/execution/steps/Result;+18
j  org.gradle.internal.execution.steps.legacy.MarkSnapshottingInputsFinishedStep.execute(Lorg/gradle/internal/execution/UnitOfWork;Lorg/gradle/internal/execution/steps/Context;)Lorg/gradle/internal/execution/steps/Result;+6
...<more frames>...

Java frames: (J=compiled Java code, j=interpreted, Vv=VM code)
j  java.lang.NullPointerException.getExtendedNPEMessage()Ljava/lang/String;+0 java.base@17.0.16
j  java.lang.NullPointerException.getMessage()Ljava/lang/String;+23 java.base@17.0.16
j  kotlin.script.experimental.api.ErrorHandlingKt.asDiagnostics(Ljava/lang/Throwable;ILjava/lang/String;Ljava/lang/String;Lkotlin/script/experimental/api/SourceCode$Location;Lkotlin/script/experimental/api/ScriptDiagnostic$Severity;)Lkotlin/script/experimental/api/ScriptDiagnostic;+25
j  kotlin.script.experimental.api.ErrorHandlingKt.asDiagnostics$default(Ljava/lang/Throwable;ILjava/lang/String;Ljava/lang/String;Lkotlin/script/experimental/api/SourceCode$Location;Lkotlin/script/experimental/api/ScriptDiagnostic$Severity;ILjava/lang/Object;)Lkotlin/script/experimental/api/ScriptDiagnostic;+60
j  org.jetbrains.kotlin.scripting.compiler.plugin.impl.ScriptJvmCompilerFromEnvironment.compile(Lkotlin/script/experimental/api/SourceCode;Lkotlin/script/experimental/api/ScriptCompilationConfiguration;)Lkotlin/script/experimental/api/ResultWithDiagnostics;+87
j  kotlin.script.experimental.jvmhost.JvmScriptCompiler.invoke$suspendImpl(Lkotlin/script/experimental/jvmhost/JvmScriptCompiler;Lkotlin/script/experimental/api/SourceCode;Lkotlin/script/experimental/api/ScriptCompilationConfiguration;Lkotlin/coroutines/Continuation;)Ljava/lang/Object;+15
j  kotlin.script.experimental.jvmhost.JvmScriptCompiler.invoke(Lkotlin/script/experimental/api/SourceCode;Lkotlin/script/experimental/api/ScriptCompilationConfiguration;Lkotlin/coroutines/Continuation;)Ljava/lang/Object;+4
j  kotlin.script.experimental.host.BasicScriptingHost$eval$1.invokeSuspend(Ljava/lang/Object;)Ljava/lang/Object;+64
j  kotlin.script.experimental.host.BasicScriptingHost$eval$1.invoke(Lkotlin/coroutines/Continuation;)Ljava/lang/Object;+11
j  kotlin.script.experimental.host.BasicScriptingHost$eval$1.invoke(Ljava/lang/Object;)Ljava/lang/Object;+5
j  kotlin.script.experimental.host.BasicScriptingHost$runInCoroutineContext$1.invokeSuspend(Ljava/lang/Object;)Ljava/lang/Object;+46
j  kotlin.coroutines.jvm.internal.BaseContinuationImpl.resumeWith(Ljava/lang/Object;)V+44
j  kotlin.coroutines.ContinuationKt.startCoroutine(Lkotlin/jvm/functions/Function1;Lkotlin/coroutines/Continuation;)V+30
j  kotlin.script.experimental.impl.RunSuspendKt.internalScriptingRunSuspend(Lkotlin/jvm/functions/Function1;)Ljava/lang/Object;+19
j  kotlin.script.experimental.host.BasicScriptingHost.runInCoroutineContext(Lkotlin/jvm/functions/Function1;)Ljava/lang/Object;+18
j  kotlin.script.experimental.host.BasicScriptingHost.eval(Lkotlin/script/experimental/api/SourceCode;Lkotlin/script/experimental/api/ScriptCompilationConfiguration;Lkotlin/script/experimental/api/ScriptEvaluationConfiguration;)Lkotlin/script/experimental/api/ResultWithDiagnostics;+28
j  org.gradle.kotlin.dsl.support.KotlinCompilerKt.compileKotlinScriptModuleTo(Ljava/io/File;Lorg/gradle/kotlin/dsl/support/KotlinCompilerOptions;Ljava/lang/String;Ljava/util/Collection;Lorg/jetbrains/kotlin/scripting/definitions/ScriptDefinition;Ljava/lang/Iterable;Lorg/gradle/kotlin/dsl/support/LoggingMessageCollector;)V+938
j  org.gradle.kotlin.dsl.support.KotlinCompilerKt.compileKotlinScriptToDirectory(Ljava/io/File;Lorg/gradle/kotlin/dsl/support/KotlinCompilerOptions;Ljava/io/File;Lorg/jetbrains/kotlin/scripting/definitions/ScriptDefinition;Ljava/util/List;Lorg/slf4j/Logger;Lkotlin/jvm/functions/Function1;)Ljava/lang/String;+78
j  org.gradle.kotlin.dsl.execution.ResidualProgramCompiler$compileScript$1.invoke()Ljava/lang/String;+62
j  org.gradle.kotlin.dsl.execution.ResidualProgramCompiler$compileScript$1.invoke()Ljava/lang/Object;+1
j  org.gradle.kotlin.dsl.provider.StandardKotlinScriptEvaluator$InterpreterHost$runCompileBuildOperation$1.call(Lorg/gradle/internal/operations/BuildOperationContext;)Ljava/lang/String;+10
j  org.gradle.kotlin.dsl.provider.StandardKotlinScriptEvaluator$InterpreterHost$runCompileBuildOperation$1.call(Lorg/gradle/internal/operations/BuildOperationContext;)Ljava/lang/Object;+2
j  org.gradle.internal.operations.DefaultBuildOperationRunner$CallableBuildOperationWorker.execute(Lorg/gradle/internal/operations/CallableBuildOperation;Lorg/gradle/internal/operations/BuildOperationContext;)V+3
j  org.gradle.internal.operations.DefaultBuildOperationRunner$CallableBuildOperationWorker.execute(Lorg/gradle/internal/operations/BuildOperation;Lorg/gradle/internal/operations/BuildOperationContext;)V+6
j  org.gradle.internal.operations.DefaultBuildOperationRunner$2.execute(Lorg/gradle/internal/operations/BuildOperationDescriptor;Lorg/gradle/internal/operations/BuildOperationState;Lorg/gradle/internal/operations/BuildOperationState;Lorg/gradle/internal/operations/DefaultBuildOperationRunner$ReadableBuildOperationContext;Lorg/gradle/internal/operations/DefaultBuildOperationRunner$BuildOperationExecutionListener;)Lorg/gradle/internal/operations/BuildOperation;+22
j  org.gradle.internal.operations.DefaultBuildOperationRunner$2.execute(Lorg/gradle/internal/operations/BuildOperationDescriptor;Lorg/gradle/internal/operations/BuildOperationState;Lorg/gradle/internal/operations/BuildOperationState;Lorg/gradle/internal/operations/DefaultBuildOperationRunner$ReadableBuildOperationContext;Lorg/gradle/internal/operations/DefaultBuildOperationRunner$BuildOperationExecutionListener;)Ljava/lang/Object;+8
j  org.gradle.internal.operations.DefaultBuildOperationRunner.execute(Lorg/gradle/internal/operations/BuildOperationDescriptor$Builder;Lorg/gradle/internal/operations/BuildOperationState;Lorg/gradle/internal/operations/DefaultBuildOperationRunner$BuildOperationExecution;)Ljava/lang/Object;+141
j  org.gradle.internal.operations.DefaultBuildOperationRunner.execute(Lorg/gradle/internal/operations/BuildOperation;Lorg/gradle/internal/operations/BuildOperationWorker;Lorg/gradle/internal/operations/BuildOperationState;)V+18
j  org.gradle.internal.operations.DefaultBuildOperationRunner.call(Lorg/gradle/internal/operations/CallableBuildOperation;)Ljava/lang/Object;+16
j  org.gradle.kotlin.dsl.provider.StandardKotlinScriptEvaluator$InterpreterHost.runCompileBuildOperation(Ljava/lang/String;Ljava/lang/String;Lkotlin/jvm/functions/Function0;)Ljava/lang/String;+38
j  org.gradle.kotlin.dsl.execution.Interpreter$compile$1$1$1$1.invoke(Ljava/lang/String;Ljava/lang/String;Lkotlin/jvm/functions/Function0;)Ljava/lang/String;+28
j  org.gradle.kotlin.dsl.execution.Interpreter$compile$1$1$1$1.invoke(Ljava/lang/Object;Ljava/lang/Object;Ljava/lang/Object;)Ljava/lang/Object;+13
j  org.gradle.kotlin.dsl.execution.ResidualProgramCompiler.compileScript-C5AE47M(Ljava/io/File;Ljava/lang/String;Lorg/jetbrains/kotlin/scripting/definitions/ScriptDefinition;Ljava/lang/String;Lorg/gradle/internal/classpath/ClassPath;)Ljava/lang/String;+23
j  org.gradle.kotlin.dsl.execution.ResidualProgramCompiler.compileStage1-EfyMToc(Lorg/gradle/kotlin/dsl/execution/ProgramSource;Lorg/jetbrains/kotlin/scripting/definitions/ScriptDefinition;Lorg/gradle/internal/classpath/ClassPath;)Ljava/lang/String;+85
j  org.gradle.kotlin.dsl.execution.ResidualProgramCompiler.emitStage1Sequence(Lorg/jetbrains/org/objectweb/asm/MethodVisitor;Ljava/util/List;)V+142
j  org.gradle.kotlin.dsl.execution.ResidualProgramCompiler.emitStage1Sequence(Lorg/jetbrains/org/objectweb/asm/MethodVisitor;[Lorg/gradle/kotlin/dsl/execution/Program$Stage1;)V+11
j  org.gradle.kotlin.dsl.execution.ResidualProgramCompiler.emit(Lorg/jetbrains/org/objectweb/asm/MethodVisitor;Lorg/gradle/kotlin/dsl/execution/ResidualProgram$Instruction;)V+256
j  org.gradle.kotlin.dsl.execution.ResidualProgramCompiler.emit(Lorg/jetbrains/org/objectweb/asm/MethodVisitor;Ljava/util/List;)V+49
j  org.gradle.kotlin.dsl.execution.ResidualProgramCompiler.access$emit(Lorg/gradle/kotlin/dsl/execution/ResidualProgramCompiler;Lorg/jetbrains/org/objectweb/asm/MethodVisitor;Ljava/util/List;)V+3
j  org.gradle.kotlin.dsl.execution.ResidualProgramCompiler$emitDynamicProgram$1$1.invoke(Lorg/jetbrains/org/objectweb/asm/MethodVisitor;)V+21
j  org.gradle.kotlin.dsl.execution.ResidualProgramCompiler$emitDynamicProgram$1$1.invoke(Ljava/lang/Object;)Ljava/lang/Object;+5
j  org.gradle.kotlin.dsl.execution.ResidualProgramCompiler$overrideExecute$1.invoke(Lorg/jetbrains/org/objectweb/asm/MethodVisitor;)V+11
j  org.gradle.kotlin.dsl.execution.ResidualProgramCompiler$overrideExecute$1.invoke(Ljava/lang/Object;)Ljava/lang/Object;+5
j  org.gradle.kotlin.dsl.support.bytecode.AsmExtensionsKt.method(Lorg/jetbrains/org/objectweb/asm/ClassVisitor;ILjava/lang/String;Ljava/lang/String;Ljava/lang/String;[Ljava/lang/String;Lkotlin/jvm/functions/Function1;Lkotlin/jvm/functions/Function1;)V+78
j  org.gradle.kotlin.dsl.support.bytecode.AsmExtensionsKt.publicMethod(Lorg/jetbrains/org/objectweb/asm/ClassVisitor;Ljava/lang/String;Ljava/lang/String;Ljava/lang/String;[Ljava/lang/String;Lkotlin/jvm/functions/Function1;Lkotlin/jvm/functions/Function1;)V+43
j  org.gradle.kotlin.dsl.support.bytecode.AsmExtensionsKt.publicMethod$default(Lorg/jetbrains/org/objectweb/asm/ClassVisitor;Ljava/lang/String;Ljava/lang/String;Ljava/lang/String;[Ljava/lang/String;Lkotlin/jvm/functions/Function1;Lkotlin/jvm/functions/Function1;ILjava/lang/Object;)V+46
j  org.gradle.kotlin.dsl.execution.ResidualProgramCompiler.overrideExecute(Lorg/jetbrains/org/objectweb/asm/ClassVisitor;Lkotlin/jvm/functions/Function1;)V+27
j  org.gradle.kotlin.dsl.execution.ResidualProgramCompiler.access$overrideExecute(Lorg/gradle/kotlin/dsl/execution/ResidualProgramCompiler;Lorg/jetbrains/org/objectweb/asm/ClassVisitor;Lkotlin/jvm/functions/Function1;)V+3
j  org.gradle.kotlin.dsl.execution.ResidualProgramCompiler$emitDynamicProgram$1.invoke(Lorg/jetbrains/org/objectweb/asm/ClassWriter;)V+32
j  org.gradle.kotlin.dsl.execution.ResidualProgramCompiler$emitDynamicProgram$1.invoke(Ljava/lang/Object;)Ljava/lang/Object;+5
j  org.gradle.kotlin.dsl.execution.ResidualProgramCompiler$program$3.invoke(Lorg/jetbrains/org/objectweb/asm/ClassWriter;)V+19
j  org.gradle.kotlin.dsl.execution.ResidualProgramCompiler$program$3.invoke(Ljava/lang/Object;)Ljava/lang/Object;+5
j  org.gradle.kotlin.dsl.support.bytecode.AsmExtensionsKt.publicClass-7y5yvvE(Ljava/lang/String;Ljava/lang/String;Ljava/util/List;Lkotlin/jvm/functions/Function1;)[B+26
j  org.gradle.kotlin.dsl.execution.ResidualProgramCompiler.program-5oOsWEo(Ljava/lang/String;Lkotlin/jvm/functions/Function1;)V+24
j  org.gradle.kotlin.dsl.execution.ResidualProgramCompiler.access$program-5oOsWEo(Lorg/gradle/kotlin/dsl/execution/ResidualProgramCompiler;Ljava/lang/String;Lkotlin/jvm/functions/Function1;)V+3
j  org.gradle.kotlin.dsl.execution.ResidualProgramCompiler.emitDynamicProgram(Lorg/gradle/kotlin/dsl/execution/ResidualProgram$Dynamic;)V+28
j  org.gradle.kotlin.dsl.execution.ResidualProgramCompiler.compile(Lorg/gradle/kotlin/dsl/execution/ResidualProgram;)V+38
j  org.gradle.kotlin.dsl.execution.Interpreter$compile$1.invoke(Ljava/io/File;)V+251
j  org.gradle.kotlin.dsl.execution.Interpreter$compile$1.invoke(Ljava/lang/Object;)Ljava/lang/Object;+5
j  org.gradle.kotlin.dsl.provider.StandardKotlinScriptEvaluator$KotlinScriptCompilationAndInstrumentation.compile(Ljava/io/File;)Ljava/io/File;+32
j  org.gradle.internal.scripts.BuildScriptCompilationAndInstrumentation.execute(Lorg/gradle/internal/execution/UnitOfWork$ExecutionRequest;)Lorg/gradle/internal/execution/UnitOfWork$WorkOutput;+9
j  org.gradle.internal.execution.steps.ExecuteStep.executeInternal(Lorg/gradle/internal/execution/UnitOfWork;Lorg/gradle/internal/execution/steps/InputChangesContext;)Lorg/gradle/internal/execution/steps/Result;+16
j  org.gradle.internal.execution.steps.ExecuteStep.access$000(Lorg/gradle/internal/execution/UnitOfWork;Lorg/gradle/internal/execution/steps/InputChangesContext;)Lorg/gradle/internal/execution/steps/Result;+2
j  org.gradle.internal.execution.steps.ExecuteStep$1.call(Lorg/gradle/internal/operations/BuildOperationContext;)Lorg/gradle/internal/execution/steps/Result;+8
j  org.gradle.internal.execution.steps.ExecuteStep$1.call(Lorg/gradle/internal/operations/BuildOperationContext;)Ljava/lang/Object;+2
j  org.gradle.internal.operations.DefaultBuildOperationRunner$CallableBuildOperationWorker.execute(Lorg/gradle/internal/operations/CallableBuildOperation;Lorg/gradle/internal/operations/BuildOperationContext;)V+3
j  org.gradle.internal.operations.DefaultBuildOperationRunner$CallableBuildOperationWorker.execute(Lorg/gradle/internal/operations/BuildOperation;Lorg/gradle/internal/operations/BuildOperationContext;)V+6
j  org.gradle.internal.operations.DefaultBuildOperationRunner$2.execute(Lorg/gradle/internal/operations/BuildOperationDescriptor;Lorg/gradle/internal/operations/BuildOperationState;Lorg/gradle/internal/operations/BuildOperationState;Lorg/gradle/internal/operations/DefaultBuildOperationRunner$ReadableBuildOperationContext;Lorg/gradle/internal/operations/DefaultBuildOperationRunner$BuildOperationExecutionListener;)Lorg/gradle/internal/operations/BuildOperation;+22
j  org.gradle.internal.operations.DefaultBuildOperationRunner$2.execute(Lorg/gradle/internal/operations/BuildOperationDescriptor;Lorg/gradle/internal/operations/BuildOperationState;Lorg/gradle/internal/operations/BuildOperationState;Lorg/gradle/internal/operations/DefaultBuildOperationRunner$ReadableBuildOperationContext;Lorg/gradle/internal/operations/DefaultBuildOperationRunner$BuildOperationExecutionListener;)Ljava/lang/Object;+8
j  org.gradle.internal.operations.DefaultBuildOperationRunner.execute(Lorg/gradle/internal/operations/BuildOperationDescriptor$Builder;Lorg/gradle/internal/operations/BuildOperationState;Lorg/gradle/internal/operations/DefaultBuildOperationRunner$BuildOperationExecution;)Ljava/lang/Object;+141
j  org.gradle.internal.operations.DefaultBuildOperationRunner.execute(Lorg/gradle/internal/operations/BuildOperation;Lorg/gradle/internal/operations/BuildOperationWorker;Lorg/gradle/internal/operations/BuildOperationState;)V+18
j  org.gradle.internal.operations.DefaultBuildOperationRunner.call(Lorg/gradle/internal/operations/CallableBuildOperation;)Ljava/lang/Object;+16
j  org.gradle.internal.execution.steps.ExecuteStep.execute(Lorg/gradle/internal/execution/UnitOfWork;Lorg/gradle/internal/execution/steps/ChangingOutputsContext;)Lorg/gradle/internal/execution/steps/Result;+28
j  org.gradle.internal.execution.steps.ExecuteStep.execute(Lorg/gradle/internal/execution/UnitOfWork;Lorg/gradle/internal/execution/steps/Context;)Lorg/gradle/internal/execution/steps/Result;+6
j  org.gradle.internal.execution.steps.CancelExecutionStep.execute(Lorg/gradle/internal/execution/UnitOfWork;Lorg/gradle/internal/execution/steps/Context;)Lorg/gradle/internal/execution/steps/Result;+35
j  org.gradle.internal.execution.steps.TimeoutStep.executeWithoutTimeout(Lorg/gradle/internal/execution/UnitOfWork;Lorg/gradle/internal/execution/steps/Context;)Lorg/gradle/internal/execution/steps/Result;+6
j  org.gradle.internal.execution.steps.TimeoutStep.execute(Lorg/gradle/internal/execution/UnitOfWork;Lorg/gradle/internal/execution/steps/Context;)Lorg/gradle/internal/execution/steps/Result;+92
j  org.gradle.internal.execution.steps.PreCreateOutputParentsStep.execute(Lorg/gradle/internal/execution/UnitOfWork;Lorg/gradle/internal/execution/steps/ChangingOutputsContext;)Lorg/gradle/internal/execution/steps/Result;+24
j  org.gradle.internal.execution.steps.PreCreateOutputParentsStep.execute(Lorg/gradle/internal/execution/UnitOfWork;Lorg/gradle/internal/execution/steps/Context;)Lorg/gradle/internal/execution/steps/Result;+6
j  org.gradle.internal.execution.steps.BroadcastChangingOutputsStep.execute(Lorg/gradle/internal/execution/UnitOfWork;Lorg/gradle/internal/execution/steps/InputChangesContext;)Lorg/gradle/internal/execution/steps/Result;+53
j  org.gradle.internal.execution.steps.BroadcastChangingOutputsStep.execute(Lorg/gradle/internal/execution/UnitOfWork;Lorg/gradle/internal/execution/steps/Context;)Lorg/gradle/internal/execution/steps/Result;+6
j  org.gradle.internal.execution.steps.NoInputChangesStep.execute(Lorg/gradle/internal/execution/UnitOfWork;Lorg/gradle/internal/execution/steps/ValidationFinishedContext;)Lorg/gradle/internal/execution/steps/Result;+23
j  org.gradle.internal.execution.steps.NoInputChangesStep.execute(Lorg/gradle/internal/execution/UnitOfWork;Lorg/gradle/internal/execution/steps/Context;)Lorg/gradle/internal/execution/steps/Result;+6
j  org.gradle.internal.execution.steps.CaptureOutputsAfterExecutionStep.execute(Lorg/gradle/internal/execution/UnitOfWork;Lorg/gradle/internal/execution/steps/WorkspaceContext;)Lorg/gradle/internal/execution/steps/AfterExecutionResult;+6
j  org.gradle.internal.execution.steps.CaptureOutputsAfterExecutionStep.execute(Lorg/gradle/internal/execution/UnitOfWork;Lorg/gradle/internal/execution/steps/Context;)Lorg/gradle/internal/execution/steps/Result;+6
j  org.gradle.internal.execution.steps.BuildCacheStep.executeWithoutCache(Lorg/gradle/internal/execution/UnitOfWork;Lorg/gradle/internal/execution/steps/WorkspaceContext;)Lorg/gradle/internal/execution/steps/AfterExecutionResult;+6
j  org.gradle.internal.execution.steps.BuildCacheStep.lambda$execute$1(Lorg/gradle/internal/execution/UnitOfWork;Lorg/gradle/internal/execution/steps/WorkspaceContext;Lorg/gradle/internal/execution/caching/CachingState$Disabled;)Lorg/gradle/internal/execution/steps/AfterExecutionResult;+3
j  org.gradle.internal.execution.steps.BuildCacheStep$$Lambda$518+0x0000000123495e40.apply(Ljava/lang/Object;)Ljava/lang/Object;+16
j  org.gradle.internal.Either$Right.fold(Ljava/util/function/Function;Ljava/util/function/Function;)Ljava/lang/Object;+5
j  org.gradle.internal.execution.caching.CachingState.fold(Ljava/util/function/Function;Ljava/util/function/Function;)Ljava/lang/Object;+6
j  org.gradle.internal.execution.steps.BuildCacheStep.execute(Lorg/gradle/internal/execution/UnitOfWork;Lorg/gradle/internal/execution/steps/WorkspaceContext;)Lorg/gradle/internal/execution/steps/AfterExecutionResult;+25
j  org.gradle.internal.execution.steps.BuildCacheStep.execute(Lorg/gradle/internal/execution/UnitOfWork;Lorg/gradle/internal/execution/steps/Context;)Lorg/gradle/internal/execution/steps/Result;+6
j  org.gradle.internal.execution.steps.NeverUpToDateStep.execute(Lorg/gradle/internal/execution/UnitOfWork;Lorg/gradle/internal/execution/steps/NonIncrementalCachingContext;)Lorg/gradle/internal/execution/steps/UpToDateResult;+6
j  org.gradle.internal.execution.steps.NeverUpToDateStep.execute(Lorg/gradle/internal/execution/UnitOfWork;Lorg/gradle/internal/execution/steps/Context;)Lorg/gradle/internal/execution/steps/Result;+6
j  org.gradle.internal.execution.steps.legacy.MarkSnapshottingInputsFinishedStep.execute(Lorg/gradle/internal/execution/UnitOfWork;Lorg/gradle/internal/execution/steps/CachingContext;)Lorg/gradle/internal/execution/steps/Result;+18
j  org.gradle.internal.execution.steps.legacy.MarkSnapshottingInputsFinishedStep.execute(Lorg/gradle/internal/execution/UnitOfWork;Lorg/gradle/internal/execution/steps/Context;)Lorg/gradle/internal/execution/steps/Result;+6
j  org.gradle.internal.execution.steps.ResolveNonIncrementalCachingStateStep.executeDelegate(Lorg/gradle/internal/execution/UnitOfWork;Lorg/gradle/internal/execution/steps/ValidationFinishedContext;Lorg/gradle/internal/execution/caching/CachingState;)Lorg/gradle/internal/execution/steps/UpToDateResult;+14
j  org.gradle.internal.execution.steps.AbstractResolveCachingStateStep.execute(Lorg/gradle/internal/execution/UnitOfWork;Lorg/gradle/internal/execution/steps/ValidationFinishedContext;)Lorg/gradle/internal/execution/steps/CachingResult;+51
j  org.gradle.internal.execution.steps.AbstractResolveCachingStateStep.execute(Lorg/gradle/internal/execution/UnitOfWork;Lorg/gradle/internal/execution/steps/Context;)Lorg/gradle/internal/execution/steps/Result;+6
j  org.gradle.internal.execution.steps.ValidateStep.execute(Lorg/gradle/internal/execution/UnitOfWork;Lorg/gradle/internal/execution/steps/BeforeExecutionContext;)Lorg/gradle/internal/execution/steps/Result;+255
j  org.gradle.internal.execution.steps.ValidateStep.execute(Lorg/gradle/internal/execution/UnitOfWork;Lorg/gradle/internal/execution/steps/Context;)Lorg/gradle/internal/execution/steps/Result;+6
j  org.gradle.internal.execution.steps.AbstractCaptureStateBeforeExecutionStep.execute(Lorg/gradle/internal/execution/UnitOfWork;Lorg/gradle/internal/execution/steps/PreviousExecutionContext;)Lorg/gradle/internal/execution/steps/CachingResult;+32
j  org.gradle.internal.execution.steps.AbstractCaptureStateBeforeExecutionStep.execute(Lorg/gradle/internal/execution/UnitOfWork;Lorg/gradle/internal/execution/steps/Context;)Lorg/gradle/internal/execution/steps/Result;+6
j  org.gradle.internal.execution.steps.legacy.MarkSnapshottingInputsStartedStep.execute(Lorg/gradle/internal/execution/UnitOfWork;Lorg/gradle/internal/execution/steps/Context;)Lorg/gradle/internal/execution/steps/Result;+12
j  org.gradle.internal.execution.steps.AssignImmutableWorkspaceStep.lambda$executeInTemporaryWorkspace$3(Lorg/gradle/internal/execution/steps/IdentityContext;Lorg/gradle/internal/execution/UnitOfWork;Lorg/gradle/internal/execution/workspace/ImmutableWorkspaceProvider$ImmutableWorkspace;Ljava/io/File;)Lorg/gradle/internal/execution/steps/WorkspaceResult;+50
j  org.gradle.internal.execution.steps.AssignImmutableWorkspaceStep$$Lambda$481+0x0000000123489a80.executeInTemporaryWorkspace(Ljava/io/File;)Ljava/lang/Object;+17
j  org.gradle.internal.execution.workspace.impl.CacheBasedImmutableWorkspaceProvider$1.withTemporaryWorkspace(Lorg/gradle/internal/execution/workspace/ImmutableWorkspaceProvider$ImmutableWorkspace$TemporaryWorkspaceAction;)Ljava/lang/Object;+47
j  org.gradle.internal.execution.steps.AssignImmutableWorkspaceStep.executeInTemporaryWorkspace(Lorg/gradle/internal/execution/UnitOfWork;Lorg/gradle/internal/execution/steps/IdentityContext;Lorg/gradle/internal/execution/workspace/ImmutableWorkspaceProvider$ImmutableWorkspace;)Lorg/gradle/internal/execution/steps/WorkspaceResult;+10
j  org.gradle.internal.execution.steps.AssignImmutableWorkspaceStep.lambda$execute$0(Lorg/gradle/internal/execution/UnitOfWork;Lorg/gradle/internal/execution/steps/IdentityContext;Lorg/gradle/internal/execution/workspace/ImmutableWorkspaceProvider$ImmutableWorkspace;)Lorg/gradle/internal/execution/steps/WorkspaceResult;+4
j  org.gradle.internal.execution.steps.AssignImmutableWorkspaceStep$$Lambda$480+0x0000000123489648.get()Ljava/lang/Object;+16
J 4140 c1 java.util.Optional.orElseGet(Ljava/util/function/Supplier;)Ljava/lang/Object; java.base@17.0.16 (21 bytes) @ 0x0000000110a8e234 [0x0000000110a8e1c0+0x0000000000000074]
j  org.gradle.internal.execution.steps.AssignImmutableWorkspaceStep.execute(Lorg/gradle/internal/execution/UnitOfWork;Lorg/gradle/internal/execution/steps/IdentityContext;)Lorg/gradle/internal/execution/steps/WorkspaceResult;+48
j  org.gradle.internal.execution.steps.AssignImmutableWorkspaceStep.execute(Lorg/gradle/internal/execution/UnitOfWork;Lorg/gradle/internal/execution/steps/Context;)Lorg/gradle/internal/execution/steps/Result;+6
j  org.gradle.internal.execution.steps.ChoosePipelineStep.execute(Lorg/gradle/internal/execution/UnitOfWork;Lorg/gradle/internal/execution/steps/IdentityContext;)Lorg/gradle/internal/execution/steps/Result;+13
j  org.gradle.internal.execution.steps.ChoosePipelineStep.execute(Lorg/gradle/internal/execution/UnitOfWork;Lorg/gradle/internal/execution/steps/Context;)Lorg/gradle/internal/execution/steps/Result;+6
j  org.gradle.internal.execution.steps.ExecuteWorkBuildOperationFiringStep.lambda$execute$2(Lorg/gradle/internal/execution/UnitOfWork;Lorg/gradle/internal/execution/steps/IdentityContext;)Lorg/gradle/internal/execution/steps/CachingResult;+6
j  org.gradle.internal.execution.steps.ExecuteWorkBuildOperationFiringStep$$Lambda$449+0x0000000123438250.get()Ljava/lang/Object;+12
J 4140 c1 java.util.Optional.orElseGet(Ljava/util/function/Supplier;)Ljava/lang/Object; java.base@17.0.16 (21 bytes) @ 0x0000000110a8e234 [0x0000000110a8e1c0+0x0000000000000074]
j  org.gradle.internal.execution.steps.ExecuteWorkBuildOperationFiringStep.execute(Lorg/gradle/internal/execution/UnitOfWork;Lorg/gradle/internal/execution/steps/IdentityContext;)Lorg/gradle/internal/execution/steps/CachingResult;+25
j  org.gradle.internal.execution.steps.ExecuteWorkBuildOperationFiringStep.execute(Lorg/gradle/internal/execution/UnitOfWork;Lorg/gradle/internal/execution/steps/Context;)Lorg/gradle/internal/execution/steps/Result;+6
j  org.gradle.internal.execution.steps.IdentityCacheStep.execute(Lorg/gradle/internal/execution/UnitOfWork;Lorg/gradle/internal/execution/steps/IdentityContext;)Lorg/gradle/internal/execution/steps/WorkspaceResult;+6
j  org.gradle.internal.execution.steps.IdentityCacheStep.execute(Lorg/gradle/internal/execution/UnitOfWork;Lorg/gradle/internal/execution/steps/Context;)Lorg/gradle/internal/execution/steps/Result;+6
j  org.gradle.internal.execution.steps.IdentifyStep.execute(Lorg/gradle/internal/execution/UnitOfWork;Lorg/gradle/internal/execution/steps/ExecutionRequestContext;)Lorg/gradle/internal/execution/steps/Result;+11
j  org.gradle.internal.execution.steps.IdentifyStep.execute(Lorg/gradle/internal/execution/UnitOfWork;Lorg/gradle/internal/execution/steps/Context;)Lorg/gradle/internal/execution/steps/Result;+6
j  org.gradle.internal.execution.impl.DefaultExecutionEngine$1.execute()Lorg/gradle/internal/execution/ExecutionEngine$Result;+15
j  org.gradle.kotlin.dsl.provider.StandardKotlinScriptEvaluator$InterpreterHost.cachedDirFor(Lorg/gradle/kotlin/dsl/support/KotlinScriptHost;Lorg/gradle/kotlin/dsl/execution/ProgramId;Lorg/gradle/internal/classpath/ClassPath;Lorg/gradle/internal/classpath/ClassPath;Lkotlin/jvm/functions/Function1;)Ljava/io/File;+131
j  org.gradle.kotlin.dsl.execution.Interpreter.compile(Lorg/gradle/kotlin/dsl/support/KotlinScriptHost;Lorg/gradle/kotlin/dsl/execution/ProgramId;Ljava/lang/String;Lorg/gradle/groovy/scripts/ScriptSource;Lorg/gradle/kotlin/dsl/execution/ProgramKind;Lorg/gradle/kotlin/dsl/execution/ProgramTarget;Lorg/gradle/internal/classpath/ClassPath;Lorg/gradle/internal/classpath/ClassPath;Lorg/gradle/api/internal/file/temp/TemporaryFileProvider;)Ljava/io/File;+43
j  org.gradle.kotlin.dsl.execution.Interpreter.emitSpecializedProgramFor(Lorg/gradle/kotlin/dsl/support/KotlinScriptHost;Lorg/gradle/groovy/scripts/ScriptSource;Lorg/gradle/kotlin/dsl/execution/ProgramId;Lorg/gradle/api/internal/initialization/ClassLoaderScope;Lorg/gradle/api/internal/initialization/ClassLoaderScope;Lorg/gradle/kotlin/dsl/execution/ProgramKind;Lorg/gradle/kotlin/dsl/execution/ProgramTarget;)Lorg/gradle/kotlin/dsl/execution/CompiledScript;+85
j  org.gradle.kotlin.dsl.execution.Interpreter.eval(Ljava/lang/Object;Lorg/gradle/groovy/scripts/ScriptSource;Lorg/gradle/internal/hash/HashCode;Lorg/gradle/api/initialization/dsl/ScriptHandler;Lorg/gradle/api/internal/initialization/ClassLoaderScope;Lorg/gradle/api/internal/initialization/ClassLoaderScope;ZLjava/util/EnumSet;)V+189
j  org.gradle.kotlin.dsl.provider.StandardKotlinScriptEvaluator.evaluate(Ljava/lang/Object;Lorg/gradle/groovy/scripts/ScriptSource;Lorg/gradle/api/initialization/dsl/ScriptHandler;Lorg/gradle/api/internal/initialization/ClassLoaderScope;Lorg/gradle/api/internal/initialization/ClassLoaderScope;ZLjava/util/EnumSet;)V+163
j  org.gradle.kotlin.dsl.provider.KotlinScriptPluginFactory$create$1.invoke(Ljava/lang/Object;)V+72
j  org.gradle.kotlin.dsl.provider.KotlinScriptPluginFactory$create$1.invoke(Ljava/lang/Object;)Ljava/lang/Object;+2
j  org.gradle.kotlin.dsl.provider.KotlinScriptPlugin.apply(Ljava/lang/Object;)V+22
j  org.gradle.configuration.BuildOperationScriptPlugin$1.run(Lorg/gradle/internal/operations/BuildOperationContext;)V+11
j  org.gradle.internal.operations.DefaultBuildOperationRunner$1.execute(Lorg/gradle/internal/operations/RunnableBuildOperation;Lorg/gradle/internal/operations/BuildOperationContext;)V+2
j  org.gradle.internal.operations.DefaultBuildOperationRunner$1.execute(Lorg/gradle/internal/operations/BuildOperation;Lorg/gradle/internal/operations/BuildOperationContext;)V+6
j  org.gradle.internal.operations.DefaultBuildOperationRunner$2.execute(Lorg/gradle/internal/operations/BuildOperationDescriptor;Lorg/gradle/internal/operations/BuildOperationState;Lorg/gradle/internal/operations/BuildOperationState;Lorg/gradle/internal/operations/DefaultBuildOperationRunner$ReadableBuildOperationContext;Lorg/gradle/internal/operations/DefaultBuildOperationRunner$BuildOperationExecutionListener;)Lorg/gradle/internal/operations/BuildOperation;+22
j  org.gradle.internal.operations.DefaultBuildOperationRunner$2.execute(Lorg/gradle/internal/operations/BuildOperationDescriptor;Lorg/gradle/internal/operations/BuildOperationState;Lorg/gradle/internal/operations/BuildOperationState;Lorg/gradle/internal/operations/DefaultBuildOperationRunner$ReadableBuildOperationContext;Lorg/gradle/internal/operations/DefaultBuildOperationRunner$BuildOperationExecutionListener;)Ljava/lang/Object;+8
j  org.gradle.internal.operations.DefaultBuildOperationRunner.execute(Lorg/gradle/internal/operations/BuildOperationDescriptor$Builder;Lorg/gradle/internal/operations/BuildOperationState;Lorg/gradle/internal/operations/DefaultBuildOperationRunner$BuildOperationExecution;)Ljava/lang/Object;+141
j  org.gradle.internal.operations.DefaultBuildOperationRunner.execute(Lorg/gradle/internal/operations/BuildOperation;Lorg/gradle/internal/operations/BuildOperationWorker;Lorg/gradle/internal/operations/BuildOperationState;)V+18
j  org.gradle.internal.operations.DefaultBuildOperationRunner.run(Lorg/gradle/internal/operations/RunnableBuildOperation;)V+9
j  org.gradle.configuration.BuildOperationScriptPlugin.lambda$apply$0(Ljava/lang/Object;Lorg/gradle/internal/code/UserCodeApplicationId;)V+14
j  org.gradle.configuration.BuildOperationScriptPlugin$$Lambda$436+0x000000012342c210.execute(Ljava/lang/Object;)V+12
j  org.gradle.internal.code.DefaultUserCodeApplicationContext.apply(Lorg/gradle/internal/code/UserCodeSource;Lorg/gradle/api/Action;)V+37
j  org.gradle.configuration.BuildOperationScriptPlugin.apply(Ljava/lang/Object;)V+71
j  org.gradle.initialization.ScriptEvaluatingSettingsProcessor.applySettingsScript(Lorg/gradle/groovy/scripts/TextResourceScriptSource;Lorg/gradle/api/internal/SettingsInternal;)V+32
j  org.gradle.initialization.ScriptEvaluatingSettingsProcessor.process(Lorg/gradle/api/internal/GradleInternal;Lorg/gradle/initialization/SettingsLocation;Lorg/gradle/api/internal/initialization/ClassLoaderScope;Lorg/gradle/StartParameter;)Lorg/gradle/initialization/SettingsState;+90
j  org.gradle.initialization.SettingsEvaluatedCallbackFiringSettingsProcessor.process(Lorg/gradle/api/internal/GradleInternal;Lorg/gradle/initialization/SettingsLocation;Lorg/gradle/api/internal/initialization/ClassLoaderScope;Lorg/gradle/StartParameter;)Lorg/gradle/initialization/SettingsState;+9
j  org.gradle.initialization.RootBuildCacheControllerSettingsProcessor.process(Lorg/gradle/api/internal/GradleInternal;Lorg/gradle/initialization/SettingsLocation;Lorg/gradle/api/internal/initialization/ClassLoaderScope;Lorg/gradle/StartParameter;)Lorg/gradle/initialization/SettingsState;+9
j  org.gradle.initialization.BuildOperationSettingsProcessor$2.call(Lorg/gradle/internal/operations/BuildOperationContext;)Lorg/gradle/initialization/SettingsState;+23
j  org.gradle.initialization.BuildOperationSettingsProcessor$2.call(Lorg/gradle/internal/operations/BuildOperationContext;)Ljava/lang/Object;+2
j  org.gradle.internal.operations.DefaultBuildOperationRunner$CallableBuildOperationWorker.execute(Lorg/gradle/internal/operations/CallableBuildOperation;Lorg/gradle/internal/operations/BuildOperationContext;)V+3
j  org.gradle.internal.operations.DefaultBuildOperationRunner$CallableBuildOperationWorker.execute(Lorg/gradle/internal/operations/BuildOperation;Lorg/gradle/internal/operations/BuildOperationContext;)V+6
j  org.gradle.internal.operations.DefaultBuildOperationRunner$2.execute(Lorg/gradle/internal/operations/BuildOperationDescriptor;Lorg/gradle/internal/operations/BuildOperationState;Lorg/gradle/internal/operations/BuildOperationState;Lorg/gradle/internal/operations/DefaultBuildOperationRunner$ReadableBuildOperationContext;Lorg/gradle/internal/operations/DefaultBuildOperationRunner$BuildOperationExecutionListener;)Lorg/gradle/internal/operations/BuildOperation;+22
j  org.gradle.internal.operations.DefaultBuildOperationRunner$2.execute(Lorg/gradle/internal/operations/BuildOperationDescriptor;Lorg/gradle/internal/operations/BuildOperationState;Lorg/gradle/internal/operations/BuildOperationState;Lorg/gradle/internal/operations/DefaultBuildOperationRunner$ReadableBuildOperationContext;Lorg/gradle/internal/operations/DefaultBuildOperationRunner$BuildOperationExecutionListener;)Ljava/lang/Object;+8
j  org.gradle.internal.operations.DefaultBuildOperationRunner.execute(Lorg/gradle/internal/operations/BuildOperationDescriptor$Builder;Lorg/gradle/internal/operations/BuildOperationState;Lorg/gradle/internal/operations/DefaultBuildOperationRunner$BuildOperationExecution;)Ljava/lang/Object;+141
j  org.gradle.internal.operations.DefaultBuildOperationRunner.execute(Lorg/gradle/internal/operations/BuildOperation;Lorg/gradle/internal/operations/BuildOperationWorker;Lorg/gradle/internal/operations/BuildOperationState;)V+18
j  org.gradle.internal.operations.DefaultBuildOperationRunner.call(Lorg/gradle/internal/operations/CallableBuildOperation;)Ljava/lang/Object;+16
j  org.gradle.initialization.BuildOperationSettingsProcessor.process(Lorg/gradle/api/internal/GradleInternal;Lorg/gradle/initialization/SettingsLocation;Lorg/gradle/api/internal/initialization/ClassLoaderScope;Lorg/gradle/StartParameter;)Lorg/gradle/initialization/SettingsState;+17
j  org.gradle.initialization.DefaultSettingsLoader.findSettingsAndLoadIfAppropriate(Lorg/gradle/api/internal/GradleInternal;Lorg/gradle/StartParameter;Lorg/gradle/initialization/SettingsLocation;Lorg/gradle/api/internal/initialization/ClassLoaderScope;)Lorg/gradle/initialization/SettingsState;+9
j  org.gradle.initialization.DefaultSettingsLoader.findAndLoadSettings(Lorg/gradle/api/internal/GradleInternal;)Lorg/gradle/initialization/SettingsState;+103
j  org.gradle.initialization.SettingsAttachingSettingsLoader.findAndLoadSettings(Lorg/gradle/api/internal/GradleInternal;)Lorg/gradle/initialization/SettingsState;+5
j  org.gradle.internal.composite.ChildBuildRegisteringSettingsLoader.findAndLoadSettings(Lorg/gradle/api/internal/GradleInternal;)Lorg/gradle/initialization/SettingsState;+5
j  org.gradle.initialization.InitScriptHandlingSettingsLoader.findAndLoadSettings(Lorg/gradle/api/internal/GradleInternal;)Lorg/gradle/initialization/SettingsState;+13
j  org.gradle.initialization.GradlePropertiesHandlingSettingsLoader.findAndLoadSettings(Lorg/gradle/api/internal/GradleInternal;)Lorg/gradle/initialization/SettingsState;+40
j  org.gradle.initialization.DefaultSettingsPreparer.prepareSettings(Lorg/gradle/api/internal/GradleInternal;)V+33
j  org.gradle.initialization.BuildOperationFiringSettingsPreparer$LoadBuild.doLoadBuild()V+11
j  org.gradle.initialization.BuildOperationFiringSettingsPreparer$LoadBuild.run(Lorg/gradle/internal/operations/BuildOperationContext;)V+1
j  org.gradle.internal.operations.DefaultBuildOperationRunner$1.execute(Lorg/gradle/internal/operations/RunnableBuildOperation;Lorg/gradle/internal/operations/BuildOperationContext;)V+2
j  org.gradle.internal.operations.DefaultBuildOperationRunner$1.execute(Lorg/gradle/internal/operations/BuildOperation;Lorg/gradle/internal/operations/BuildOperationContext;)V+6
j  org.gradle.internal.operations.DefaultBuildOperationRunner$2.execute(Lorg/gradle/internal/operations/BuildOperationDescriptor;Lorg/gradle/internal/operations/BuildOperationState;Lorg/gradle/internal/operations/BuildOperationState;Lorg/gradle/internal/operations/DefaultBuildOperationRunner$ReadableBuildOperationContext;Lorg/gradle/internal/operations/DefaultBuildOperationRunner$BuildOperationExecutionListener;)Lorg/gradle/internal/operations/BuildOperation;+22
j  org.gradle.internal.operations.DefaultBuildOperationRunner$2.execute(Lorg/gradle/internal/operations/BuildOperationDescriptor;Lorg/gradle/internal/operations/BuildOperationState;Lorg/gradle/internal/operations/BuildOperationState;Lorg/gradle/internal/operations/DefaultBuildOperationRunner$ReadableBuildOperationContext;Lorg/gradle/internal/operations/DefaultBuildOperationRunner$BuildOperationExecutionListener;)Ljava/lang/Object;+8
j  org.gradle.internal.operations.DefaultBuildOperationRunner.execute(Lorg/gradle/internal/operations/BuildOperationDescriptor$Builder;Lorg/gradle/internal/operations/BuildOperationState;Lorg/gradle/internal/operations/DefaultBuildOperationRunner$BuildOperationExecution;)Ljava/lang/Object;+141
j  org.gradle.internal.operations.DefaultBuildOperationRunner.execute(Lorg/gradle/internal/operations/BuildOperation;Lorg/gradle/internal/operations/BuildOperationWorker;Lorg/gradle/internal/operations/BuildOperationState;)V+18
j  org.gradle.internal.operations.DefaultBuildOperationRunner.run(Lorg/gradle/internal/operations/RunnableBuildOperation;)V+9
j  org.gradle.initialization.BuildOperationFiringSettingsPreparer.prepareSettings(Lorg/gradle/api/internal/GradleInternal;)V+31
j  org.gradle.initialization.VintageBuildModelController.lambda$prepareSettings$1()V+8
j  org.gradle.initialization.VintageBuildModelController$$Lambda$315+0x0000000123358460.run()V+4
j  org.gradle.internal.model.StateTransitionController.lambda$doTransition$14(Ljava/lang/Runnable;)Lorg/gradle/internal/build/ExecutionResult;+1
j  org.gradle.internal.model.StateTransitionController$$Lambda$314+0x0000000123358230.get()Ljava/lang/Object;+4
j  org.gradle.internal.model.StateTransitionController.doTransition(Lorg/gradle/internal/model/StateTransitionController$State;Lorg/gradle/internal/model/StateTransitionController$State;Ljava/util/function/Supplier;)Lorg/gradle/internal/build/ExecutionResult;+24
j  org.gradle.internal.model.StateTransitionController.doTransition(Lorg/gradle/internal/model/StateTransitionController$State;Lorg/gradle/internal/model/StateTransitionController$State;Ljava/lang/Runnable;)V+9
j  org.gradle.internal.model.StateTransitionController.lambda$transitionIfNotPreviously$11(Lorg/gradle/internal/model/StateTransitionController$State;Lorg/gradle/internal/model/StateTransitionController$State;Ljava/lang/Runnable;)V+16
j  org.gradle.internal.model.StateTransitionController$$Lambda$316+0x0000000123358690.run()V+16
j  org.gradle.internal.work.DefaultSynchronizer.withLock(Ljava/lang/Runnable;)V+6
j  org.gradle.internal.model.StateTransitionController.transitionIfNotPreviously(Lorg/gradle/internal/model/StateTransitionController$State;Lorg/gradle/internal/model/StateTransitionController$State;Ljava/lang/Runnable;)V+13
j  org.gradle.initialization.VintageBuildModelController.prepareSettings()V+16
j  org.gradle.initialization.VintageBuildModelController.getLoadedSettings()Lorg/gradle/api/internal/SettingsInternal;+1
j  org.gradle.internal.build.DefaultBuildLifecycleController$$Lambda$839+0x0000000123638f78.get()Ljava/lang/Object;+4
j  org.gradle.internal.model.StateTransitionController.lambda$notInState$3(Lorg/gradle/internal/model/StateTransitionController$State;Ljava/util/function/Supplier;)Ljava/lang/Object;+11
j  org.gradle.internal.model.StateTransitionController$$Lambda$840+0x00000001236391a8.create()Ljava/lang/Object;+12
j  org.gradle.internal.work.DefaultSynchronizer.withLock(Lorg/gradle/internal/Factory;)Ljava/lang/Object;+6
j  org.gradle.internal.model.StateTransitionController.notInState(Lorg/gradle/internal/model/StateTransitionController$State;Ljava/util/function/Supplier;)Ljava/lang/Object;+12
j  org.gradle.internal.build.DefaultBuildLifecycleController.loadSettings()V+21
j  org.gradle.internal.build.AbstractBuildState.ensureProjectsLoaded()V+4
j  org.gradle.internal.buildtree.BuildInclusionCoordinator.prepareForInclusion(Lorg/gradle/internal/build/IncludedBuildState;Z)V+14
j  org.gradle.internal.composite.DefaultBuildIncluder.lambda$getRegisteredPluginBuilds$0(Lorg/gradle/api/internal/BuildDefinition;)Lorg/gradle/internal/build/IncludedBuildState;+26
j  org.gradle.internal.composite.DefaultBuildIncluder$$Lambda$832+0x0000000123633438.apply(Ljava/lang/Object;)Ljava/lang/Object;+8
J 4445 c2 java.util.stream.ReferencePipeline$3$1.accept(Ljava/lang/Object;)V java.base@17.0.16 (23 bytes) @ 0x00000001180182f0 [0x00000001180182a0+0x0000000000000050]
j  java.util.ArrayList$ArrayListSpliterator.forEachRemaining(Ljava/util/function/Consumer;)V+95 java.base@17.0.16
J 9192 c1 java.util.stream.AbstractPipeline.copyInto(Ljava/util/stream/Sink;Ljava/util/Spliterator;)V java.base@17.0.16 (54 bytes) @ 0x0000000110f835e4 [0x0000000110f83500+0x00000000000000e4]
J 9191 c1 java.util.stream.AbstractPipeline.wrapAndCopyInto(Ljava/util/stream/Sink;Ljava/util/Spliterator;)Ljava/util/stream/Sink; java.base@17.0.16 (18 bytes) @ 0x0000000110f83044 [0x0000000110f82f60+0x00000000000000e4]
J 3324 c1 java.util.stream.ReduceOps$ReduceOp.evaluateSequential(Ljava/util/stream/PipelineHelper;Ljava/util/Spliterator;)Ljava/lang/Object; java.base@17.0.16 (18 bytes) @ 0x0000000110929ea4 [0x0000000110929ce0+0x00000000000001c4]
J 6329 c2 java.util.stream.AbstractPipeline.evaluate(Ljava/util/stream/TerminalOp;)Ljava/lang/Object; java.base@17.0.16 (94 bytes) @ 0x0000000118354a9c [0x00000001183549a0+0x00000000000000fc]
J 3466 c1 java.util.stream.ReferencePipeline.collect(Ljava/util/stream/Collector;)Ljava/lang/Object; java.base@17.0.16 (124 bytes) @ 0x000000011096c714 [0x000000011096c220+0x00000000000004f4]
j  org.gradle.internal.composite.DefaultBuildIncluder.getRegisteredPluginBuilds()Ljava/util/Collection;+23
j  org.gradle.composite.internal.plugins.CompositeBuildPluginResolverContributor$CompositeBuildPluginResolver.resolveFromIncludedPluginBuilds(Lorg/gradle/plugin/use/PluginId;)Lorg/gradle/plugin/use/resolve/internal/PluginResolution;+4
j  org.gradle.composite.internal.plugins.CompositeBuildPluginResolverContributor$CompositeBuildPluginResolver.doResolve(Lorg/gradle/plugin/use/PluginId;)Lorg/gradle/composite/internal/plugins/CompositeBuildPluginResolverContributor$PluginResult;+2
j  org.gradle.composite.internal.plugins.CompositeBuildPluginResolverContributor$CompositeBuildPluginResolver$$Lambda$831+0x00000001236361f0.apply(Ljava/lang/Object;)Ljava/lang/Object;+8
J 3067 c2 java.util.concurrent.ConcurrentHashMap.computeIfAbsent(Ljava/lang/Object;Ljava/util/function/Function;)Ljava/lang/Object; java.base@17.0.16 (576 bytes) @ 0x0000000117f4aac0 [0x0000000117f4a0e0+0x00000000000009e0]
j  org.gradle.composite.internal.plugins.CompositeBuildPluginResolverContributor$CompositeBuildPluginResolver.resolve(Lorg/gradle/plugin/management/internal/PluginRequestInternal;)Lorg/gradle/plugin/use/resolve/internal/PluginResolutionResult;+16
j  org.gradle.plugin.use.resolve.internal.CompositePluginResolver.resolve(Lorg/gradle/plugin/management/internal/PluginRequestInternal;)Lorg/gradle/plugin/use/resolve/internal/PluginResolutionResult;+37
j  org.gradle.plugin.use.resolve.internal.AlreadyOnClasspathPluginResolver.resolve(Lorg/gradle/plugin/management/internal/PluginRequestInternal;)Lorg/gradle/plugin/use/resolve/internal/PluginResolutionResult;+28
j  org.gradle.plugin.use.internal.DefaultPluginRequestApplicator.resolvePluginRequest(Lorg/gradle/plugin/use/resolve/internal/PluginResolver;Lorg/gradle/plugin/management/internal/PluginRequestInternal;)Lorg/gradle/plugin/use/resolve/internal/PluginResolution;+2
j  org.gradle.plugin.use.internal.DefaultPluginRequestApplicator.applyPlugins(Lorg/gradle/plugin/management/internal/PluginRequests;Lorg/gradle/api/internal/initialization/ScriptHandlerInternal;Lorg/gradle/api/internal/plugins/PluginManagerInternal;Lorg/gradle/api/internal/initialization/ClassLoaderScope;)V+136
j  org.gradle.configuration.DefaultScriptPluginFactory$ScriptPluginImpl.apply(Ljava/lang/Object;)V+174
j  org.gradle.configuration.BuildOperationScriptPlugin$1.run(Lorg/gradle/internal/operations/BuildOperationContext;)V+11
j  org.gradle.internal.operations.DefaultBuildOperationRunner$1.execute(Lorg/gradle/internal/operations/RunnableBuildOperation;Lorg/gradle/internal/operations/BuildOperationContext;)V+2
j  org.gradle.internal.operations.DefaultBuildOperationRunner$1.execute(Lorg/gradle/internal/operations/BuildOperation;Lorg/gradle/internal/operations/BuildOperationContext;)V+6
j  org.gradle.internal.operations.DefaultBuildOperationRunner$2.execute(Lorg/gradle/internal/operations/BuildOperationDescriptor;Lorg/gradle/internal/operations/BuildOperationState;Lorg/gradle/internal/operations/BuildOperationState;Lorg/gradle/internal/operations/DefaultBuildOperationRunner$ReadableBuildOperationContext;Lorg/gradle/internal/operations/DefaultBuildOperationRunner$BuildOperationExecutionListener;)Lorg/gradle/internal/operations/BuildOperation;+22
j  org.gradle.internal.operations.DefaultBuildOperationRunner$2.execute(Lorg/gradle/internal/operations/BuildOperationDescriptor;Lorg/gradle/internal/operations/BuildOperationState;Lorg/gradle/internal/operations/BuildOperationState;Lorg/gradle/internal/operations/DefaultBuildOperationRunner$ReadableBuildOperationContext;Lorg/gradle/internal/operations/DefaultBuildOperationRunner$BuildOperationExecutionListener;)Ljava/lang/Object;+8
j  org.gradle.internal.operations.DefaultBuildOperationRunner.execute(Lorg/gradle/internal/operations/BuildOperationDescriptor$Builder;Lorg/gradle/internal/operations/BuildOperationState;Lorg/gradle/internal/operations/DefaultBuildOperationRunner$BuildOperationExecution;)Ljava/lang/Object;+141
j  org.gradle.internal.operations.DefaultBuildOperationRunner.execute(Lorg/gradle/internal/operations/BuildOperation;Lorg/gradle/internal/operations/BuildOperationWorker;Lorg/gradle/internal/operations/BuildOperationState;)V+18
j  org.gradle.internal.operations.DefaultBuildOperationRunner.run(Lorg/gradle/internal/operations/RunnableBuildOperation;)V+9
j  org.gradle.configuration.BuildOperationScriptPlugin.lambda$apply$0(Ljava/lang/Object;Lorg/gradle/internal/code/UserCodeApplicationId;)V+14
j  org.gradle.configuration.BuildOperationScriptPlugin$$Lambda$436+0x000000012342c210.execute(Ljava/lang/Object;)V+12
j  org.gradle.internal.code.DefaultUserCodeApplicationContext.apply(Lorg/gradle/internal/code/UserCodeSource;Lorg/gradle/api/Action;)V+37
j  org.gradle.configuration.BuildOperationScriptPlugin.apply(Ljava/lang/Object;)V+71
j  org.gradle.initialization.ScriptEvaluatingSettingsProcessor.applySettingsScript(Lorg/gradle/groovy/scripts/TextResourceScriptSource;Lorg/gradle/api/internal/SettingsInternal;)V+32
j  org.gradle.initialization.ScriptEvaluatingSettingsProcessor.process(Lorg/gradle/api/internal/GradleInternal;Lorg/gradle/initialization/SettingsLocation;Lorg/gradle/api/internal/initialization/ClassLoaderScope;Lorg/gradle/StartParameter;)Lorg/gradle/initialization/SettingsState;+90
j  org.gradle.initialization.SettingsEvaluatedCallbackFiringSettingsProcessor.process(Lorg/gradle/api/internal/GradleInternal;Lorg/gradle/initialization/SettingsLocation;Lorg/gradle/api/internal/initialization/ClassLoaderScope;Lorg/gradle/StartParameter;)Lorg/gradle/initialization/SettingsState;+9
j  org.gradle.initialization.RootBuildCacheControllerSettingsProcessor.process(Lorg/gradle/api/internal/GradleInternal;Lorg/gradle/initialization/SettingsLocation;Lorg/gradle/api/internal/initialization/ClassLoaderScope;Lorg/gradle/StartParameter;)Lorg/gradle/initialization/SettingsState;+9
j  org.gradle.initialization.BuildOperationSettingsProcessor$2.call(Lorg/gradle/internal/operations/BuildOperationContext;)Lorg/gradle/initialization/SettingsState;+23
j  org.gradle.initialization.BuildOperationSettingsProcessor$2.call(Lorg/gradle/internal/operations/BuildOperationContext;)Ljava/lang/Object;+2
j  org.gradle.internal.operations.DefaultBuildOperationRunner$CallableBuildOperationWorker.execute(Lorg/gradle/internal/operations/CallableBuildOperation;Lorg/gradle/internal/operations/BuildOperationContext;)V+3
j  org.gradle.internal.operations.DefaultBuildOperationRunner$CallableBuildOperationWorker.execute(Lorg/gradle/internal/operations/BuildOperation;Lorg/gradle/internal/operations/BuildOperationContext;)V+6
j  org.gradle.internal.operations.DefaultBuildOperationRunner$2.execute(Lorg/gradle/internal/operations/BuildOperationDescriptor;Lorg/gradle/internal/operations/BuildOperationState;Lorg/gradle/internal/operations/BuildOperationState;Lorg/gradle/internal/operations/DefaultBuildOperationRunner$ReadableBuildOperationContext;Lorg/gradle/internal/operations/DefaultBuildOperationRunner$BuildOperationExecutionListener;)Lorg/gradle/internal/operations/BuildOperation;+22
j  org.gradle.internal.operations.DefaultBuildOperationRunner$2.execute(Lorg/gradle/internal/operations/BuildOperationDescriptor;Lorg/gradle/internal/operations/BuildOperationState;Lorg/gradle/internal/operations/BuildOperationState;Lorg/gradle/internal/operations/DefaultBuildOperationRunner$ReadableBuildOperationContext;Lorg/gradle/internal/operations/DefaultBuildOperationRunner$BuildOperationExecutionListener;)Ljava/lang/Object;+8
j  org.gradle.internal.operations.DefaultBuildOperationRunner.execute(Lorg/gradle/internal/operations/BuildOperationDescriptor$Builder;Lorg/gradle/internal/operations/BuildOperationState;Lorg/gradle/internal/operations/DefaultBuildOperationRunner$BuildOperationExecution;)Ljava/lang/Object;+141
j  org.gradle.internal.operations.DefaultBuildOperationRunner.execute(Lorg/gradle/internal/operations/BuildOperation;Lorg/gradle/internal/operations/BuildOperationWorker;Lorg/gradle/internal/operations/BuildOperationState;)V+18
j  org.gradle.internal.operations.DefaultBuildOperationRunner.call(Lorg/gradle/internal/operations/CallableBuildOperation;)Ljava/lang/Object;+16
j  org.gradle.initialization.BuildOperationSettingsProcessor.process(Lorg/gradle/api/internal/GradleInternal;Lorg/gradle/initialization/SettingsLocation;Lorg/gradle/api/internal/initialization/ClassLoaderScope;Lorg/gradle/StartParameter;)Lorg/gradle/initialization/SettingsState;+17
j  org.gradle.initialization.DefaultSettingsLoader.findSettingsAndLoadIfAppropriate(Lorg/gradle/api/internal/GradleInternal;Lorg/gradle/StartParameter;Lorg/gradle/initialization/SettingsLocation;Lorg/gradle/api/internal/initialization/ClassLoaderScope;)Lorg/gradle/initialization/SettingsState;+9
j  org.gradle.initialization.DefaultSettingsLoader.findAndLoadSettings(Lorg/gradle/api/internal/GradleInternal;)Lorg/gradle/initialization/SettingsState;+103
j  org.gradle.initialization.SettingsAttachingSettingsLoader.findAndLoadSettings(Lorg/gradle/api/internal/GradleInternal;)Lorg/gradle/initialization/SettingsState;+5
j  org.gradle.internal.composite.CommandLineIncludedBuildSettingsLoader.findAndLoadSettings(Lorg/gradle/api/internal/GradleInternal;)Lorg/gradle/initialization/SettingsState;+5
j  org.gradle.internal.composite.ChildBuildRegisteringSettingsLoader.findAndLoadSettings(Lorg/gradle/api/internal/GradleInternal;)Lorg/gradle/initialization/SettingsState;+5
j  org.gradle.internal.composite.CompositeBuildSettingsLoader.findAndLoadSettings(Lorg/gradle/api/internal/GradleInternal;)Lorg/gradle/initialization/SettingsState;+5
j  org.gradle.initialization.InitScriptHandlingSettingsLoader.findAndLoadSettings(Lorg/gradle/api/internal/GradleInternal;)Lorg/gradle/initialization/SettingsState;+13
j  org.gradle.api.internal.initialization.CacheConfigurationsHandlingSettingsLoader.findAndLoadSettings(Lorg/gradle/api/internal/GradleInternal;)Lorg/gradle/initialization/SettingsState;+15
j  org.gradle.initialization.GradlePropertiesHandlingSettingsLoader.findAndLoadSettings(Lorg/gradle/api/internal/GradleInternal;)Lorg/gradle/initialization/SettingsState;+40
j  org.gradle.initialization.DefaultSettingsPreparer.prepareSettings(Lorg/gradle/api/internal/GradleInternal;)V+33
j  org.gradle.initialization.BuildOperationFiringSettingsPreparer$LoadBuild.doLoadBuild()V+11
j  org.gradle.initialization.BuildOperationFiringSettingsPreparer$LoadBuild.run(Lorg/gradle/internal/operations/BuildOperationContext;)V+1
j  org.gradle.internal.operations.DefaultBuildOperationRunner$1.execute(Lorg/gradle/internal/operations/RunnableBuildOperation;Lorg/gradle/internal/operations/BuildOperationContext;)V+2
j  org.gradle.internal.operations.DefaultBuildOperationRunner$1.execute(Lorg/gradle/internal/operations/BuildOperation;Lorg/gradle/internal/operations/BuildOperationContext;)V+6
j  org.gradle.internal.operations.DefaultBuildOperationRunner$2.execute(Lorg/gradle/internal/operations/BuildOperationDescriptor;Lorg/gradle/internal/operations/BuildOperationState;Lorg/gradle/internal/operations/BuildOperationState;Lorg/gradle/internal/operations/DefaultBuildOperationRunner$ReadableBuildOperationContext;Lorg/gradle/internal/operations/DefaultBuildOperationRunner$BuildOperationExecutionListener;)Lorg/gradle/internal/operations/BuildOperation;+22
j  org.gradle.internal.operations.DefaultBuildOperationRunner$2.execute(Lorg/gradle/internal/operations/BuildOperationDescriptor;Lorg/gradle/internal/operations/BuildOperationState;Lorg/gradle/internal/operations/BuildOperationState;Lorg/gradle/internal/operations/DefaultBuildOperationRunner$ReadableBuildOperationContext;Lorg/gradle/internal/operations/DefaultBuildOperationRunner$BuildOperationExecutionListener;)Ljava/lang/Object;+8
j  org.gradle.internal.operations.DefaultBuildOperationRunner.execute(Lorg/gradle/internal/operations/BuildOperationDescriptor$Builder;Lorg/gradle/internal/operations/BuildOperationState;Lorg/gradle/internal/operations/DefaultBuildOperationRunner$BuildOperationExecution;)Ljava/lang/Object;+141
j  org.gradle.internal.operations.DefaultBuildOperationRunner.execute(Lorg/gradle/internal/operations/BuildOperation;Lorg/gradle/internal/operations/BuildOperationWorker;Lorg/gradle/internal/operations/BuildOperationState;)V+18
j  org.gradle.internal.operations.DefaultBuildOperationRunner.run(Lorg/gradle/internal/operations/RunnableBuildOperation;)V+9
j  org.gradle.initialization.BuildOperationFiringSettingsPreparer.prepareSettings(Lorg/gradle/api/internal/GradleInternal;)V+31
j  org.gradle.initialization.VintageBuildModelController.lambda$prepareSettings$1()V+8
j  org.gradle.initialization.VintageBuildModelController$$Lambda$315+0x0000000123358460.run()V+4
j  org.gradle.internal.model.StateTransitionController.lambda$doTransition$14(Ljava/lang/Runnable;)Lorg/gradle/internal/build/ExecutionResult;+1
j  org.gradle.internal.model.StateTransitionController$$Lambda$314+0x0000000123358230.get()Ljava/lang/Object;+4
j  org.gradle.internal.model.StateTransitionController.doTransition(Lorg/gradle/internal/model/StateTransitionController$State;Lorg/gradle/internal/model/StateTransitionController$State;Ljava/util/function/Supplier;)Lorg/gradle/internal/build/ExecutionResult;+24
j  org.gradle.internal.model.StateTransitionController.doTransition(Lorg/gradle/internal/model/StateTransitionController$State;Lorg/gradle/internal/model/StateTransitionController$State;Ljava/lang/Runnable;)V+9
j  org.gradle.internal.model.StateTransitionController.lambda$transitionIfNotPreviously$11(Lorg/gradle/internal/model/StateTransitionController$State;Lorg/gradle/internal/model/StateTransitionController$State;Ljava/lang/Runnable;)V+16
j  org.gradle.internal.model.StateTransitionController$$Lambda$316+0x0000000123358690.run()V+16
j  org.gradle.internal.work.DefaultSynchronizer.withLock(Ljava/lang/Runnable;)V+6
j  org.gradle.internal.model.StateTransitionController.transitionIfNotPreviously(Lorg/gradle/internal/model/StateTransitionController$State;Lorg/gradle/internal/model/StateTransitionController$State;Ljava/lang/Runnable;)V+13
j  org.gradle.initialization.VintageBuildModelController.prepareSettings()V+16
j  org.gradle.initialization.VintageBuildModelController.prepareToScheduleTasks()V+1
j  org.gradle.internal.build.DefaultBuildLifecycleController.lambda$prepareToScheduleTasks$6()V+9
j  org.gradle.internal.build.DefaultBuildLifecycleController$$Lambda$312+0x0000000123353be8.run()V+4
j  org.gradle.internal.model.StateTransitionController.lambda$doTransition$14(Ljava/lang/Runnable;)Lorg/gradle/internal/build/ExecutionResult;+1
j  org.gradle.internal.model.StateTransitionController$$Lambda$314+0x0000000123358230.get()Ljava/lang/Object;+4
j  org.gradle.internal.model.StateTransitionController.doTransition(Lorg/gradle/internal/model/StateTransitionController$State;Lorg/gradle/internal/model/StateTransitionController$State;Ljava/util/function/Supplier;)Lorg/gradle/internal/build/ExecutionResult;+24
j  org.gradle.internal.model.StateTransitionController.doTransition(Lorg/gradle/internal/model/StateTransitionController$State;Lorg/gradle/internal/model/StateTransitionController$State;Ljava/lang/Runnable;)V+9
j  org.gradle.internal.model.StateTransitionController.lambda$maybeTransition$9(Lorg/gradle/internal/model/StateTransitionController$State;Lorg/gradle/internal/model/StateTransitionController$State;Ljava/lang/Runnable;)V+16
j  org.gradle.internal.model.StateTransitionController$$Lambda$313+0x0000000123358000.run()V+16
j  org.gradle.internal.work.DefaultSynchronizer.withLock(Ljava/lang/Runnable;)V+6
j  org.gradle.internal.model.StateTransitionController.maybeTransition(Lorg/gradle/internal/model/StateTransitionController$State;Lorg/gradle/internal/model/StateTransitionController$State;Ljava/lang/Runnable;)V+13
j  org.gradle.internal.build.DefaultBuildLifecycleController.prepareToScheduleTasks()V+16
j  org.gradle.internal.buildtree.DefaultBuildTreeWorkPreparer.scheduleRequestedTasks(Lorg/gradle/internal/buildtree/BuildTreeWorkGraph;Lorg/gradle/execution/EntryTaskSelector;)Lorg/gradle/internal/buildtree/BuildTreeWorkGraph$FinalizedGraph;+4
j  org.gradle.internal.cc.impl.VintageBuildTreeWorkController$scheduleAndRunRequestedTasks$1.apply(Lorg/gradle/internal/buildtree/BuildTreeWorkGraph;)Lorg/gradle/internal/build/ExecutionResult;+18
j  org.gradle.internal.cc.impl.VintageBuildTreeWorkController$scheduleAndRunRequestedTasks$1.apply(Ljava/lang/Object;)Ljava/lang/Object;+5
j  org.gradle.composite.internal.DefaultIncludedBuildTaskGraph.withNewWorkGraph(Ljava/util/function/Function;)Ljava/lang/Object;+30
j  org.gradle.internal.cc.impl.VintageBuildTreeWorkController.scheduleAndRunRequestedTasks(Lorg/gradle/execution/EntryTaskSelector;)Lorg/gradle/internal/build/ExecutionResult;+16
j  org.gradle.internal.buildtree.DefaultBuildTreeLifecycleController.lambda$scheduleAndRunTasks$1(Lorg/gradle/execution/EntryTaskSelector;)Lorg/gradle/internal/build/ExecutionResult;+5
j  org.gradle.internal.buildtree.DefaultBuildTreeLifecycleController$$Lambda$307+0x0000000123352d10.get()Ljava/lang/Object;+8
j  org.gradle.internal.buildtree.DefaultBuildTreeLifecycleController.lambda$runBuild$4(Ljava/util/function/Supplier;)Ljava/lang/Object;+1
j  org.gradle.internal.buildtree.DefaultBuildTreeLifecycleController$$Lambda$308+0x0000000123352f40.get()Ljava/lang/Object;+8
j  org.gradle.internal.model.StateTransitionController.lambda$transition$6(Ljava/util/function/Supplier;)Lorg/gradle/internal/build/ExecutionResult;+1
j  org.gradle.internal.model.StateTransitionController$$Lambda$310+0x00000001233533a0.get()Ljava/lang/Object;+4
j  org.gradle.internal.model.StateTransitionController.doTransition(Lorg/gradle/internal/model/StateTransitionController$State;Lorg/gradle/internal/model/StateTransitionController$State;Ljava/util/function/Supplier;)Lorg/gradle/internal/build/ExecutionResult;+24
j  org.gradle.internal.model.StateTransitionController.lambda$transition$7(Lorg/gradle/internal/model/StateTransitionController$State;Lorg/gradle/internal/model/StateTransitionController$State;Ljava/util/function/Supplier;)Ljava/lang/Object;+9
j  org.gradle.internal.model.StateTransitionController$$Lambda$309+0x0000000123353170.create()Ljava/lang/Object;+16
j  org.gradle.internal.work.DefaultSynchronizer.withLock(Lorg/gradle/internal/Factory;)Ljava/lang/Object;+6
j  org.gradle.internal.model.StateTransitionController.transition(Lorg/gradle/internal/model/StateTransitionController$State;Lorg/gradle/internal/model/StateTransitionController$State;Ljava/util/function/Supplier;)Ljava/lang/Object;+13
j  org.gradle.internal.buildtree.DefaultBuildTreeLifecycleController.runBuild(Ljava/util/function/Supplier;)Ljava/lang/Object;+17
j  org.gradle.internal.buildtree.DefaultBuildTreeLifecycleController.scheduleAndRunTasks(Lorg/gradle/execution/EntryTaskSelector;)V+8
j  org.gradle.internal.buildtree.DefaultBuildTreeLifecycleController.scheduleAndRunTasks()V+2
j  org.gradle.tooling.internal.provider.ExecuteBuildActionRunner.run(Lorg/gradle/internal/invocation/BuildAction;Lorg/gradle/internal/buildtree/BuildTreeLifecycleController;)Lorg/gradle/internal/buildtree/BuildActionRunner$Result;+12
j  org.gradle.launcher.exec.ChainingBuildActionRunner.run(Lorg/gradle/internal/invocation/BuildAction;Lorg/gradle/internal/buildtree/BuildTreeLifecycleController;)Lorg/gradle/internal/buildtree/BuildActionRunner$Result;+34
j  org.gradle.internal.buildtree.ProblemReportingBuildActionRunner.run(Lorg/gradle/internal/invocation/BuildAction;Lorg/gradle/internal/buildtree/BuildTreeLifecycleController;)Lorg/gradle/internal/buildtree/BuildActionRunner$Result;+12
j  org.gradle.launcher.exec.BuildOutcomeReportingBuildActionRunner.run(Lorg/gradle/internal/invocation/BuildAction;Lorg/gradle/internal/buildtree/BuildTreeLifecycleController;)Lorg/gradle/internal/buildtree/BuildActionRunner$Result;+69
j  org.gradle.tooling.internal.provider.FileSystemWatchingBuildActionRunner.run(Lorg/gradle/internal/invocation/BuildAction;Lorg/gradle/internal/buildtree/BuildTreeLifecycleController;)Lorg/gradle/internal/buildtree/BuildActionRunner$Result;+317
j  org.gradle.launcher.exec.BuildCompletionNotifyingBuildActionRunner.run(Lorg/gradle/internal/invocation/BuildAction;Lorg/gradle/internal/buildtree/BuildTreeLifecycleController;)Lorg/gradle/internal/buildtree/BuildActionRunner$Result;+6
j  org.gradle.launcher.exec.RootBuildLifecycleBuildActionExecutor.lambda$execute$0(Lorg/gradle/internal/invocation/BuildAction;Lorg/gradle/internal/buildtree/BuildTreeLifecycleController;)Lorg/gradle/internal/buildtree/BuildActionRunner$Result;+6
j  org.gradle.launcher.exec.RootBuildLifecycleBuildActionExecutor$$Lambda$276+0x000000012333cc48.apply(Ljava/lang/Object;)Ljava/lang/Object;+12
j  org.gradle.composite.internal.DefaultRootBuildState.run(Ljava/util/function/Function;)Ljava/lang/Object;+87
j  org.gradle.launcher.exec.RootBuildLifecycleBuildActionExecutor.execute(Lorg/gradle/internal/invocation/BuildAction;Lorg/gradle/internal/buildtree/BuildTreeContext;)Lorg/gradle/internal/buildtree/BuildActionRunner$Result;+75
j  org.gradle.internal.buildtree.InitDeprecationLoggingActionExecutor.execute(Lorg/gradle/internal/invocation/BuildAction;Lorg/gradle/internal/buildtree/BuildTreeContext;)Lorg/gradle/internal/buildtree/BuildActionRunner$Result;+83
j  org.gradle.internal.buildtree.InitProblems.execute(Lorg/gradle/internal/invocation/BuildAction;Lorg/gradle/internal/buildtree/BuildTreeContext;)Lorg/gradle/internal/buildtree/BuildActionRunner$Result;+13
j  org.gradle.internal.buildtree.DefaultBuildTreeContext.execute(Lorg/gradle/internal/invocation/BuildAction;)Lorg/gradle/internal/buildtree/BuildActionRunner$Result;+64
j  org.gradle.launcher.exec.BuildTreeLifecycleBuildActionExecutor.lambda$execute$0(Lorg/gradle/internal/invocation/BuildAction;Lorg/gradle/internal/buildtree/BuildTreeContext;)Lorg/gradle/internal/buildtree/BuildActionRunner$Result;+2
j  org.gradle.launcher.exec.BuildTreeLifecycleBuildActionExecutor$$Lambda$210+0x000000012327af28.apply(Ljava/lang/Object;)Ljava/lang/Object;+8
j  org.gradle.internal.buildtree.BuildTreeState.run(Ljava/util/function/Function;)Ljava/lang/Object;+47
j  org.gradle.launcher.exec.BuildTreeLifecycleBuildActionExecutor.execute(Lorg/gradle/internal/invocation/BuildAction;Lorg/gradle/internal/session/BuildSessionContext;)Lorg/gradle/internal/buildtree/BuildActionRunner$Result;+74
j  org.gradle.launcher.exec.RunAsBuildOperationBuildActionExecutor$2.call(Lorg/gradle/internal/operations/BuildOperationContext;)Lorg/gradle/internal/buildtree/BuildActionRunner$Result;+25
j  org.gradle.launcher.exec.RunAsBuildOperationBuildActionExecutor$2.call(Lorg/gradle/internal/operations/BuildOperationContext;)Ljava/lang/Object;+2
j  org.gradle.internal.operations.DefaultBuildOperationRunner$CallableBuildOperationWorker.execute(Lorg/gradle/internal/operations/CallableBuildOperation;Lorg/gradle/internal/operations/BuildOperationContext;)V+3
j  org.gradle.internal.operations.DefaultBuildOperationRunner$CallableBuildOperationWorker.execute(Lorg/gradle/internal/operations/BuildOperation;Lorg/gradle/internal/operations/BuildOperationContext;)V+6
j  org.gradle.internal.operations.DefaultBuildOperationRunner$2.execute(Lorg/gradle/internal/operations/BuildOperationDescriptor;Lorg/gradle/internal/operations/BuildOperationState;Lorg/gradle/internal/operations/BuildOperationState;Lorg/gradle/internal/operations/DefaultBuildOperationRunner$ReadableBuildOperationContext;Lorg/gradle/internal/operations/DefaultBuildOperationRunner$BuildOperationExecutionListener;)Lorg/gradle/internal/operations/BuildOperation;+22
j  org.gradle.internal.operations.DefaultBuildOperationRunner$2.execute(Lorg/gradle/internal/operations/BuildOperationDescriptor;Lorg/gradle/internal/operations/BuildOperationState;Lorg/gradle/internal/operations/BuildOperationState;Lorg/gradle/internal/operations/DefaultBuildOperationRunner$ReadableBuildOperationContext;Lorg/gradle/internal/operations/DefaultBuildOperationRunner$BuildOperationExecutionListener;)Ljava/lang/Object;+8
j  org.gradle.internal.operations.DefaultBuildOperationRunner.execute(Lorg/gradle/internal/operations/BuildOperationDescriptor$Builder;Lorg/gradle/internal/operations/BuildOperationState;Lorg/gradle/internal/operations/DefaultBuildOperationRunner$BuildOperationExecution;)Ljava/lang/Object;+141
j  org.gradle.internal.operations.DefaultBuildOperationRunner.execute(Lorg/gradle/internal/operations/BuildOperation;Lorg/gradle/internal/operations/BuildOperationWorker;Lorg/gradle/internal/operations/BuildOperationState;)V+18
j  org.gradle.internal.operations.DefaultBuildOperationRunner.call(Lorg/gradle/internal/operations/CallableBuildOperation;)Ljava/lang/Object;+16
j  org.gradle.launcher.exec.RunAsBuildOperationBuildActionExecutor.execute(Lorg/gradle/internal/invocation/BuildAction;Lorg/gradle/internal/session/BuildSessionContext;)Lorg/gradle/internal/buildtree/BuildActionRunner$Result;+23
j  org.gradle.launcher.exec.RunAsWorkerThreadBuildActionExecutor.lambda$execute$0(Lorg/gradle/internal/invocation/BuildAction;Lorg/gradle/internal/session/BuildSessionContext;)Lorg/gradle/internal/buildtree/BuildActionRunner$Result;+6
j  org.gradle.launcher.exec.RunAsWorkerThreadBuildActionExecutor$$Lambda$204+0x000000012324c5a0.create()Ljava/lang/Object;+12
j  org.gradle.internal.work.DefaultWorkerLeaseService.withLocks(Ljava/util/Collection;Lorg/gradle/internal/Factory;)Ljava/lang/Object;+28
j  org.gradle.internal.work.DefaultWorkerLeaseService.runAsWorkerThread(Lorg/gradle/internal/Factory;)Ljava/lang/Object;+33
j  org.gradle.launcher.exec.RunAsWorkerThreadBuildActionExecutor.execute(Lorg/gradle/internal/invocation/BuildAction;Lorg/gradle/internal/session/BuildSessionContext;)Lorg/gradle/internal/buildtree/BuildActionRunner$Result;+12
j  org.gradle.tooling.internal.provider.continuous.ContinuousBuildActionExecutor.execute(Lorg/gradle/internal/invocation/BuildAction;Lorg/gradle/internal/session/BuildSessionContext;)Lorg/gradle/internal/buildtree/BuildActionRunner$Result;+58
j  org.gradle.tooling.internal.provider.SubscribableBuildActionExecutor.execute(Lorg/gradle/internal/invocation/BuildAction;Lorg/gradle/internal/session/BuildSessionContext;)Lorg/gradle/internal/buildtree/BuildActionRunner$Result;+30
j  org.gradle.internal.session.DefaultBuildSessionContext.execute(Lorg/gradle/internal/invocation/BuildAction;)Lorg/gradle/internal/buildtree/BuildActionRunner$Result;+64
j  org.gradle.internal.buildprocess.execution.BuildSessionLifecycleBuildActionExecutor$ActionImpl.apply(Lorg/gradle/internal/session/BuildSessionContext;)Lorg/gradle/launcher/exec/BuildActionResult;+6
j  org.gradle.internal.buildprocess.execution.BuildSessionLifecycleBuildActionExecutor$ActionImpl.apply(Ljava/lang/Object;)Ljava/lang/Object;+5
j  org.gradle.internal.session.BuildSessionState.run(Ljava/util/function/Function;)Ljava/lang/Object;+5
j  org.gradle.internal.buildprocess.execution.BuildSessionLifecycleBuildActionExecutor.execute(Lorg/gradle/internal/invocation/BuildAction;Lorg/gradle/launcher/exec/BuildActionParameters;Lorg/gradle/initialization/BuildRequestContext;)Lorg/gradle/launcher/exec/BuildActionResult;+95
j  org.gradle.internal.buildprocess.execution.BuildSessionLifecycleBuildActionExecutor.execute(Lorg/gradle/internal/invocation/BuildAction;Ljava/lang/Object;Ljava/lang/Object;)Lorg/gradle/launcher/exec/BuildActionResult;+10
j  org.gradle.internal.buildprocess.execution.StartParamsValidatingActionExecutor.execute(Lorg/gradle/internal/invocation/BuildAction;Lorg/gradle/launcher/exec/BuildActionParameters;Lorg/gradle/initialization/BuildRequestContext;)Lorg/gradle/launcher/exec/BuildActionResult;+203
j  org.gradle.internal.buildprocess.execution.StartParamsValidatingActionExecutor.execute(Lorg/gradle/internal/invocation/BuildAction;Ljava/lang/Object;Ljava/lang/Object;)Lorg/gradle/launcher/exec/BuildActionResult;+10
j  org.gradle.internal.buildprocess.execution.SessionFailureReportingActionExecutor.execute(Lorg/gradle/internal/invocation/BuildAction;Lorg/gradle/launcher/exec/BuildActionParameters;Lorg/gradle/initialization/BuildRequestContext;)Lorg/gradle/launcher/exec/BuildActionResult;+7
j  org.gradle.internal.buildprocess.execution.SessionFailureReportingActionExecutor.execute(Lorg/gradle/internal/invocation/BuildAction;Ljava/lang/Object;Ljava/lang/Object;)Lorg/gradle/launcher/exec/BuildActionResult;+10
j  org.gradle.internal.buildprocess.execution.SetupLoggingActionExecutor.execute(Lorg/gradle/internal/invocation/BuildAction;Lorg/gradle/launcher/exec/BuildActionParameters;Lorg/gradle/initialization/BuildRequestContext;)Lorg/gradle/launcher/exec/BuildActionResult;+50
j  org.gradle.internal.buildprocess.execution.SetupLoggingActionExecutor.execute(Lorg/gradle/internal/invocation/BuildAction;Ljava/lang/Object;Ljava/lang/Object;)Lorg/gradle/launcher/exec/BuildActionResult;+10
j  org.gradle.launcher.daemon.server.exec.ExecuteBuild.doBuild(Lorg/gradle/launcher/daemon/server/api/DaemonCommandExecution;Lorg/gradle/launcher/daemon/protocol/Build;)V+147
j  org.gradle.launcher.daemon.server.exec.BuildCommandOnly.execute(Lorg/gradle/launcher/daemon/server/api/DaemonCommandExecution;)V+49
j  org.gradle.launcher.daemon.server.api.DaemonCommandExecution.proceed()Z+23
j  org.gradle.launcher.daemon.server.exec.WatchForDisconnection.execute(Lorg/gradle/launcher/daemon/server/api/DaemonCommandExecution;)V+19
j  org.gradle.launcher.daemon.server.api.DaemonCommandExecution.proceed()Z+23
j  org.gradle.launcher.daemon.server.exec.ResetDeprecationLogger.execute(Lorg/gradle/launcher/daemon/server/api/DaemonCommandExecution;)V+7
j  org.gradle.launcher.daemon.server.api.DaemonCommandExecution.proceed()Z+23
j  org.gradle.launcher.daemon.server.exec.RequestStopIfSingleUsedDaemon.execute(Lorg/gradle/launcher/daemon/server/api/DaemonCommandExecution;)V+33
j  org.gradle.launcher.daemon.server.api.DaemonCommandExecution.proceed()Z+23
j  org.gradle.launcher.daemon.server.exec.ForwardClientInput.lambda$execute$0(Lorg/gradle/launcher/daemon/server/api/DaemonCommandExecution;Lorg/gradle/internal/daemon/clientinput/StdinHandler;)Ljava/lang/Object;+11
j  org.gradle.launcher.daemon.server.exec.ForwardClientInput$$Lambda$110+0x000000012313c8f0.apply(Ljava/lang/Object;)Ljava/lang/Object;+8
j  org.gradle.internal.daemon.clientinput.ClientInputForwarder.forwardInput(Ljava/util/function/Function;)Ljava/lang/Object;+46
j  org.gradle.launcher.daemon.server.exec.ForwardClientInput.execute(Lorg/gradle/launcher/daemon/server/api/DaemonCommandExecution;)V+10
j  org.gradle.launcher.daemon.server.api.DaemonCommandExecution.proceed()Z+23
j  org.gradle.launcher.daemon.server.exec.LogAndCheckHealth.execute(Lorg/gradle/launcher/daemon/server/api/DaemonCommandExecution;)V+51
j  org.gradle.launcher.daemon.server.api.DaemonCommandExecution.proceed()Z+23
j  org.gradle.launcher.daemon.server.exec.LogToClient.doBuild(Lorg/gradle/launcher/daemon/server/api/DaemonCommandExecution;Lorg/gradle/launcher/daemon/protocol/Build;)V+87
j  org.gradle.launcher.daemon.server.exec.BuildCommandOnly.execute(Lorg/gradle/launcher/daemon/server/api/DaemonCommandExecution;)V+49
j  org.gradle.launcher.daemon.server.api.DaemonCommandExecution.proceed()Z+23
j  org.gradle.launcher.daemon.server.exec.EstablishBuildEnvironment.doBuild(Lorg/gradle/launcher/daemon/server/api/DaemonCommandExecution;Lorg/gradle/launcher/daemon/protocol/Build;)V+356
j  org.gradle.launcher.daemon.server.exec.BuildCommandOnly.execute(Lorg/gradle/launcher/daemon/server/api/DaemonCommandExecution;)V+49
j  org.gradle.launcher.daemon.server.api.DaemonCommandExecution.proceed()Z+23
j  org.gradle.launcher.daemon.server.exec.StartBuildOrRespondWithBusy$1.run()V+44
j  org.gradle.launcher.daemon.server.DaemonStateCoordinator.lambda$runCommand$0(Ljava/lang/Runnable;)V+1
j  org.gradle.launcher.daemon.server.DaemonStateCoordinator$$Lambda$109+0x0000000123136f00.run()V+8
J 9202 c1 org.gradle.internal.concurrent.ExecutorPolicy$CatchAndRecordFailures.onExecute(Ljava/lang/Runnable;)V (29 bytes) @ 0x0000000110f894dc [0x0000000110f893c0+0x000000000000011c]
j  org.gradle.internal.concurrent.AbstractManagedExecutor$1.run()V+25
j  java.util.concurrent.ThreadPoolExecutor.runWorker(Ljava/util/concurrent/ThreadPoolExecutor$Worker;)V+92 java.base@17.0.16
j  java.util.concurrent.ThreadPoolExecutor$Worker.run()V+5 java.base@17.0.16
j  java.lang.Thread.run()V+11 java.base@17.0.16
v  ~StubRoutines::call_stub

siginfo: si_signo: 11 (SIGSEGV), si_code: 1 (SEGV_MAPERR), si_addr: 0x000000000198019f

Registers:
RAX=0x000000000000019c, RBX=0x000000000198019b, RCX=0x000000000008ffc0, RDX=0x0000000000000000
RSP=0x000070000ce41130, RBP=0x000070000ce41150, RSI=0x000000000000f255, RDI=0x000000000198019b
R8 =0x00000000958b9889, R9 =0x00000000000001ff, R10=0x0000000095800000, R11=0x00000000000007fb
R12=0x0000000000009a49, R13=0x000000014b42f4f8, R14=0x000070000ce41238, R15=0x000070000ce411a8
RIP=0x00000001022aa0dd, EFLAGS=0x0000000000010206, ERR=0x0000000000000004
  TRAPNO=0x000000000000000e


Register to memory mapping:

RAX=0x000000000000019c is an unknown value
RBX=0x000000000198019b is an unknown value
RCX=0x000000000008ffc0 is an unknown value
RDX=0x0 is NULL
RSP=0x000070000ce41130 is pointing into the stack for thread: 0x00007fe2f28eac00
RBP=0x000070000ce41150 is pointing into the stack for thread: 0x00007fe2f28eac00
RSI=0x000000000000f255 is an unknown value
RDI=0x000000000198019b is an unknown value
R8 =0x00000000958b9889 is an unknown value
R9 =0x00000000000001ff is an unknown value
R10=0x0000000095800000 is an unknown value
R11=0x00000000000007fb is an unknown value
R12=0x0000000000009a49 is an unknown value
R13=0x000000014b42f4f8 is pointing into metadata
R14=0x000070000ce41238 is pointing into the stack for thread: 0x00007fe2f28eac00
R15=0x000070000ce411a8 is pointing into the stack for thread: 0x00007fe2f28eac00


Top of Stack: (sp=0x000070000ce41130)
0x000070000ce41130:   000000000000019c 000000014b420000
0x000070000ce41140:   000070000ce41238 000070000ce411a8
0x000070000ce41150:   000070000ce41190 0000000101a3a0ae
0x000070000ce41160:   0000000000000000 0000000000009a48
0x000070000ce41170:   0000000000000000 000070000ce41238
0x000070000ce41180:   000070000ce411a8 00006000033738a0
0x000070000ce41190:   000070000ce41210 0000000101a3a43a
0x000070000ce411a0:   00006000033211d0 00007fe2f21823a0
0x000070000ce411b0:   000000014b425ad0 0000010100000007
0x000070000ce411c0:   00007fe2f2182390 00000000000003d8
0x000070000ce411d0:   00007fe2f21823a0 00007fe2f2182778
0x000070000ce411e0:   000070000ce41234 000070000ce41238
0x000070000ce411f0:   0000000000000000 0000000122687878
0x000070000ce41200:   0000000000000000 00007fe2f28eac00
0x000070000ce41210:   000070000ce412e0 0000000101e1ad7b
0x000070000ce41220:   0000700000000010 000000014b425ad0
0x000070000ce41230:   00009a48f28eac00 000000010256f3f8
0x000070000ce41240:   0000005000000000 0000000000000000
0x000070000ce41250:   0000000000000000 0000000000000000
0x000070000ce41260:   0000000000000000 0000000000000000
0x000070000ce41270:   000070000ce41289 0000000000000000
0x000070000ce41280:   0000000000000030 000070000ce40000
0x000070000ce41290:   00007fe2f28eac00 0000600003c27a00
0x000070000ce412a0:   0000000000000061 0000000000000061
0x000070000ce412b0:   000070000ce41360 00000001020b0c73
0x000070000ce412c0:   928845f526c30024 00000001220819f8
0x000070000ce412d0:   000070000ce41368 00007fe2f28eac00
0x000070000ce412e0:   000070000ce41348 00000001178015da
0x000070000ce412f0:   00007fe2f28eac00 0000600003c27a00
0x000070000ce41300:   000070000ce41300 0000000000000000
0x000070000ce41310:   000070000ce41368 00000001220817a0
0x000070000ce41320:   0000000000000000 00000007ffe045e8 

Instructions: (pc=0x00000001022aa0dd)
0x00000001022a9fdd:   88 4c 30 01 0f b6 4c 37 08 88 4c 30 02 0f b6 4c
0x00000001022a9fed:   37 09 88 4c 30 03 48 83 c6 04 49 39 f1 75 d4 e9
0x00000001022a9ffd:   c4 00 00 00 44 89 ce 83 e6 e0 48 8d 56 e0 48 89
0x00000001022aa00d:   d1 48 c1 e9 05 48 ff c1 41 89 ca 41 83 e2 03 48
0x00000001022aa01d:   83 fa 60 73 04 31 d2 eb 63 48 83 e1 fc 48 f7 d9
0x00000001022aa02d:   31 d2 90 0f 10 44 17 06 0f 10 4c 17 16 0f 11 04
0x00000001022aa03d:   10 0f 11 4c 10 10 0f 10 44 17 26 0f 10 4c 17 36
0x00000001022aa04d:   0f 11 44 10 20 0f 11 4c 10 30 0f 10 44 17 46 0f
0x00000001022aa05d:   10 4c 17 56 0f 11 44 10 40 0f 11 4c 10 50 0f 10
0x00000001022aa06d:   44 17 66 0f 10 4c 17 76 0f 11 44 10 60 0f 11 4c
0x00000001022aa07d:   10 70 48 83 ea 80 48 83 c1 04 75 a7 4d 85 d2 74
0x00000001022aa08d:   2e 49 f7 da 66 2e 0f 1f 84 00 00 00 00 00 0f 1f
0x00000001022aa09d:   44 00 00 0f 10 44 17 06 0f 10 4c 17 16 0f 11 04
0x00000001022aa0ad:   10 0f 11 4c 10 10 48 83 c2 20 49 ff c2 75 e4 4c
0x00000001022aa0bd:   39 ce 0f 85 d3 fe ff ff 49 63 c8 c6 04 08 00 5d
0x00000001022aa0cd:   c3 66 90 55 48 89 e5 41 57 41 56 53 50 48 89 fb
0x00000001022aa0dd:   44 0f b7 7f 04 49 8d 7f 01 45 31 f6 31 f6 e8 50
0x00000001022aa0ed:   d5 ee ff 0f b7 4b 04 41 39 cf 41 0f 42 cf 85 c9
0x00000001022aa0fd:   0f 8e 52 01 00 00 41 89 ce 83 f9 20 72 19 49 8d
0x00000001022aa10d:   4c 1e 06 48 39 c8 73 7c 48 89 c1 4c 01 f1 48 8d
0x00000001022aa11d:   53 06 48 39 ca 73 6d 31 c9 48 89 cf 48 f7 d7 4c
0x00000001022aa12d:   01 f7 4c 89 f6 48 83 e6 03 74 18 0f 1f 84 00 00
0x00000001022aa13d:   00 00 00 0f b6 54 0b 06 88 14 08 48 ff c1 48 ff
0x00000001022aa14d:   ce 75 f0 48 83 ff 03 0f 82 fb 00 00 00 66 0f 1f
0x00000001022aa15d:   44 00 00 0f b6 54 0b 06 88 14 08 0f b6 54 0b 07
0x00000001022aa16d:   88 54 08 01 0f b6 54 0b 08 88 54 08 02 0f b6 54
0x00000001022aa17d:   0b 09 88 54 08 03 48 83 c1 04 49 39 ce 75 d4 e9
0x00000001022aa18d:   c4 00 00 00 44 89 f1 83 e1 e0 48 8d 71 e0 48 89
0x00000001022aa19d:   f7 48 c1 ef 05 48 ff c7 89 fa 83 e2 03 48 83 fe
0x00000001022aa1ad:   60 73 04 31 f6 eb 65 48 83 e7 fc 48 f7 df 31 f6
0x00000001022aa1bd:   0f 1f 00 0f 10 44 33 06 0f 10 4c 33 16 0f 11 04
0x00000001022aa1cd:   30 0f 11 4c 30 10 0f 10 44 33 26 0f 10 4c 33 36 


Stack slot to memory mapping:
stack at sp + 0 slots: 0x000000000000019c is an unknown value
stack at sp + 1 slots: 0x000000014b420000 is pointing into metadata
stack at sp + 2 slots: 0x000070000ce41238 is pointing into the stack for thread: 0x00007fe2f28eac00
stack at sp + 3 slots: 0x000070000ce411a8 is pointing into the stack for thread: 0x00007fe2f28eac00
stack at sp + 4 slots: 0x000070000ce41190 is pointing into the stack for thread: 0x00007fe2f28eac00
stack at sp + 5 slots: 0x0000000101a3a0ae: _ZN23ExceptionMessageBuilder23print_NPE_failed_actionEP12outputStreami+0x1ee in /Library/Java/JavaVirtualMachines/zulu-17.jdk/Contents/Home/lib/server/libjvm.dylib at 0x0000000101861000
stack at sp + 6 slots: 0x0 is NULL
stack at sp + 7 slots: 0x0000000000009a48 is an unknown value


Compiled method (c1)  107435 4140       2       java.util.Optional::orElseGet (21 bytes)
 total in heap  [0x0000000110a8e010,0x0000000110a8e368] = 856
 relocation     [0x0000000110a8e170,0x0000000110a8e1a8] = 56
 main code      [0x0000000110a8e1c0,0x0000000110a8e2c0] = 256
 stub code      [0x0000000110a8e2c0,0x0000000110a8e300] = 64
 metadata       [0x0000000110a8e300,0x0000000110a8e308] = 8
 scopes data    [0x0000000110a8e308,0x0000000110a8e320] = 24
 scopes pcs     [0x0000000110a8e320,0x0000000110a8e360] = 64
 dependencies   [0x0000000110a8e360,0x0000000110a8e368] = 8

[Constant Pool (empty)]

[MachCode]
[Entry Point]
  # {method} {0x0000000122115de8} 'orElseGet' '(Ljava/util/function/Supplier;)Ljava/lang/Object;' in 'java/util/Optional'
  # this:     rsi:rsi   = 'java/util/Optional'
  # parm0:    rdx:rdx   = 'java/util/function/Supplier'
  #           [sp+0x40]  (sp of caller)
  0x0000000110a8e1c0: 448b 5608 | 49bb 0000 | 0022 0100 | 0000 4d03 | d34c 3bd0 

  0x0000000110a8e1d4: ;   {runtime_call ic_miss_stub}
  0x0000000110a8e1d4: 0f85 a66b | db06 660f | 1f44 0000 
[Verified Entry Point]
  0x0000000110a8e1e0: 8984 2400 | c0fe ff55 | 4883 ec30 | 48bf 28c6 | 9c3d 0100 | 0000 8b5f | 0883 c302 | 895f 0881 
  0x0000000110a8e200: e3fe 0f00 | 0083 fb00 | 0f84 3f00 | 0000 8b76 | 0c48 c1e6 | 0348 83fe | 000f 8518 | 0000 0048 
  0x0000000110a8e220: 8bf2 6666 | 9048 b8e0 | ccca 0300 

  0x0000000110a8e22c: ;   {virtual_call}
  0x0000000110a8e22c: 6000 00e8 

  0x0000000110a8e230: ; ImmutableOopMap {}
                      ;*invokeinterface get {reexecute=0 rethrow=0 return_oop=0}
                      ; - java.util.Optional::orElseGet@15 (line 364)
  0x0000000110a8e230: 5c87 e606 | 488b f048 | 8bc6 4883 

  0x0000000110a8e23c: ;   {poll_return}
  0x0000000110a8e23c: c430 5d49 | 3ba7 4803 | 0000 0f87 | 1f00 0000 

  0x0000000110a8e24c: ;   {metadata({method} {0x0000000122115de8} 'orElseGet' '(Ljava/util/function/Supplier;)Ljava/lang/Object;' in 'java/util/Optional')}
  0x0000000110a8e24c: c349 bae8 | 5d11 2201 | 0000 004c | 8954 2408 | 48c7 0424 | ffff ffff 

  0x0000000110a8e264: ;   {runtime_call counter_overflow Runtime1 stub}
  0x0000000110a8e264: e817 e3e5 

  0x0000000110a8e268: ; ImmutableOopMap {rsi=Oop rdx=Oop }
                      ;*synchronization entry
                      ; - java.util.Optional::orElseGet@-1 (line 364)
                      ;   {internal_word}
  0x0000000110a8e268: 06eb a349 | ba3f e2a8 | 1001 0000 | 004d 8997 | 6003 0000 

  0x0000000110a8e27c: ;   {runtime_call SafepointBlob}
  0x0000000110a8e27c: e97f d4db | 0690 9049 | 8b87 d803 | 0000 49c7 | 87d8 0300 | 0000 0000 | 0049 c787 | e003 0000 
  0x0000000110a8e29c: 0000 0000 | 4883 c430 

  0x0000000110a8e2a4: ;   {runtime_call unwind_exception Runtime1 stub}
  0x0000000110a8e2a4: 5de9 d673 | e506 f4f4 | f4f4 f4f4 | f4f4 f4f4 | f4f4 f4f4 | f4f4 f4f4 | f4f4 f4f4 
[Stub Code]
  0x0000000110a8e2c0: ;   {no_reloc}
  0x0000000110a8e2c0: 0f1f 4400 

  0x0000000110a8e2c4: ;   {static_stub}
  0x0000000110a8e2c4: 0048 bb00 | 0000 0000 

  0x0000000110a8e2cc: ;   {runtime_call}
  0x0000000110a8e2cc: 0000 00e9 | fbff ffff 
[Exception Handler]
  0x0000000110a8e2d4: ;   {runtime_call handle_exception_from_callee Runtime1 stub}
  0x0000000110a8e2d4: e8a7 a9e5 

  0x0000000110a8e2d8: ;   {external_word}
  0x0000000110a8e2d8: 0648 bf43 | 9a3f 0201 | 0000 0048 

  0x0000000110a8e2e4: ;   {runtime_call MacroAssembler::debug64(char*, long long, long long*)}
  0x0000000110a8e2e4: 83e4 f0e8 | 34da 57f1 

  0x0000000110a8e2ec: ;   {section_word}
  0x0000000110a8e2ec: f449 baed | e2a8 1001 | 0000 0041 

  0x0000000110a8e2f8: ;   {runtime_call DeoptimizationBlob}
  0x0000000110a8e2f8: 52e9 a2c6 | db06 f4f4 
[/MachCode]


Compiled method (c2)  107452 4445       4       java.util.stream.ReferencePipeline$3$1::accept (23 bytes)
 total in heap  [0x0000000118018110,0x0000000118018440] = 816
 relocation     [0x0000000118018270,0x0000000118018290] = 32
 main code      [0x00000001180182a0,0x0000000118018360] = 192
 stub code      [0x0000000118018360,0x0000000118018378] = 24
 metadata       [0x0000000118018378,0x0000000118018380] = 8
 scopes data    [0x0000000118018380,0x00000001180183a8] = 40
 scopes pcs     [0x00000001180183a8,0x00000001180183f8] = 80
 dependencies   [0x00000001180183f8,0x0000000118018400] = 8
 handler table  [0x0000000118018400,0x0000000118018430] = 48
 nul chk table  [0x0000000118018430,0x0000000118018440] = 16

[Constant Pool (empty)]

[MachCode]
[Entry Point]
  # {method} {0x00000001222b76e0} 'accept' '(Ljava/lang/Object;)V' in 'java/util/stream/ReferencePipeline$3$1'
  # this:     rsi:rsi   = 'java/util/stream/ReferencePipeline$3$1'
  # parm0:    rdx:rdx   = 'java/lang/Object'
  #           [sp+0x20]  (sp of caller)
  0x00000001180182a0: 448b 5608 | 49bb 0000 | 0022 0100 | 0000 4d03 | d349 3bc2 

  0x00000001180182b4: ;   {runtime_call ic_miss_stub}
  0x00000001180182b4: 0f85 c6ca | 82ff 6690 | 0f1f 4000 
[Verified Entry Point]
  0x00000001180182c0: 8984 2400 | c0fe ff55 | 4883 ec10 | 448b 5e10 

  0x00000001180182d0: ; implicit exception: dispatches to 0x0000000118018331
  0x00000001180182d0: 478b 54dc | 348b 6e0c | 498b f248 | c1e6 0366 | 9048 b880 | 43c6 0300 

  0x00000001180182e8: ;   {virtual_call}
  0x00000001180182e8: 6000 00e8 

  0x00000001180182ec: ; ImmutableOopMap {rbp=NarrowOop }
                      ;*invokeinterface apply {reexecute=0 rethrow=0 return_oop=1}
                      ; - java.util.stream.ReferencePipeline$3$1::accept@12 (line 197)
  0x00000001180182ec: a0e6 8dff | 488b f548 | c1e6 0348 | 8bd0 6666 | 9048 b8a0 | 43c6 0300 

  0x0000000118018304: ;   {virtual_call}
  0x0000000118018304: 6000 00e8 

  0x0000000118018308: ; ImmutableOopMap {}
                      ;*invokeinterface accept {reexecute=0 rethrow=0 return_oop=0}
                      ; - java.util.stream.ReferencePipeline$3$1::accept@17 (line 197)
  0x0000000118018308: 94e7 8dff | 4883 c410 

  0x0000000118018310: ;   {poll_return}
  0x0000000118018310: 5d49 3ba7 | 4803 0000 | 0f87 1e00 | 0000 c348 | 8bf0 eb03 | 488b f048 | 83c4 105d 

  0x000000011801832c: ;   {runtime_call _rethrow_Java}
  0x000000011801832c: e9cf a38d | ffbe f6ff 

  0x0000000118018334: ;   {runtime_call UncommonTrapBlob}
  0x0000000118018334: ffff 90e8 

  0x0000000118018338: ; ImmutableOopMap {}
                      ;*getfield val$mapper {reexecute=1 rethrow=0 return_oop=0}
                      ; - (reexecute) java.util.stream.ReferencePipeline$3$1::accept@8 (line 197)
  0x0000000118018338: c422 83ff 

  0x000000011801833c: ;   {internal_word}
  0x000000011801833c: 49ba 1183 | 0118 0100 | 0000 4d89 | 9760 0300 

  0x000000011801834c: ;   {runtime_call SafepointBlob}
  0x000000011801834c: 00e9 ae33 | 83ff f4f4 | f4f4 f4f4 | f4f4 f4f4 | f4f4 f4f4 
[Exception Handler]
  0x0000000118018360: ;   {no_reloc}
  0x0000000118018360: e91b d68c | ffe8 0000 | 0000 4883 

  0x000000011801836c: ;   {runtime_call DeoptimizationBlob}
  0x000000011801836c: 2c24 05e9 | 2c26 83ff | f4f4 f4f4 
[/MachCode]


Compiled method (c1)  107465 9192       2       java.util.stream.AbstractPipeline::copyInto (54 bytes)
 total in heap  [0x0000000110f83310,0x0000000110f83960] = 1616
 relocation     [0x0000000110f83470,0x0000000110f83500] = 144
 main code      [0x0000000110f83500,0x0000000110f83760] = 608
 stub code      [0x0000000110f83760,0x0000000110f837f0] = 144
 metadata       [0x0000000110f837f0,0x0000000110f83808] = 24
 scopes data    [0x0000000110f83808,0x0000000110f83888] = 128
 scopes pcs     [0x0000000110f83888,0x0000000110f83948] = 192
 dependencies   [0x0000000110f83948,0x0000000110f83950] = 8
 nul chk table  [0x0000000110f83950,0x0000000110f83960] = 16

[Constant Pool (empty)]

[MachCode]
[Entry Point]
  # {method} {0x0000000122107e48} 'copyInto' '(Ljava/util/stream/Sink;Ljava/util/Spliterator;)V' in 'java/util/stream/AbstractPipeline'
  # this:     rsi:rsi   = 'java/util/stream/AbstractPipeline'
  # parm0:    rdx:rdx   = 'java/util/stream/Sink'
  # parm1:    rcx:rcx   = 'java/util/Spliterator'
  #           [sp+0x70]  (sp of caller)
  0x0000000110f83500: 448b 5608 | 49bb 0000 | 0022 0100 | 0000 4d03 | d34c 3bd0 

  0x0000000110f83514: ;   {runtime_call ic_miss_stub}
  0x0000000110f83514: 0f85 6618 | 8c06 660f | 1f44 0000 
[Verified Entry Point]
  0x0000000110f83520: 8984 2400 | c0fe ff55 | 4883 ec60 | 4889 5424 | 3848 894c | 2440 48bf | 2858 023d | 0100 0000 
  0x0000000110f83540: 8b5f 0883 | c302 895f | 0881 e3fe | 0f00 0083 | fb00 0f84 | 5e01 0000 | 4883 fa00 | 0f84 d500 
  0x0000000110f83560: 0000 8b7e 

  0x0000000110f83564: ;   {oop(a 'java/util/stream/StreamOpFlag'{0x000000078090cd48})}
  0x0000000110f83564: 1448 bb48 | cd90 8007 | 0000 008b | 4320 8b5b | 1848 23f8 | 3bfb bf00 | 0000 000f | 8505 0000 
  0x0000000110f83584: 00bf 0100 | 0000 83e7 | 0183 ff00 | 0f85 7900 | 0000 488b | f10f 1f40 | 0048 b8a0 | 8eac 0300 
  0x0000000110f835a4: ;   {virtual_call}
  0x0000000110f835a4: 6000 00e8 

  0x0000000110f835a8: ; ImmutableOopMap {[56]=Oop [64]=Oop }
                      ;*invokeinterface getExactSizeIfKnown {reexecute=0 rethrow=0 return_oop=0}
                      ; - java.util.stream.AbstractPipeline::copyInto@20 (line 508)
  0x0000000110f835a8: fc52 9906 | 488b d048 | 8b74 2438 | 9048 b800 | abb2 0300 

  0x0000000110f835bc: ;   {virtual_call}
  0x0000000110f835bc: 6000 00e8 

  0x0000000110f835c0: ; ImmutableOopMap {[56]=Oop [64]=Oop }
                      ;*invokeinterface begin {reexecute=0 rethrow=0 return_oop=0}
                      ; - java.util.stream.AbstractPipeline::copyInto@25 (line 508)
  0x0000000110f835c0: 2c3c 9706 | 488b 5424 | 3848 8b74 | 2440 0f1f | 8000 0000 | 0048 b8c0 | 8eac 0300 

  0x0000000110f835dc: ;   {virtual_call}
  0x0000000110f835dc: 6000 00e8 

  0x0000000110f835e0: ; ImmutableOopMap {[56]=Oop }
                      ;*invokeinterface forEachRemaining {reexecute=0 rethrow=0 return_oop=0}
                      ; - java.util.stream.AbstractPipeline::copyInto@32 (line 509)
  0x0000000110f835e0: ac33 9706 | 488b 7424 | 380f 1f40 | 0048 b820 | abb2 0300 

  0x0000000110f835f4: ;   {virtual_call}
  0x0000000110f835f4: 6000 00e8 

  0x0000000110f835f8: ; ImmutableOopMap {}
                      ;*invokeinterface end {reexecute=0 rethrow=0 return_oop=0}
                      ; - java.util.stream.AbstractPipeline::copyInto@38 (line 510)
  0x0000000110f835f8: 9433 9706 | 4883 c460 

  0x0000000110f83600: ;   {poll_return}
  0x0000000110f83600: 5d49 3ba7 | 4803 0000 | 0f87 ce00 | 0000 c348 | 8b54 2438 | 488b 4c24 | 4066 0f1f 

  0x0000000110f8361c: ;   {optimized virtual_call}
  0x0000000110f8361c: 4400 00e8 

  0x0000000110f83620: ; ImmutableOopMap {}
                      ;*invokevirtual copyIntoWithCancel {reexecute=0 rethrow=0 return_oop=0}
                      ; - java.util.stream.AbstractPipeline::copyInto@49 (line 513)
  0x0000000110f83620: fc44 8aff | 4883 c460 

  0x0000000110f83628: ;   {poll_return}
  0x0000000110f83628: 5d49 3ba7 | 4803 0000 | 0f87 bc00 | 0000 c348 | 8974 2450 | 0f1f 4000 

  0x0000000110f83640: ;   {no_reloc}
  0x0000000110f83640: e9d2 0000 | 0000 0000 | 0000 498b | 8708 0100 | 0048 8d78 | 3049 3bbf | 1801 0000 | 0f87 bf00 
  0x0000000110f83660: 0000 4989 | bf08 0100 | 0048 c700 | 0100 0000 | 488b ca49 | ba00 0000 | 2201 0000 | 0049 2bca 
  0x0000000110f83680: 8948 0848 | 33c9 8948 | 0c48 33c9 | 4889 4810 | 4889 4818 | 4889 4820 | 4889 4828 | 488b f048 
  0x0000000110f836a0: 8944 2448 

  0x0000000110f836a4: ;   {optimized virtual_call}
  0x0000000110f836a4: 6666 90e8 

  0x0000000110f836a8: ; ImmutableOopMap {[72]=Oop [64]=Oop [80]=Oop [56]=Oop }
                      ;*invokespecial <init> {reexecute=0 rethrow=0 return_oop=0}
                      ; - java.util.Objects::requireNonNull@8 (line 209)
                      ; - java.util.stream.AbstractPipeline::copyInto@1 (line 505)
  0x0000000110f836a8: d419 8c06 | 488b 4424 | 48e9 9700 

  0x0000000110f836b4: ;   {metadata({method} {0x0000000122107e48} 'copyInto' '(Ljava/util/stream/Sink;Ljava/util/Spliterator;)V' in 'java/util/stream/AbstractPipeline')}
  0x0000000110f836b4: 0000 49ba | 487e 1022 | 0100 0000 | 4c89 5424 | 0848 c704 | 24ff ffff 

  0x0000000110f836cc: ;   {runtime_call counter_overflow Runtime1 stub}
  0x0000000110f836cc: ffe8 ae8e 

  0x0000000110f836d0: ; ImmutableOopMap {rsi=Oop rdx=Oop [56]=Oop rcx=Oop [64]=Oop }
                      ;*synchronization entry
                      ; - java.util.stream.AbstractPipeline::copyInto@-1 (line 505)
  0x0000000110f836d0: 9606 e981 

  0x0000000110f836d4: ;   {runtime_call throw_null_pointer_exception Runtime1 stub}
  0x0000000110f836d4: feff ffe8 

  0x0000000110f836d8: ; ImmutableOopMap {rsi=Oop rdx=Oop [56]=Oop rcx=Oop [64]=Oop rbx=Oop }
                      ;*getfield preserve {reexecute=1 rethrow=0 return_oop=0}
                      ; - (reexecute) java.util.stream.StreamOpFlag::isKnown@2 (line 503)
                      ; - java.util.stream.AbstractPipeline::copyInto@12 (line 507)
  0x0000000110f836d8: c42e 9606 

  0x0000000110f836dc: ;   {internal_word}
  0x0000000110f836dc: 49ba 0136 | f810 0100 | 0000 4d89 | 9760 0300 

  0x0000000110f836ec: ;   {runtime_call SafepointBlob}
  0x0000000110f836ec: 00e9 0e80 

  0x0000000110f836f0: ;   {internal_word}
  0x0000000110f836f0: 8c06 49ba | 2936 f810 | 0100 0000 | 4d89 9760 

  0x0000000110f83700: ;   {runtime_call SafepointBlob}
  0x0000000110f83700: 0300 00e9 | f87f 8c06 

  0x0000000110f83708: ;   {metadata(NULL)}
  0x0000000110f83708: 48ba 0000 | 0000 0000 | 0000 b800 

  0x0000000110f83714: ;   {runtime_call load_klass_patching Runtime1 stub}
  0x0000000110f83714: 0f05 0ae8 

  0x0000000110f83718: ; ImmutableOopMap {[80]=Oop [64]=Oop [56]=Oop }
                      ;*new {reexecute=1 rethrow=0 return_oop=0}
                      ; - (reexecute) java.util.Objects::requireNonNull@4 (line 209)
                      ; - java.util.stream.AbstractPipeline::copyInto@1 (line 505)
  0x0000000110f83718: e47a 9606 | e91f ffff | ff48 8bd2 

  0x0000000110f83724: ;   {runtime_call fast_new_instance Runtime1 stub}
  0x0000000110f83724: e857 3a96 

  0x0000000110f83728: ; ImmutableOopMap {[56]=Oop [80]=Oop [64]=Oop }
                      ;*new {reexecute=0 rethrow=0 return_oop=0}
                      ; - java.util.Objects::requireNonNull@4 (line 209)
                      ; - java.util.stream.AbstractPipeline::copyInto@1 (line 505)
  0x0000000110f83728: 06e9 6eff | ffff 9090 | 498b 87d8 | 0300 0049 | c787 d803 | 0000 0000 | 0000 49c7 | 87e0 0300 
  0x0000000110f83748: 0000 0000 | 0048 83c4 

  0x0000000110f83750: ;   {runtime_call unwind_exception Runtime1 stub}
  0x0000000110f83750: 605d e929 | 1f96 06f4 | f4f4 f4f4 | f4f4 f4f4 
[Stub Code]
  0x0000000110f83760: ;   {no_reloc}
  0x0000000110f83760: 0f1f 4400 

  0x0000000110f83764: ;   {static_stub}
  0x0000000110f83764: 0048 bb00 | 0000 0000 

  0x0000000110f8376c: ;   {runtime_call}
  0x0000000110f8376c: 0000 00e9 | fbff ffff 

  0x0000000110f83774: ;   {static_stub}
  0x0000000110f83774: 9048 bb00 | 0000 0000 

  0x0000000110f8377c: ;   {runtime_call}
  0x0000000110f8377c: 0000 00e9 | fbff ffff 

  0x0000000110f83784: ;   {static_stub}
  0x0000000110f83784: 9048 bb00 | 0000 0000 

  0x0000000110f8378c: ;   {runtime_call}
  0x0000000110f8378c: 0000 00e9 | fbff ffff 

  0x0000000110f83794: ;   {static_stub}
  0x0000000110f83794: 9048 bb00 | 0000 0000 

  0x0000000110f8379c: ;   {runtime_call}
  0x0000000110f8379c: 0000 00e9 | fbff ffff 

  0x0000000110f837a4: ;   {static_stub}
  0x0000000110f837a4: 9048 bb00 | 0000 0000 

  0x0000000110f837ac: ;   {runtime_call}
  0x0000000110f837ac: 0000 00e9 | fbff ffff 

  0x0000000110f837b4: ;   {static_stub}
  0x0000000110f837b4: 9048 bb00 | 0000 0000 

  0x0000000110f837bc: ;   {runtime_call}
  0x0000000110f837bc: 0000 00e9 | fbff ffff 
[Exception Handler]
  0x0000000110f837c4: ;   {runtime_call handle_exception_from_callee Runtime1 stub}
  0x0000000110f837c4: e8b7 5496 

  0x0000000110f837c8: ;   {external_word}
  0x0000000110f837c8: 0648 bf43 | 9a3f 0201 | 0000 0048 

  0x0000000110f837d4: ;   {runtime_call MacroAssembler::debug64(char*, long long, long long*)}
  0x0000000110f837d4: 83e4 f0e8 | 4485 08f1 

  0x0000000110f837dc: ;   {section_word}
  0x0000000110f837dc: f449 badd | 37f8 1001 | 0000 0041 

  0x0000000110f837e8: ;   {runtime_call DeoptimizationBlob}
  0x0000000110f837e8: 52e9 b271 | 8c06 f4f4 
[/MachCode]


---------------  P R O C E S S  ---------------

Threads class SMR info:
_java_thread_list=0x0000600003ac9020, length=35, elements={
0x00007fe2f3809e00, 0x00007fe2f3018e00, 0x00007fe2f301b600, 0x00007fe2f4089200,
0x00007fe2f3837600, 0x00007fe2f800a400, 0x00007fe2f1812000, 0x00007fe2f1812600,
0x00007fe2f7812a00, 0x00007fe2f3019a00, 0x00007fe2f684aa00, 0x00007fe2f13fc800,
0x00007fe2f1081a00, 0x00007fe2f187ec00, 0x00007fe2f4354600, 0x00007fe2f380a400,
0x00007fe2f6a1e400, 0x00007fe2f3af3c00, 0x00007fe2f81d4c00, 0x00007fe2f1463600,
0x00007fe2f6e03600, 0x00007fe2f7812000, 0x00007fe2f28eac00, 0x00007fe2f2814600,
0x00007fe2f3a3b800, 0x00007fe2f5159800, 0x00007fe2f28ea600, 0x00007fe2fcb2e200,
0x00007fe2f8008200, 0x00007fe2f6f77a00, 0x00007fe2f28ec200, 0x00007fe2f792be00,
0x00007fe2f793c400, 0x00007fe2f9146a00, 0x00007fe2f3c39800
}

Java Threads: ( => current thread )
  0x00007fe2f3809e00 JavaThread "main" [_thread_blocked, id=8707, stack(0x000070000aef0000,0x000070000aff0000)]
  0x00007fe2f3018e00 JavaThread "Reference Handler" daemon [_thread_blocked, id=23299, stack(0x000070000b605000,0x000070000b705000)]
  0x00007fe2f301b600 JavaThread "Finalizer" daemon [_thread_blocked, id=23555, stack(0x000070000b708000,0x000070000b808000)]
  0x00007fe2f4089200 JavaThread "Signal Dispatcher" daemon [_thread_blocked, id=28931, stack(0x000070000b911000,0x000070000ba11000)]
  0x00007fe2f3837600 JavaThread "Service Thread" daemon [_thread_blocked, id=28419, stack(0x000070000ba14000,0x000070000bb14000)]
  0x00007fe2f800a400 JavaThread "Monitor Deflation Thread" daemon [_thread_blocked, id=28163, stack(0x000070000bb17000,0x000070000bc17000)]
  0x00007fe2f1812000 JavaThread "C2 CompilerThread0" daemon [_thread_in_native, id=25091, stack(0x000070000bc1a000,0x000070000bd1a000)]
  0x00007fe2f1812600 JavaThread "C1 CompilerThread0" daemon [_thread_blocked, id=25347, stack(0x000070000bd1d000,0x000070000be1d000)]
  0x00007fe2f7812a00 JavaThread "Sweeper thread" daemon [_thread_blocked, id=27139, stack(0x000070000be20000,0x000070000bf20000)]
  0x00007fe2f3019a00 JavaThread "Common-Cleaner" daemon [_thread_blocked, id=26883, stack(0x000070000bf23000,0x000070000c023000)]
  0x00007fe2f684aa00 JavaThread "Notification Thread" daemon [_thread_blocked, id=26627, stack(0x000070000c026000,0x000070000c126000)]
  0x00007fe2f13fc800 JavaThread "Daemon health stats" [_thread_blocked, id=41219, stack(0x000070000c941000,0x000070000ca41000)]
  0x00007fe2f1081a00 JavaThread "Incoming local TCP Connector on port 49981" [_thread_in_native, id=40963, stack(0x000070000ca44000,0x000070000cb44000)]
  0x00007fe2f187ec00 JavaThread "Daemon periodic checks" [_thread_blocked, id=40451, stack(0x000070000cb47000,0x000070000cc47000)]
  0x00007fe2f4354600 JavaThread "Cache worker for journal cache (/Users/macbook/.gradle/caches/journal-1)" [_thread_blocked, id=36867, stack(0x000070000d35f000,0x000070000d45f000)]
  0x00007fe2f380a400 JavaThread "File lock request listener" [_thread_in_native, id=38403, stack(0x000070000d462000,0x000070000d562000)]
  0x00007fe2f6a1e400 JavaThread "Cache worker for file hash cache (/Users/macbook/.gradle/caches/8.13/fileHashes)" [_thread_blocked, id=37635, stack(0x000070000d565000,0x000070000d665000)]
  0x00007fe2f3af3c00 JavaThread "File watcher server" daemon [_thread_in_native, id=63235, stack(0x000070000de80000,0x000070000df80000)]
  0x00007fe2f81d4c00 JavaThread "File watcher consumer" daemon [_thread_blocked, id=45315, stack(0x000070000df83000,0x000070000e083000)]
  0x00007fe2f1463600 JavaThread "jar transforms" [_thread_blocked, id=47875, stack(0x000070000e89e000,0x000070000e99e000)]
  0x00007fe2f6e03600 JavaThread "Cache worker for file content cache (/Users/macbook/.gradle/caches/8.13/fileContent)" [_thread_blocked, id=58627, stack(0x000070000eaa4000,0x000070000eba4000)]
  0x00007fe2f7812000 JavaThread "Daemon Thread 2" [_thread_blocked, id=45575, stack(0x000070000c22c000,0x000070000c32c000)]
=>0x00007fe2f28eac00 JavaThread "Daemon worker Thread 2" [_thread_in_vm, id=39943, stack(0x000070000cd4d000,0x000070000ce4d000)]
  0x00007fe2f2814600 JavaThread "VFS cleanup Thread 2" [_thread_blocked, id=43283, stack(0x000070000ce50000,0x000070000cf50000)]
  0x00007fe2f3a3b800 JavaThread "Handler for socket connection from /127.0.0.1:49981 to /127.0.0.1:50129" [_thread_in_native, id=34843, stack(0x000070000c32f000,0x000070000c42f000)]
  0x00007fe2f5159800 JavaThread "Cancel handler" [_thread_blocked, id=39439, stack(0x000070000cc4a000,0x000070000cd4a000)]
  0x00007fe2f28ea600 JavaThread "Asynchronous log dispatcher for DefaultDaemonConnection: socket connection from /127.0.0.1:49981 to /127.0.0.1:50129" [_thread_blocked, id=35339, stack(0x000070000cf53000,0x000070000d053000)]
  0x00007fe2fcb2e200 JavaThread "Stdin handler" [_thread_blocked, id=35875, stack(0x000070000d056000,0x000070000d156000)]
  0x00007fe2f8008200 JavaThread "Daemon client event forwarder" [_thread_blocked, id=38947, stack(0x000070000d159000,0x000070000d259000)]
  0x00007fe2f6f77a00 JavaThread "Cache worker for file hash cache (/Users/macbook/projects/Alse/android/.gradle/8.13/fileHashes)" [_thread_blocked, id=29971, stack(0x000070000d25c000,0x000070000d35c000)]
  0x00007fe2f28ec200 JavaThread "Cache worker for Build Output Cleanup Cache (/Users/macbook/projects/Alse/android/.gradle/buildOutputCleanup)" [_thread_blocked, id=57619, stack(0x000070000da74000,0x000070000db74000)]
  0x00007fe2f792be00 JavaThread "Cache worker for checksums cache (/Users/macbook/projects/Alse/android/.gradle/8.13/checksums)" [_thread_blocked, id=64795, stack(0x000070000db77000,0x000070000dc77000)]
  0x00007fe2f793c400 JavaThread "Cache worker for cache directory md-supplier (/Users/macbook/.gradle/caches/8.13/md-supplier)" [_thread_blocked, id=36619, stack(0x000070000e086000,0x000070000e186000)]
  0x00007fe2f9146a00 JavaThread "Cache worker for cache directory md-rule (/Users/macbook/.gradle/caches/8.13/md-rule)" [_thread_blocked, id=48155, stack(0x000070000e9a1000,0x000070000eaa1000)]
  0x00007fe2f3c39800 JavaThread "Cache worker for Build Output Cleanup Cache (/Users/macbook/projects/Alse/node_modules/@react-native/gradle-plugin/.gradle/buildOutputCleanup)" [_thread_blocked, id=64271, stack(0x000070000eba7000,0x000070000eca7000)]

Other Threads:
  0x00007fe2f25053d0 VMThread "VM Thread" [stack: 0x000070000b502000,0x000070000b602000] [id=17667]
  0x00007fe2f251a790 WatcherThread [stack: 0x000070000c129000,0x000070000c229000] [id=26115]
  0x00007fe2f2307a80 GCTaskThread "GC Thread#0" [stack: 0x000070000aff3000,0x000070000b0f3000] [id=13059]
  0x00007fe2f0f0c670 GCTaskThread "GC Thread#1" [stack: 0x000070000c432000,0x000070000c532000] [id=33283]
  0x00007fe2f0f0cb00 GCTaskThread "GC Thread#2" [stack: 0x000070000c535000,0x000070000c635000] [id=42499]
  0x00007fe2f0f0cf90 GCTaskThread "GC Thread#3" [stack: 0x000070000c638000,0x000070000c738000] [id=33795]
  0x00007fe2f0f0d420 GCTaskThread "GC Thread#4" [stack: 0x000070000c73b000,0x000070000c83b000] [id=34051]
  0x00007fe2f0f0d8b0 GCTaskThread "GC Thread#5" [stack: 0x000070000c83e000,0x000070000c93e000] [id=34307]
  0x00007fe2f2322c90 GCTaskThread "GC Thread#6" [stack: 0x000070000d668000,0x000070000d768000] [id=38147]
  0x00007fe2f23232d0 GCTaskThread "GC Thread#7" [stack: 0x000070000d76b000,0x000070000d86b000] [id=43779]
  0x00007fe2f2323760 GCTaskThread "GC Thread#8" [stack: 0x000070000d86e000,0x000070000d96e000] [id=44035]
  0x00007fe2f0f227c0 GCTaskThread "GC Thread#9" [stack: 0x000070000d971000,0x000070000da71000] [id=65027]
  0x00007fe2f62042b0 ConcurrentGCThread "G1 Main Marker" [stack: 0x000070000b0f6000,0x000070000b1f6000] [id=14339]
  0x00007fe2f6204b40 ConcurrentGCThread "G1 Conc#0" [stack: 0x000070000b1f9000,0x000070000b2f9000] [id=13827]
  0x00007fe2f2536c00 ConcurrentGCThread "G1 Conc#1" [stack: 0x000070000dc7a000,0x000070000dd7a000] [id=64003]
  0x00007fe2f23270c0 ConcurrentGCThread "G1 Conc#2" [stack: 0x000070000dd7d000,0x000070000de7d000] [id=45059]
  0x00007fe2f25044c0 ConcurrentGCThread "G1 Refine#0" [stack: 0x000070000b2fc000,0x000070000b3fc000] [id=21251]
  0x00007fe2f253e620 ConcurrentGCThread "G1 Refine#1" [stack: 0x000070000e189000,0x000070000e289000] [id=45827]
  0x00007fe2f760c2d0 ConcurrentGCThread "G1 Refine#2" [stack: 0x000070000e28c000,0x000070000e38c000] [id=61699]
  0x00007fe2f26145e0 ConcurrentGCThread "G1 Refine#3" [stack: 0x000070000e38f000,0x000070000e48f000] [id=61187]
  0x00007fe2f200f9c0 ConcurrentGCThread "G1 Refine#4" [stack: 0x000070000e492000,0x000070000e592000] [id=60675]
  0x00007fe2f8811940 ConcurrentGCThread "G1 Refine#5" [stack: 0x000070000e595000,0x000070000e695000] [id=47107]
  0x00007fe2f7710e70 ConcurrentGCThread "G1 Refine#6" [stack: 0x000070000e698000,0x000070000e798000] [id=59651]
  0x00007fe2f2010160 ConcurrentGCThread "G1 Refine#7" [stack: 0x000070000e79b000,0x000070000e89b000] [id=59395]
  0x00007fe2f2308050 ConcurrentGCThread "G1 Service" [stack: 0x000070000b3ff000,0x000070000b4ff000] [id=16899]

Threads with active compile tasks:
C2 CompilerThread0   107522 9211       4       org.gradle.internal.service.DefaultServiceRegistry$OwnServices::getService (317 bytes)

VM state: not at safepoint (normal execution)

VM Mutex/Monitor currently owned by a thread: None

Heap address: 0x0000000780000000, size: 2048 MB, Compressed Oops mode: Zero based, Oop shift amount: 3

CDS archive(s) mapped at: [0x0000000122000000-0x0000000122bed000-0x0000000122bed000), size 12505088, SharedBaseAddress: 0x0000000122000000, ArchiveRelocationMode: 1.
Compressed class space mapped at: 0x0000000123000000-0x000000013d000000, reserved size: 436207616
Narrow klass base: 0x0000000122000000, Narrow klass shift: 0, Narrow klass range: 0x100000000

GC Precious Log:
 CPUs: 12 total, 12 available
 Memory: 16384M
 Large Page Support: Disabled
 NUMA Support: Disabled
 Compressed Oops: Enabled (Zero based)
 Heap Region Size: 1M
 Heap Min Capacity: 8M
 Heap Initial Capacity: 256M
 Heap Max Capacity: 2G
 Pre-touch: Disabled
 Parallel Workers: 10
 Concurrent Workers: 3
 Concurrent Refinement Workers: 10
 Periodic GC: Disabled

Heap:
 garbage-first heap   total 208896K, used 94677K [0x0000000780000000, 0x0000000800000000)
  region size 1024K, 19 young (19456K), 4 survivors (4096K)
 Metaspace       used 86761K, committed 87360K, reserved 557056K
  class space    used 11660K, committed 11904K, reserved 425984K

Heap Regions: E=young(eden), S=young(survivor), O=old, HS=humongous(starts), HC=humongous(continues), CS=collection set, F=free, OA=open archive, CA=closed archive, TAMS=top-at-mark-start (previous, next)
|   0|0x0000000780000000, 0x0000000780100000, 0x0000000780100000|100%|HS|  |TAMS 0x0000000780100000, 0x0000000780000000| Complete 
|   1|0x0000000780100000, 0x0000000780200000, 0x0000000780200000|100%|HC|  |TAMS 0x0000000780200000, 0x0000000780100000| Complete 
|   2|0x0000000780200000, 0x0000000780300000, 0x0000000780300000|100%|HC|  |TAMS 0x0000000780300000, 0x0000000780200000| Complete 
|   3|0x0000000780300000, 0x0000000780400000, 0x0000000780400000|100%| O|  |TAMS 0x0000000780400000, 0x0000000780300000| Untracked 
|   4|0x0000000780400000, 0x0000000780500000, 0x0000000780500000|100%| O|  |TAMS 0x0000000780500000, 0x0000000780400000| Untracked 
|   5|0x0000000780500000, 0x0000000780600000, 0x0000000780600000|100%| O|  |TAMS 0x0000000780600000, 0x0000000780500000| Untracked 
|   6|0x0000000780600000, 0x0000000780700000, 0x0000000780700000|100%| O|  |TAMS 0x0000000780700000, 0x0000000780600000| Untracked 
|   7|0x0000000780700000, 0x0000000780800000, 0x0000000780800000|100%| O|  |TAMS 0x0000000780800000, 0x0000000780700000| Untracked 
|   8|0x0000000780800000, 0x0000000780900000, 0x0000000780900000|100%| O|  |TAMS 0x0000000780900000, 0x0000000780800000| Untracked 
|   9|0x0000000780900000, 0x0000000780a00000, 0x0000000780a00000|100%| O|  |TAMS 0x0000000780a00000, 0x0000000780900000| Untracked 
|  10|0x0000000780a00000, 0x0000000780b00000, 0x0000000780b00000|100%|HS|  |TAMS 0x0000000780b00000, 0x0000000780a00000| Complete 
|  11|0x0000000780b00000, 0x0000000780bea800, 0x0000000780c00000| 91%| O|  |TAMS 0x0000000780bea800, 0x0000000780b00000| Untracked 
|  12|0x0000000780c00000, 0x0000000780d00000, 0x0000000780d00000|100%| O|  |TAMS 0x0000000780d00000, 0x0000000780c00000| Untracked 
|  13|0x0000000780d00000, 0x0000000780e00000, 0x0000000780e00000|100%| O|  |TAMS 0x0000000780e00000, 0x0000000780d00000| Untracked 
|  14|0x0000000780e00000, 0x0000000780f00000, 0x0000000780f00000|100%| O|  |TAMS 0x0000000780f00000, 0x0000000780e00000| Untracked 
|  15|0x0000000780f00000, 0x0000000781000000, 0x0000000781000000|100%| O|  |TAMS 0x0000000781000000, 0x0000000780f00000| Untracked 
|  16|0x0000000781000000, 0x0000000781100000, 0x0000000781100000|100%| O|  |TAMS 0x0000000781100000, 0x0000000781000000| Untracked 
|  17|0x0000000781100000, 0x0000000781200000, 0x0000000781200000|100%| O|  |TAMS 0x0000000781200000, 0x0000000781100000| Untracked 
|  18|0x0000000781200000, 0x0000000781300000, 0x0000000781300000|100%| O|  |TAMS 0x0000000781300000, 0x0000000781200000| Untracked 
|  19|0x0000000781300000, 0x0000000781400000, 0x0000000781400000|100%| O|  |TAMS 0x0000000781400000, 0x0000000781300000| Untracked 
|  20|0x0000000781400000, 0x0000000781500000, 0x0000000781500000|100%| O|  |TAMS 0x0000000781500000, 0x0000000781400000| Untracked 
|  21|0x0000000781500000, 0x0000000781600000, 0x0000000781600000|100%| O|  |TAMS 0x0000000781600000, 0x0000000781500000| Untracked 
|  22|0x0000000781600000, 0x0000000781700000, 0x0000000781700000|100%| O|  |TAMS 0x0000000781700000, 0x0000000781600000| Untracked 
|  23|0x0000000781700000, 0x0000000781800000, 0x0000000781800000|100%| O|  |TAMS 0x0000000781800000, 0x0000000781700000| Untracked 
|  24|0x0000000781800000, 0x0000000781900000, 0x0000000781900000|100%| O|  |TAMS 0x0000000781900000, 0x0000000781800000| Untracked 
|  25|0x0000000781900000, 0x0000000781a00000, 0x0000000781a00000|100%| O|  |TAMS 0x0000000781a00000, 0x0000000781900000| Untracked 
|  26|0x0000000781a00000, 0x0000000781b00000, 0x0000000781b00000|100%| O|  |TAMS 0x0000000781b00000, 0x0000000781a00000| Untracked 
|  27|0x0000000781b00000, 0x0000000781c00000, 0x0000000781c00000|100%| O|  |TAMS 0x0000000781c00000, 0x0000000781b00000| Untracked 
|  28|0x0000000781c00000, 0x0000000781d00000, 0x0000000781d00000|100%| O|  |TAMS 0x0000000781d00000, 0x0000000781c00000| Untracked 
|  29|0x0000000781d00000, 0x0000000781e00000, 0x0000000781e00000|100%| O|  |TAMS 0x0000000781e00000, 0x0000000781d00000| Untracked 
|  30|0x0000000781e00000, 0x0000000781f00000, 0x0000000781f00000|100%| O|  |TAMS 0x0000000781f00000, 0x0000000781e00000| Untracked 
|  31|0x0000000781f00000, 0x0000000782000000, 0x0000000782000000|100%| O|  |TAMS 0x0000000782000000, 0x0000000781f00000| Untracked 
|  32|0x0000000782000000, 0x0000000782100000, 0x0000000782100000|100%| O|  |TAMS 0x0000000782100000, 0x0000000782000000| Untracked 
|  33|0x0000000782100000, 0x0000000782200000, 0x0000000782200000|100%| O|  |TAMS 0x0000000782200000, 0x0000000782100000| Untracked 
|  34|0x0000000782200000, 0x0000000782300000, 0x0000000782300000|100%| O|  |TAMS 0x0000000782300000, 0x0000000782200000| Untracked 
|  35|0x0000000782300000, 0x0000000782400000, 0x0000000782400000|100%|HS|  |TAMS 0x0000000782300000, 0x0000000782300000| Complete 
|  36|0x0000000782400000, 0x0000000782500000, 0x0000000782500000|100%| O|  |TAMS 0x0000000782500000, 0x0000000782400000| Untracked 
|  37|0x0000000782500000, 0x0000000782600000, 0x0000000782600000|100%| O|  |TAMS 0x0000000782500000, 0x0000000782500000| Untracked 
|  38|0x0000000782600000, 0x0000000782700000, 0x0000000782700000|100%| O|  |TAMS 0x0000000782600000, 0x0000000782600000| Untracked 
|  39|0x0000000782700000, 0x0000000782800000, 0x0000000782800000|100%| O|  |TAMS 0x0000000782700000, 0x0000000782700000| Untracked 
|  40|0x0000000782800000, 0x0000000782900000, 0x0000000782900000|100%| O|  |TAMS 0x0000000782900000, 0x0000000782800000| Untracked 
|  41|0x0000000782900000, 0x0000000782a00000, 0x0000000782a00000|100%| O|  |TAMS 0x0000000782a00000, 0x0000000782900000| Untracked 
|  42|0x0000000782a00000, 0x0000000782b00000, 0x0000000782b00000|100%| O|  |TAMS 0x0000000782b00000, 0x0000000782a00000| Untracked 
|  43|0x0000000782b00000, 0x0000000782c00000, 0x0000000782c00000|100%| O|  |TAMS 0x0000000782c00000, 0x0000000782b00000| Untracked 
|  44|0x0000000782c00000, 0x0000000782d00000, 0x0000000782d00000|100%| O|  |TAMS 0x0000000782c00000, 0x0000000782c00000| Untracked 
|  45|0x0000000782d00000, 0x0000000782e00000, 0x0000000782e00000|100%| O|  |TAMS 0x0000000782e00000, 0x0000000782d00000| Untracked 
|  46|0x0000000782e00000, 0x0000000782f00000, 0x0000000782f00000|100%| O|  |TAMS 0x0000000782f00000, 0x0000000782e00000| Untracked 
|  47|0x0000000782f00000, 0x0000000783000000, 0x0000000783000000|100%| O|  |TAMS 0x0000000782f00000, 0x0000000782f00000| Untracked 
|  48|0x0000000783000000, 0x0000000783100000, 0x0000000783100000|100%| O|  |TAMS 0x0000000783000000, 0x0000000783000000| Untracked 
|  49|0x0000000783100000, 0x00000007831ffc00, 0x0000000783200000| 99%| O|  |TAMS 0x0000000783184c00, 0x0000000783100000| Untracked 
|  50|0x0000000783200000, 0x0000000783300000, 0x0000000783300000|100%| O|  |TAMS 0x0000000783200000, 0x0000000783200000| Untracked 
|  51|0x0000000783300000, 0x0000000783400000, 0x0000000783400000|100%| O|  |TAMS 0x0000000783300000, 0x0000000783300000| Untracked 
|  52|0x0000000783400000, 0x0000000783500000, 0x0000000783500000|100%| O|  |TAMS 0x0000000783400000, 0x0000000783400000| Untracked 
|  53|0x0000000783500000, 0x0000000783600000, 0x0000000783600000|100%| O|  |TAMS 0x0000000783500000, 0x0000000783500000| Untracked 
|  54|0x0000000783600000, 0x0000000783700000, 0x0000000783700000|100%| O|  |TAMS 0x0000000783600000, 0x0000000783600000| Untracked 
|  55|0x0000000783700000, 0x0000000783800000, 0x0000000783800000|100%| O|  |TAMS 0x0000000783700000, 0x0000000783700000| Untracked 
|  56|0x0000000783800000, 0x0000000783900000, 0x0000000783900000|100%|HS|  |TAMS 0x0000000783800000, 0x0000000783800000| Complete 
|  57|0x0000000783900000, 0x0000000783a00000, 0x0000000783a00000|100%| O|  |TAMS 0x0000000783900000, 0x0000000783900000| Untracked 
|  58|0x0000000783a00000, 0x0000000783b00000, 0x0000000783b00000|100%| O|  |TAMS 0x0000000783a00000, 0x0000000783a00000| Untracked 
|  59|0x0000000783b00000, 0x0000000783c00000, 0x0000000783c00000|100%| O|  |TAMS 0x0000000783b00000, 0x0000000783b00000| Untracked 
|  60|0x0000000783c00000, 0x0000000783d00000, 0x0000000783d00000|100%| O|  |TAMS 0x0000000783c00000, 0x0000000783c00000| Untracked 
|  61|0x0000000783d00000, 0x0000000783e00000, 0x0000000783e00000|100%| O|  |TAMS 0x0000000783d00000, 0x0000000783d00000| Untracked 
|  62|0x0000000783e00000, 0x0000000783f00000, 0x0000000783f00000|100%| O|  |TAMS 0x0000000783e00000, 0x0000000783e00000| Untracked 
|  63|0x0000000783f00000, 0x0000000784000000, 0x0000000784000000|100%|HS|  |TAMS 0x0000000783f00000, 0x0000000783f00000| Complete 
|  64|0x0000000784000000, 0x0000000784100000, 0x0000000784100000|100%|HC|  |TAMS 0x0000000784000000, 0x0000000784000000| Complete 
|  65|0x0000000784100000, 0x0000000784200000, 0x0000000784200000|100%|HC|  |TAMS 0x0000000784100000, 0x0000000784100000| Complete 
|  66|0x0000000784200000, 0x0000000784300000, 0x0000000784300000|100%|HC|  |TAMS 0x0000000784200000, 0x0000000784200000| Complete 
|  67|0x0000000784300000, 0x0000000784400000, 0x0000000784400000|100%|HC|  |TAMS 0x0000000784300000, 0x0000000784300000| Complete 
|  68|0x0000000784400000, 0x0000000784500000, 0x0000000784500000|100%|HC|  |TAMS 0x0000000784400000, 0x0000000784400000| Complete 
|  69|0x0000000784500000, 0x00000007845d4a00, 0x0000000784600000| 83%| O|  |TAMS 0x0000000784500000, 0x0000000784500000| Untracked 
|  70|0x0000000784600000, 0x0000000784600000, 0x0000000784700000|  0%| F|  |TAMS 0x0000000784600000, 0x0000000784600000| Untracked 
|  71|0x0000000784700000, 0x0000000784700000, 0x0000000784800000|  0%| F|  |TAMS 0x0000000784700000, 0x0000000784700000| Untracked 
|  72|0x0000000784800000, 0x0000000784800000, 0x0000000784900000|  0%| F|  |TAMS 0x0000000784800000, 0x0000000784800000| Untracked 
|  73|0x0000000784900000, 0x0000000784900000, 0x0000000784a00000|  0%| F|  |TAMS 0x0000000784900000, 0x0000000784900000| Untracked 
|  74|0x0000000784a00000, 0x0000000784a00000, 0x0000000784b00000|  0%| F|  |TAMS 0x0000000784a00000, 0x0000000784a00000| Untracked 
|  75|0x0000000784b00000, 0x0000000784b00000, 0x0000000784c00000|  0%| F|  |TAMS 0x0000000784b00000, 0x0000000784b00000| Untracked 
|  76|0x0000000784c00000, 0x0000000784c00000, 0x0000000784d00000|  0%| F|  |TAMS 0x0000000784c00000, 0x0000000784c00000| Untracked 
|  77|0x0000000784d00000, 0x0000000784d00000, 0x0000000784e00000|  0%| F|  |TAMS 0x0000000784d00000, 0x0000000784d00000| Untracked 
|  78|0x0000000784e00000, 0x0000000784e00000, 0x0000000784f00000|  0%| F|  |TAMS 0x0000000784e00000, 0x0000000784e00000| Untracked 
|  79|0x0000000784f00000, 0x0000000784f00000, 0x0000000785000000|  0%| F|  |TAMS 0x0000000784f00000, 0x0000000784f00000| Untracked 
|  80|0x0000000785000000, 0x0000000785100000, 0x0000000785100000|100%| O|  |TAMS 0x0000000785000000, 0x0000000785000000| Untracked 
|  81|0x0000000785100000, 0x0000000785200000, 0x0000000785200000|100%| O|  |TAMS 0x0000000785100000, 0x0000000785100000| Untracked 
|  82|0x0000000785200000, 0x0000000785300000, 0x0000000785300000|100%| O|  |TAMS 0x0000000785200000, 0x0000000785200000| Untracked 
|  83|0x0000000785300000, 0x0000000785400000, 0x0000000785400000|100%| O|  |TAMS 0x0000000785300000, 0x0000000785300000| Untracked 
|  84|0x0000000785400000, 0x0000000785400000, 0x0000000785500000|  0%| F|  |TAMS 0x0000000785400000, 0x0000000785400000| Untracked 
|  85|0x0000000785500000, 0x0000000785500000, 0x0000000785600000|  0%| F|  |TAMS 0x0000000785500000, 0x0000000785500000| Untracked 
|  86|0x0000000785600000, 0x0000000785600000, 0x0000000785700000|  0%| F|  |TAMS 0x0000000785600000, 0x0000000785600000| Untracked 
|  87|0x0000000785700000, 0x0000000785700000, 0x0000000785800000|  0%| F|  |TAMS 0x0000000785700000, 0x0000000785700000| Untracked 
|  88|0x0000000785800000, 0x0000000785800000, 0x0000000785900000|  0%| F|  |TAMS 0x0000000785800000, 0x0000000785800000| Untracked 
|  89|0x0000000785900000, 0x0000000785900000, 0x0000000785a00000|  0%| F|  |TAMS 0x0000000785900000, 0x0000000785900000| Untracked 
|  90|0x0000000785a00000, 0x0000000785a00000, 0x0000000785b00000|  0%| F|  |TAMS 0x0000000785a00000, 0x0000000785a00000| Untracked 
|  91|0x0000000785b00000, 0x0000000785b00000, 0x0000000785c00000|  0%| F|  |TAMS 0x0000000785b00000, 0x0000000785b00000| Untracked 
|  92|0x0000000785c00000, 0x0000000785c00000, 0x0000000785d00000|  0%| F|  |TAMS 0x0000000785c00000, 0x0000000785c00000| Untracked 
|  93|0x0000000785d00000, 0x0000000785d00000, 0x0000000785e00000|  0%| F|  |TAMS 0x0000000785d00000, 0x0000000785d00000| Untracked 
|  94|0x0000000785e00000, 0x0000000785e00000, 0x0000000785f00000|  0%| F|  |TAMS 0x0000000785e00000, 0x0000000785e00000| Untracked 
|  95|0x0000000785f00000, 0x0000000785f00000, 0x0000000786000000|  0%| F|  |TAMS 0x0000000785f00000, 0x0000000785f00000| Untracked 
|  96|0x0000000786000000, 0x0000000786000000, 0x0000000786100000|  0%| F|  |TAMS 0x0000000786000000, 0x0000000786000000| Untracked 
|  97|0x0000000786100000, 0x0000000786100000, 0x0000000786200000|  0%| F|  |TAMS 0x0000000786100000, 0x0000000786100000| Untracked 
|  98|0x0000000786200000, 0x0000000786200000, 0x0000000786300000|  0%| F|  |TAMS 0x0000000786200000, 0x0000000786200000| Untracked 
|  99|0x0000000786300000, 0x0000000786300000, 0x0000000786400000|  0%| F|  |TAMS 0x0000000786300000, 0x0000000786300000| Untracked 
| 100|0x0000000786400000, 0x0000000786400000, 0x0000000786500000|  0%| F|  |TAMS 0x0000000786400000, 0x0000000786400000| Untracked 
| 101|0x0000000786500000, 0x0000000786500000, 0x0000000786600000|  0%| F|  |TAMS 0x0000000786500000, 0x0000000786500000| Untracked 
| 102|0x0000000786600000, 0x0000000786600000, 0x0000000786700000|  0%| F|  |TAMS 0x0000000786600000, 0x0000000786600000| Untracked 
| 103|0x0000000786700000, 0x0000000786700000, 0x0000000786800000|  0%| F|  |TAMS 0x0000000786700000, 0x0000000786700000| Untracked 
| 104|0x0000000786800000, 0x0000000786800000, 0x0000000786900000|  0%| F|  |TAMS 0x0000000786800000, 0x0000000786800000| Untracked 
| 105|0x0000000786900000, 0x0000000786900000, 0x0000000786a00000|  0%| F|  |TAMS 0x0000000786900000, 0x0000000786900000| Untracked 
| 106|0x0000000786a00000, 0x0000000786a00000, 0x0000000786b00000|  0%| F|  |TAMS 0x0000000786a00000, 0x0000000786a00000| Untracked 
| 107|0x0000000786b00000, 0x0000000786b00000, 0x0000000786c00000|  0%| F|  |TAMS 0x0000000786b00000, 0x0000000786b00000| Untracked 
| 108|0x0000000786c00000, 0x0000000786c00000, 0x0000000786d00000|  0%| F|  |TAMS 0x0000000786c00000, 0x0000000786c00000| Untracked 
| 109|0x0000000786d00000, 0x0000000786d00000, 0x0000000786e00000|  0%| F|  |TAMS 0x0000000786d00000, 0x0000000786d00000| Untracked 
| 110|0x0000000786e00000, 0x0000000786ecb600, 0x0000000786f00000| 79%| S|CS|TAMS 0x0000000786e00000, 0x0000000786e00000| Complete 
| 111|0x0000000786f00000, 0x0000000787000000, 0x0000000787000000|100%| S|CS|TAMS 0x0000000786f00000, 0x0000000786f00000| Complete 
| 112|0x0000000787000000, 0x0000000787100000, 0x0000000787100000|100%| S|CS|TAMS 0x0000000787000000, 0x0000000787000000| Complete 
| 113|0x0000000787100000, 0x0000000787200000, 0x0000000787200000|100%| S|CS|TAMS 0x0000000787100000, 0x0000000787100000| Complete 
| 114|0x0000000787200000, 0x0000000787200000, 0x0000000787300000|  0%| F|  |TAMS 0x0000000787200000, 0x0000000787200000| Untracked 
| 115|0x0000000787300000, 0x0000000787300000, 0x0000000787400000|  0%| F|  |TAMS 0x0000000787300000, 0x0000000787300000| Untracked 
| 116|0x0000000787400000, 0x0000000787400000, 0x0000000787500000|  0%| F|  |TAMS 0x0000000787400000, 0x0000000787400000| Untracked 
| 117|0x0000000787500000, 0x0000000787500000, 0x0000000787600000|  0%| F|  |TAMS 0x0000000787500000, 0x0000000787500000| Untracked 
| 118|0x0000000787600000, 0x0000000787600000, 0x0000000787700000|  0%| F|  |TAMS 0x0000000787600000, 0x0000000787600000| Untracked 
| 119|0x0000000787700000, 0x0000000787700000, 0x0000000787800000|  0%| F|  |TAMS 0x0000000787700000, 0x0000000787700000| Untracked 
| 120|0x0000000787800000, 0x0000000787800000, 0x0000000787900000|  0%| F|  |TAMS 0x0000000787800000, 0x0000000787800000| Untracked 
| 121|0x0000000787900000, 0x0000000787900000, 0x0000000787a00000|  0%| F|  |TAMS 0x0000000787900000, 0x0000000787900000| Untracked 
| 122|0x0000000787a00000, 0x0000000787a00000, 0x0000000787b00000|  0%| F|  |TAMS 0x0000000787a00000, 0x0000000787a00000| Untracked 
| 123|0x0000000787b00000, 0x0000000787b00000, 0x0000000787c00000|  0%| F|  |TAMS 0x0000000787b00000, 0x0000000787b00000| Untracked 
| 124|0x0000000787c00000, 0x0000000787c00000, 0x0000000787d00000|  0%| F|  |TAMS 0x0000000787c00000, 0x0000000787c00000| Untracked 
| 125|0x0000000787d00000, 0x0000000787d00000, 0x0000000787e00000|  0%| F|  |TAMS 0x0000000787d00000, 0x0000000787d00000| Untracked 
| 126|0x0000000787e00000, 0x0000000787e00000, 0x0000000787f00000|  0%| F|  |TAMS 0x0000000787e00000, 0x0000000787e00000| Untracked 
| 127|0x0000000787f00000, 0x0000000787f00000, 0x0000000788000000|  0%| F|  |TAMS 0x0000000787f00000, 0x0000000787f00000| Untracked 
| 128|0x0000000788000000, 0x0000000788000000, 0x0000000788100000|  0%| F|  |TAMS 0x0000000788000000, 0x0000000788000000| Untracked 
| 129|0x0000000788100000, 0x0000000788100000, 0x0000000788200000|  0%| F|  |TAMS 0x0000000788100000, 0x0000000788100000| Untracked 
| 130|0x0000000788200000, 0x0000000788200000, 0x0000000788300000|  0%| F|  |TAMS 0x0000000788200000, 0x0000000788200000| Untracked 
| 131|0x0000000788300000, 0x0000000788300000, 0x0000000788400000|  0%| F|  |TAMS 0x0000000788300000, 0x0000000788300000| Untracked 
| 132|0x0000000788400000, 0x0000000788400000, 0x0000000788500000|  0%| F|  |TAMS 0x0000000788400000, 0x0000000788400000| Untracked 
| 133|0x0000000788500000, 0x0000000788500000, 0x0000000788600000|  0%| F|  |TAMS 0x0000000788500000, 0x0000000788500000| Untracked 
| 134|0x0000000788600000, 0x0000000788600000, 0x0000000788700000|  0%| F|  |TAMS 0x0000000788600000, 0x0000000788600000| Untracked 
| 135|0x0000000788700000, 0x0000000788700000, 0x0000000788800000|  0%| F|  |TAMS 0x0000000788700000, 0x0000000788700000| Untracked 
| 136|0x0000000788800000, 0x0000000788800000, 0x0000000788900000|  0%| F|  |TAMS 0x0000000788800000, 0x0000000788800000| Untracked 
| 137|0x0000000788900000, 0x0000000788900000, 0x0000000788a00000|  0%| F|  |TAMS 0x0000000788900000, 0x0000000788900000| Untracked 
| 138|0x0000000788a00000, 0x0000000788a00000, 0x0000000788b00000|  0%| F|  |TAMS 0x0000000788a00000, 0x0000000788a00000| Untracked 
| 139|0x0000000788b00000, 0x0000000788b00000, 0x0000000788c00000|  0%| F|  |TAMS 0x0000000788b00000, 0x0000000788b00000| Untracked 
| 140|0x0000000788c00000, 0x0000000788c00000, 0x0000000788d00000|  0%| F|  |TAMS 0x0000000788c00000, 0x0000000788c00000| Untracked 
| 141|0x0000000788d00000, 0x0000000788d00000, 0x0000000788e00000|  0%| F|  |TAMS 0x0000000788d00000, 0x0000000788d00000| Untracked 
| 142|0x0000000788e00000, 0x0000000788e00000, 0x0000000788f00000|  0%| F|  |TAMS 0x0000000788e00000, 0x0000000788e00000| Untracked 
| 143|0x0000000788f00000, 0x0000000788f00000, 0x0000000789000000|  0%| F|  |TAMS 0x0000000788f00000, 0x0000000788f00000| Untracked 
| 144|0x0000000789000000, 0x0000000789000000, 0x0000000789100000|  0%| F|  |TAMS 0x0000000789000000, 0x0000000789000000| Untracked 
| 145|0x0000000789100000, 0x0000000789100000, 0x0000000789200000|  0%| F|  |TAMS 0x0000000789100000, 0x0000000789100000| Untracked 
| 146|0x0000000789200000, 0x0000000789200000, 0x0000000789300000|  0%| F|  |TAMS 0x0000000789200000, 0x0000000789200000| Untracked 
| 147|0x0000000789300000, 0x0000000789300000, 0x0000000789400000|  0%| F|  |TAMS 0x0000000789300000, 0x0000000789300000| Untracked 
| 148|0x0000000789400000, 0x0000000789400000, 0x0000000789500000|  0%| F|  |TAMS 0x0000000789400000, 0x0000000789400000| Untracked 
| 149|0x0000000789500000, 0x0000000789500000, 0x0000000789600000|  0%| F|  |TAMS 0x0000000789500000, 0x0000000789500000| Untracked 
| 150|0x0000000789600000, 0x0000000789600000, 0x0000000789700000|  0%| F|  |TAMS 0x0000000789600000, 0x0000000789600000| Untracked 
| 151|0x0000000789700000, 0x0000000789700000, 0x0000000789800000|  0%| F|  |TAMS 0x0000000789700000, 0x0000000789700000| Untracked 
| 152|0x0000000789800000, 0x0000000789800000, 0x0000000789900000|  0%| F|  |TAMS 0x0000000789800000, 0x0000000789800000| Untracked 
| 153|0x0000000789900000, 0x0000000789900000, 0x0000000789a00000|  0%| F|  |TAMS 0x0000000789900000, 0x0000000789900000| Untracked 
| 154|0x0000000789a00000, 0x0000000789a00000, 0x0000000789b00000|  0%| F|  |TAMS 0x0000000789a00000, 0x0000000789a00000| Untracked 
| 155|0x0000000789b00000, 0x0000000789b00000, 0x0000000789c00000|  0%| F|  |TAMS 0x0000000789b00000, 0x0000000789b00000| Untracked 
| 156|0x0000000789c00000, 0x0000000789c00000, 0x0000000789d00000|  0%| F|  |TAMS 0x0000000789c00000, 0x0000000789c00000| Untracked 
| 157|0x0000000789d00000, 0x0000000789d00000, 0x0000000789e00000|  0%| F|  |TAMS 0x0000000789d00000, 0x0000000789d00000| Untracked 
| 158|0x0000000789e00000, 0x0000000789e00000, 0x0000000789f00000|  0%| F|  |TAMS 0x0000000789e00000, 0x0000000789e00000| Untracked 
| 159|0x0000000789f00000, 0x0000000789f00000, 0x000000078a000000|  0%| F|  |TAMS 0x0000000789f00000, 0x0000000789f00000| Untracked 
| 160|0x000000078a000000, 0x000000078a000000, 0x000000078a100000|  0%| F|  |TAMS 0x000000078a000000, 0x000000078a000000| Untracked 
| 161|0x000000078a100000, 0x000000078a100000, 0x000000078a200000|  0%| F|  |TAMS 0x000000078a100000, 0x000000078a100000| Untracked 
| 162|0x000000078a200000, 0x000000078a200000, 0x000000078a300000|  0%| F|  |TAMS 0x000000078a200000, 0x000000078a200000| Untracked 
| 163|0x000000078a300000, 0x000000078a300000, 0x000000078a400000|  0%| F|  |TAMS 0x000000078a300000, 0x000000078a300000| Untracked 
| 164|0x000000078a400000, 0x000000078a400000, 0x000000078a500000|  0%| F|  |TAMS 0x000000078a400000, 0x000000078a400000| Untracked 
| 165|0x000000078a500000, 0x000000078a500000, 0x000000078a600000|  0%| F|  |TAMS 0x000000078a500000, 0x000000078a500000| Untracked 
| 166|0x000000078a600000, 0x000000078a600000, 0x000000078a700000|  0%| F|  |TAMS 0x000000078a600000, 0x000000078a600000| Untracked 
| 167|0x000000078a700000, 0x000000078a700000, 0x000000078a800000|  0%| F|  |TAMS 0x000000078a700000, 0x000000078a700000| Untracked 
| 168|0x000000078a800000, 0x000000078a800000, 0x000000078a900000|  0%| F|  |TAMS 0x000000078a800000, 0x000000078a800000| Untracked 
| 169|0x000000078a900000, 0x000000078a900000, 0x000000078aa00000|  0%| F|  |TAMS 0x000000078a900000, 0x000000078a900000| Untracked 
| 170|0x000000078aa00000, 0x000000078aa00000, 0x000000078ab00000|  0%| F|  |TAMS 0x000000078aa00000, 0x000000078aa00000| Untracked 
| 171|0x000000078ab00000, 0x000000078ab00000, 0x000000078ac00000|  0%| F|  |TAMS 0x000000078ab00000, 0x000000078ab00000| Untracked 
| 172|0x000000078ac00000, 0x000000078ac00000, 0x000000078ad00000|  0%| F|  |TAMS 0x000000078ac00000, 0x000000078ac00000| Untracked 
| 173|0x000000078ad00000, 0x000000078ad00000, 0x000000078ae00000|  0%| F|  |TAMS 0x000000078ad00000, 0x000000078ad00000| Untracked 
| 174|0x000000078ae00000, 0x000000078ae00000, 0x000000078af00000|  0%| F|  |TAMS 0x000000078ae00000, 0x000000078ae00000| Untracked 
| 175|0x000000078af00000, 0x000000078af00000, 0x000000078b000000|  0%| F|  |TAMS 0x000000078af00000, 0x000000078af00000| Untracked 
| 176|0x000000078b000000, 0x000000078b000000, 0x000000078b100000|  0%| F|  |TAMS 0x000000078b000000, 0x000000078b000000| Untracked 
| 177|0x000000078b100000, 0x000000078b100000, 0x000000078b200000|  0%| F|  |TAMS 0x000000078b100000, 0x000000078b100000| Untracked 
| 178|0x000000078b200000, 0x000000078b200000, 0x000000078b300000|  0%| F|  |TAMS 0x000000078b200000, 0x000000078b200000| Untracked 
| 179|0x000000078b300000, 0x000000078b300000, 0x000000078b400000|  0%| F|  |TAMS 0x000000078b300000, 0x000000078b300000| Untracked 
| 180|0x000000078b400000, 0x000000078b400000, 0x000000078b500000|  0%| F|  |TAMS 0x000000078b400000, 0x000000078b400000| Untracked 
| 181|0x000000078b500000, 0x000000078b500000, 0x000000078b600000|  0%| F|  |TAMS 0x000000078b500000, 0x000000078b500000| Untracked 
| 182|0x000000078b600000, 0x000000078b600000, 0x000000078b700000|  0%| F|  |TAMS 0x000000078b600000, 0x000000078b600000| Untracked 
| 183|0x000000078b700000, 0x000000078b700000, 0x000000078b800000|  0%| F|  |TAMS 0x000000078b700000, 0x000000078b700000| Untracked 
| 184|0x000000078b800000, 0x000000078b800000, 0x000000078b900000|  0%| F|  |TAMS 0x000000078b800000, 0x000000078b800000| Untracked 
| 185|0x000000078b900000, 0x000000078b900000, 0x000000078ba00000|  0%| F|  |TAMS 0x000000078b900000, 0x000000078b900000| Untracked 
| 186|0x000000078ba00000, 0x000000078ba00000, 0x000000078bb00000|  0%| F|  |TAMS 0x000000078ba00000, 0x000000078ba00000| Untracked 
| 187|0x000000078bb00000, 0x000000078bb80000, 0x000000078bc00000| 50%| E|  |TAMS 0x000000078bb00000, 0x000000078bb00000| Complete 
| 188|0x000000078bc00000, 0x000000078bd00000, 0x000000078bd00000|100%| E|CS|TAMS 0x000000078bc00000, 0x000000078bc00000| Complete 
| 189|0x000000078bd00000, 0x000000078be00000, 0x000000078be00000|100%| E|CS|TAMS 0x000000078bd00000, 0x000000078bd00000| Complete 
| 190|0x000000078be00000, 0x000000078bf00000, 0x000000078bf00000|100%| E|CS|TAMS 0x000000078be00000, 0x000000078be00000| Complete 
| 191|0x000000078bf00000, 0x000000078c000000, 0x000000078c000000|100%| E|CS|TAMS 0x000000078bf00000, 0x000000078bf00000| Complete 
| 192|0x000000078c000000, 0x000000078c100000, 0x000000078c100000|100%| E|CS|TAMS 0x000000078c000000, 0x000000078c000000| Complete 
| 281|0x0000000791900000, 0x0000000791a00000, 0x0000000791a00000|100%| E|CS|TAMS 0x0000000791900000, 0x0000000791900000| Complete 
| 282|0x0000000791a00000, 0x0000000791b00000, 0x0000000791b00000|100%| E|CS|TAMS 0x0000000791a00000, 0x0000000791a00000| Complete 
| 283|0x0000000791b00000, 0x0000000791c00000, 0x0000000791c00000|100%| E|CS|TAMS 0x0000000791b00000, 0x0000000791b00000| Complete 
| 284|0x0000000791c00000, 0x0000000791d00000, 0x0000000791d00000|100%| E|CS|TAMS 0x0000000791c00000, 0x0000000791c00000| Complete 
| 285|0x0000000791d00000, 0x0000000791e00000, 0x0000000791e00000|100%| E|CS|TAMS 0x0000000791d00000, 0x0000000791d00000| Complete 
| 286|0x0000000791e00000, 0x0000000791f00000, 0x0000000791f00000|100%| E|CS|TAMS 0x0000000791e00000, 0x0000000791e00000| Complete 
| 287|0x0000000791f00000, 0x0000000792000000, 0x0000000792000000|100%| E|CS|TAMS 0x0000000791f00000, 0x0000000791f00000| Complete 
| 359|0x0000000796700000, 0x0000000796800000, 0x0000000796800000|100%| E|CS|TAMS 0x0000000796700000, 0x0000000796700000| Complete 
| 360|0x0000000796800000, 0x0000000796900000, 0x0000000796900000|100%| E|CS|TAMS 0x0000000796800000, 0x0000000796800000| Complete 
|2046|0x00000007ffe00000, 0x00000007ffe76000, 0x00000007fff00000| 46%|OA|  |TAMS 0x00000007ffe76000, 0x00000007ffe00000| Untracked 
|2047|0x00000007fff00000, 0x00000007fff75000, 0x0000000800000000| 45%|CA|  |TAMS 0x00000007fff75000, 0x00000007fff00000| Untracked 

Card table byte_map: [0x0000000100dbd000,0x00000001011bd000] _byte_map_base: 0x00000000fd1bd000

Marking Bits (Prev, Next): (CMBitMap*) 0x00007fe2f6808250, (CMBitMap*) 0x00007fe2f6808210
 Prev Bits: [0x000000010c575000, 0x000000010e575000)
 Next Bits: [0x000000010a575000, 0x000000010c575000)

Polling page: 0x0000000100743000

Metaspace:

Usage:
  Non-class:     73.34 MB used.
      Class:     11.39 MB used.
       Both:     84.73 MB used.

Virtual space:
  Non-class space:      128.00 MB reserved,      73.69 MB ( 58%) committed,  2 nodes.
      Class space:      416.00 MB reserved,      11.62 MB (  3%) committed,  1 nodes.
             Both:      544.00 MB reserved,      85.31 MB ( 16%) committed. 

Chunk freelists:
   Non-Class:  6.17 MB
       Class:  4.31 MB
        Both:  10.49 MB

MaxMetaspaceSize: 512.00 MB
CompressedClassSpaceSize: 416.00 MB
Initial GC threshold: 21.00 MB
Current GC threshold: 98.88 MB
CDS: on
MetaspaceReclaimPolicy: balanced
 - commit_granule_bytes: 65536.
 - commit_granule_words: 8192.
 - virtual_space_node_default_size: 8388608.
 - enlarge_chunks_in_place: 1.
 - new_chunks_are_fully_committed: 0.
 - uncommit_free_chunks: 1.
 - use_allocation_guard: 0.
 - handle_deallocations: 1.


Internal statistics:

num_allocs_failed_limit: 9.
num_arena_births: 768.
num_arena_deaths: 2.
num_vsnodes_births: 3.
num_vsnodes_deaths: 0.
num_space_committed: 1363.
num_space_uncommitted: 0.
num_chunks_returned_to_freelist: 14.
num_chunks_taken_from_freelist: 3937.
num_chunk_merges: 9.
num_chunk_splits: 2962.
num_chunks_enlarged: 2398.
num_inconsistent_stats: 0.

CodeHeap 'non-profiled nmethods': size=120028Kb used=6102Kb max_used=6184Kb free=113925Kb
 bounds [0x0000000117d86000, 0x0000000118396000, 0x000000011f2bd000]
CodeHeap 'profiled nmethods': size=120028Kb used=13734Kb max_used=13734Kb free=106294Kb
 bounds [0x00000001102bd000, 0x000000011102d000, 0x00000001177f4000]
CodeHeap 'non-nmethods': size=5704Kb used=2408Kb max_used=2486Kb free=3296Kb
 bounds [0x00000001177f4000, 0x0000000117a84000, 0x0000000117d86000]
 total_blobs=8506 nmethods=7552 adapters=866
 compilation: enabled
              stopped_count=0, restarted_count=0
 full_count=0

Compilation events (20 events):
Event: 107.343 Thread 0x00007fe2f1812600 9504       2       java.util.concurrent.atomic.AtomicInteger::decrementAndGet (14 bytes)
Event: 107.344 Thread 0x00007fe2f1812600 nmethod 9504 0x0000000111022810 code [0x00000001110229a0, 0x0000000111022ab0]
Event: 107.344 Thread 0x00007fe2f1812600 9505       2       org.jetbrains.kotlin.com.intellij.concurrency.ThreadContext::checkContextInstalled (46 bytes)
Event: 107.345 Thread 0x00007fe2f1812600 nmethod 9505 0x0000000111022b10 code [0x0000000111022d00, 0x0000000111022fb0]
Event: 107.345 Thread 0x00007fe2f1812600 9506       2       kotlin.jvm.internal.CollectionToArray::toArray (196 bytes)
Event: 107.347 Thread 0x00007fe2f1812600 nmethod 9506 0x0000000111023190 code [0x0000000111023440, 0x0000000111023d20]
Event: 107.347 Thread 0x00007fe2f1812600 9507       2       org.jetbrains.kotlin.descriptors.impl.PropertyDescriptorImpl::getVisibility (14 bytes)
Event: 107.348 Thread 0x00007fe2f1812600 nmethod 9507 0x0000000111024210 code [0x00000001110243c0, 0x0000000111024500]
Event: 107.348 Thread 0x00007fe2f1812600 9509       2       org.jetbrains.kotlin.it.unimi.dsi.fastutil.HashCommon::arraySize (71 bytes)
Event: 107.350 Thread 0x00007fe2f1812600 nmethod 9509 0x0000000111024590 code [0x00000001110247e0, 0x0000000111024c10]
Event: 107.350 Thread 0x00007fe2f1812600 9508       2       kotlin.sequences.GeneratorSequence::<init> (27 bytes)
Event: 107.351 Thread 0x00007fe2f1812600 nmethod 9508 0x0000000111024f10 code [0x0000000111025140, 0x0000000111025670]
Event: 107.352 Thread 0x00007fe2f1812600 9511       2       org.jetbrains.kotlin.it.unimi.dsi.fastutil.HashCommon::maxFill (16 bytes)
Event: 107.352 Thread 0x00007fe2f1812600 nmethod 9511 0x0000000111025910 code [0x0000000111025ac0, 0x0000000111025c00]
Event: 107.352 Thread 0x00007fe2f1812600 9512       1       org.jetbrains.kotlin.metadata.ProtoBuf$Property::getFlags (5 bytes)
Event: 107.352 Thread 0x00007fe2f1812600 nmethod 9512 0x00000001182d9710 code [0x00000001182d98a0, 0x00000001182d9970]
Event: 107.352 Thread 0x00007fe2f1812600 9510       1       org.jetbrains.kotlin.metadata.ProtoBuf$Property::getName (5 bytes)
Event: 107.352 Thread 0x00007fe2f1812600 nmethod 9510 0x00000001182d9410 code [0x00000001182d95a0, 0x00000001182d9670]
Event: 107.352 Thread 0x00007fe2f1812600 9513       1       org.jetbrains.kotlin.descriptors.impl.PropertyDescriptorImpl::getExtensionReceiverParameter (5 bytes)
Event: 107.353 Thread 0x00007fe2f1812600 nmethod 9513 0x00000001182d9110 code [0x00000001182d92a0, 0x00000001182d9370]

GC Heap History (20 events):
Event: 16.664 GC heap before
{Heap before GC invocations=46 (full 0):
 garbage-first heap   total 371712K, used 280277K [0x0000000780000000, 0x0000000800000000)
  region size 1024K, 217 young (222208K), 7 survivors (7168K)
 Metaspace       used 46031K, committed 46528K, reserved 491520K
  class space    used 6346K, committed 6592K, reserved 425984K
}
Event: 16.667 GC heap after
{Heap after GC invocations=47 (full 0):
 garbage-first heap   total 371712K, used 65389K [0x0000000780000000, 0x0000000800000000)
  region size 1024K, 8 young (8192K), 8 survivors (8192K)
 Metaspace       used 46031K, committed 46528K, reserved 491520K
  class space    used 6346K, committed 6592K, reserved 425984K
}
Event: 17.252 GC heap before
{Heap before GC invocations=47 (full 0):
 garbage-first heap   total 371712K, used 286573K [0x0000000780000000, 0x0000000800000000)
  region size 1024K, 217 young (222208K), 8 survivors (8192K)
 Metaspace       used 48178K, committed 48704K, reserved 491520K
  class space    used 6591K, committed 6848K, reserved 425984K
}
Event: 17.255 GC heap after
{Heap after GC invocations=48 (full 0):
 garbage-first heap   total 371712K, used 67032K [0x0000000780000000, 0x0000000800000000)
  region size 1024K, 9 young (9216K), 9 survivors (9216K)
 Metaspace       used 48178K, committed 48704K, reserved 491520K
  class space    used 6591K, committed 6848K, reserved 425984K
}
Event: 17.617 GC heap before
{Heap before GC invocations=48 (full 0):
 garbage-first heap   total 371712K, used 280024K [0x0000000780000000, 0x0000000800000000)
  region size 1024K, 217 young (222208K), 9 survivors (9216K)
 Metaspace       used 48179K, committed 48704K, reserved 491520K
  class space    used 6591K, committed 6848K, reserved 425984K
}
Event: 17.621 GC heap after
{Heap after GC invocations=49 (full 0):
 garbage-first heap   total 371712K, used 69699K [0x0000000780000000, 0x0000000800000000)
  region size 1024K, 11 young (11264K), 11 survivors (11264K)
 Metaspace       used 48179K, committed 48704K, reserved 491520K
  class space    used 6591K, committed 6848K, reserved 425984K
}
Event: 17.996 GC heap before
{Heap before GC invocations=49 (full 0):
 garbage-first heap   total 371712K, used 280643K [0x0000000780000000, 0x0000000800000000)
  region size 1024K, 217 young (222208K), 11 survivors (11264K)
 Metaspace       used 48179K, committed 48704K, reserved 491520K
  class space    used 6591K, committed 6848K, reserved 425984K
}
Event: 18.001 GC heap after
{Heap after GC invocations=50 (full 0):
 garbage-first heap   total 371712K, used 73074K [0x0000000780000000, 0x0000000800000000)
  region size 1024K, 14 young (14336K), 14 survivors (14336K)
 Metaspace       used 48179K, committed 48704K, reserved 491520K
  class space    used 6591K, committed 6848K, reserved 425984K
}
Event: 19.537 GC heap before
{Heap before GC invocations=50 (full 0):
 garbage-first heap   total 371712K, used 287090K [0x0000000780000000, 0x0000000800000000)
  region size 1024K, 217 young (222208K), 14 survivors (14336K)
 Metaspace       used 50557K, committed 51072K, reserved 491520K
  class space    used 7029K, committed 7232K, reserved 425984K
}
Event: 19.540 GC heap after
{Heap after GC invocations=51 (full 0):
 garbage-first heap   total 371712K, used 58635K [0x0000000780000000, 0x0000000800000000)
  region size 1024K, 6 young (6144K), 6 survivors (6144K)
 Metaspace       used 50557K, committed 51072K, reserved 491520K
  class space    used 7029K, committed 7232K, reserved 425984K
}
Event: 20.151 GC heap before
{Heap before GC invocations=51 (full 0):
 garbage-first heap   total 371712K, used 132363K [0x0000000780000000, 0x0000000800000000)
  region size 1024K, 79 young (80896K), 6 survivors (6144K)
 Metaspace       used 59941K, committed 60416K, reserved 491520K
  class space    used 8562K, committed 8768K, reserved 425984K
}
Event: 20.155 GC heap after
{Heap after GC invocations=52 (full 0):
 garbage-first heap   total 371712K, used 59731K [0x0000000780000000, 0x0000000800000000)
  region size 1024K, 7 young (7168K), 7 survivors (7168K)
 Metaspace       used 59941K, committed 60416K, reserved 491520K
  class space    used 8562K, committed 8768K, reserved 425984K
}
Event: 21.243 GC heap before
{Heap before GC invocations=53 (full 0):
 garbage-first heap   total 208896K, used 183635K [0x0000000780000000, 0x0000000800000000)
  region size 1024K, 122 young (124928K), 7 survivors (7168K)
 Metaspace       used 70094K, committed 70720K, reserved 491520K
  class space    used 9798K, committed 10112K, reserved 425984K
}
Event: 21.255 GC heap after
{Heap after GC invocations=54 (full 0):
 garbage-first heap   total 208896K, used 70013K [0x0000000780000000, 0x0000000800000000)
  region size 1024K, 16 young (16384K), 16 survivors (16384K)
 Metaspace       used 70094K, committed 70720K, reserved 491520K
  class space    used 9798K, committed 10112K, reserved 425984K
}
Event: 21.266 GC heap before
{Heap before GC invocations=54 (full 0):
 garbage-first heap   total 208896K, used 70013K [0x0000000780000000, 0x0000000800000000)
  region size 1024K, 17 young (17408K), 16 survivors (16384K)
 Metaspace       used 70244K, committed 70848K, reserved 491520K
  class space    used 9814K, committed 10112K, reserved 425984K
}
Event: 21.274 GC heap after
{Heap after GC invocations=55 (full 0):
 garbage-first heap   total 208896K, used 65280K [0x0000000780000000, 0x0000000800000000)
  region size 1024K, 3 young (3072K), 3 survivors (3072K)
 Metaspace       used 70244K, committed 70848K, reserved 491520K
  class space    used 9814K, committed 10112K, reserved 425984K
}
Event: 22.466 GC heap before
{Heap before GC invocations=55 (full 0):
 garbage-first heap   total 208896K, used 173824K [0x0000000780000000, 0x0000000800000000)
  region size 1024K, 102 young (104448K), 3 survivors (3072K)
 Metaspace       used 81183K, committed 81856K, reserved 557056K
  class space    used 10959K, committed 11264K, reserved 425984K
}
Event: 22.472 GC heap after
{Heap after GC invocations=56 (full 0):
 garbage-first heap   total 208896K, used 76545K [0x0000000780000000, 0x0000000800000000)
  region size 1024K, 7 young (7168K), 7 survivors (7168K)
 Metaspace       used 81183K, committed 81856K, reserved 557056K
  class space    used 10959K, committed 11264K, reserved 425984K
}
Event: 107.077 GC heap before
{Heap before GC invocations=56 (full 0):
 garbage-first heap   total 208896K, used 166657K [0x0000000780000000, 0x0000000800000000)
  region size 1024K, 95 young (97280K), 7 survivors (7168K)
 Metaspace       used 86605K, committed 87168K, reserved 557056K
  class space    used 11660K, committed 11904K, reserved 425984K
}
Event: 107.092 GC heap after
{Heap after GC invocations=57 (full 0):
 garbage-first heap   total 208896K, used 80341K [0x0000000780000000, 0x0000000800000000)
  region size 1024K, 4 young (4096K), 4 survivors (4096K)
 Metaspace       used 86605K, committed 87168K, reserved 557056K
  class space    used 11660K, committed 11904K, reserved 425984K
}

Dll operation events (13 events):
Event: 0.036 Loaded shared library /Library/Java/JavaVirtualMachines/zulu-17.jdk/Contents/Home/lib/libjava.dylib
Event: 0.145 Loaded shared library /Library/Java/JavaVirtualMachines/zulu-17.jdk/Contents/Home/lib/libzip.dylib
Event: 0.147 Loaded shared library /Library/Java/JavaVirtualMachines/zulu-17.jdk/Contents/Home/lib/libinstrument.dylib
Event: 0.151 Loaded shared library /Library/Java/JavaVirtualMachines/zulu-17.jdk/Contents/Home/lib/libnio.dylib
Event: 0.156 Loaded shared library /Library/Java/JavaVirtualMachines/zulu-17.jdk/Contents/Home/lib/libzip.dylib
Event: 0.346 Loaded shared library /Library/Java/JavaVirtualMachines/zulu-17.jdk/Contents/Home/lib/libjimage.dylib
Event: 0.470 Loaded shared library /Library/Java/JavaVirtualMachines/zulu-17.jdk/Contents/Home/lib/libverify.dylib
Event: 0.538 Loaded shared library /Library/Java/JavaVirtualMachines/zulu-17.jdk/Contents/Home/lib/libnet.dylib
Event: 0.551 Loaded shared library /Users/macbook/.gradle/native/1def1411415f61bf3af743bc5b6707747c0891f09f0c88961ee8f79bc544acac/osx-amd64/libnative-platform.dylib
Event: 0.571 Loaded shared library /Users/macbook/.gradle/native/0.2.7/x86_64-macos/libgradle-fileevents.dylib
Event: 1.230 Loaded shared library /Library/Java/JavaVirtualMachines/zulu-17.jdk/Contents/Home/lib/libmanagement.dylib
Event: 1.232 Loaded shared library /Library/Java/JavaVirtualMachines/zulu-17.jdk/Contents/Home/lib/libmanagement_ext.dylib
Event: 1.329 Loaded shared library /Library/Java/JavaVirtualMachines/zulu-17.jdk/Contents/Home/lib/libextnet.dylib

Deoptimization events (20 events):
Event: 107.044 Thread 0x00007fe2f28eac00 Uncommon trap: trap_request=0xffffff45 fr.pc=0x00000001182a58dc relative=0x00000000000008fc
Event: 107.044 Thread 0x00007fe2f28eac00 Uncommon trap: reason=unstable_if action=reinterpret pc=0x00000001182a58dc method=jdk.internal.jrtfs.JrtPath.getFileName()Ljdk/internal/jrtfs/JrtPath; @ 50 c2
Event: 107.044 Thread 0x00007fe2f28eac00 DEOPT PACKING pc=0x00000001182a58dc sp=0x000070000ce413d0
Event: 107.044 Thread 0x00007fe2f28eac00 DEOPT UNPACKING pc=0x000000011784a699 sp=0x000070000ce413c0 mode 2
Event: 107.192 Thread 0x00007fe2f28eac00 Uncommon trap: trap_request=0xffffffc6 fr.pc=0x0000000118235888 relative=0x00000000000004c8
Event: 107.192 Thread 0x00007fe2f28eac00 Uncommon trap: reason=bimorphic_or_optimized_type_check action=maybe_recompile pc=0x0000000118235888 method=java.util.AbstractList.listIterator()Ljava/util/ListIterator; @ 2 c2
Event: 107.192 Thread 0x00007fe2f28eac00 DEOPT PACKING pc=0x0000000118235888 sp=0x000070000ce40510
Event: 107.192 Thread 0x00007fe2f28eac00 DEOPT UNPACKING pc=0x000000011784a699 sp=0x000070000ce404d8 mode 2
Event: 107.194 Thread 0x00007fe2f28eac00 Uncommon trap: trap_request=0xffffffc6 fr.pc=0x0000000118235888 relative=0x00000000000004c8
Event: 107.194 Thread 0x00007fe2f28eac00 Uncommon trap: reason=bimorphic_or_optimized_type_check action=maybe_recompile pc=0x0000000118235888 method=java.util.AbstractList.listIterator()Ljava/util/ListIterator; @ 2 c2
Event: 107.194 Thread 0x00007fe2f28eac00 DEOPT PACKING pc=0x0000000118235888 sp=0x000070000ce3fdc0
Event: 107.194 Thread 0x00007fe2f28eac00 DEOPT UNPACKING pc=0x000000011784a699 sp=0x000070000ce3fd88 mode 2
Event: 107.196 Thread 0x00007fe2f28eac00 Uncommon trap: trap_request=0xffffffc6 fr.pc=0x0000000118235888 relative=0x00000000000004c8
Event: 107.196 Thread 0x00007fe2f28eac00 Uncommon trap: reason=bimorphic_or_optimized_type_check action=maybe_recompile pc=0x0000000118235888 method=java.util.AbstractList.listIterator()Ljava/util/ListIterator; @ 2 c2
Event: 107.196 Thread 0x00007fe2f28eac00 DEOPT PACKING pc=0x0000000118235888 sp=0x000070000ce3faf0
Event: 107.196 Thread 0x00007fe2f28eac00 DEOPT UNPACKING pc=0x000000011784a699 sp=0x000070000ce3fab8 mode 2
Event: 107.200 Thread 0x00007fe2f28eac00 Uncommon trap: trap_request=0xffffffc6 fr.pc=0x0000000118235888 relative=0x00000000000004c8
Event: 107.200 Thread 0x00007fe2f28eac00 Uncommon trap: reason=bimorphic_or_optimized_type_check action=maybe_recompile pc=0x0000000118235888 method=java.util.AbstractList.listIterator()Ljava/util/ListIterator; @ 2 c2
Event: 107.200 Thread 0x00007fe2f28eac00 DEOPT PACKING pc=0x0000000118235888 sp=0x000070000ce3f8d0
Event: 107.200 Thread 0x00007fe2f28eac00 DEOPT UNPACKING pc=0x000000011784a699 sp=0x000070000ce3f898 mode 2

Classes loaded (20 events):
Event: 23.012 Loading class java/io/ObjectStreamClass$5
Event: 23.012 Loading class java/io/ObjectStreamClass$5 done
Event: 23.016 Loading class java/net/UrlDeserializedState
Event: 23.016 Loading class java/net/UrlDeserializedState done
Event: 23.016 Loading class java/net/Proxy
Event: 23.017 Loading class java/net/Proxy done
Event: 23.020 Loading class java/util/concurrent/CompletableFuture$AsyncRun
Event: 23.020 Loading class java/util/concurrent/CompletableFuture$AsyncRun done
Event: 94.418 Loading class jdk/internal/math/FormattedFloatingDecimal$Form
Event: 94.420 Loading class jdk/internal/math/FormattedFloatingDecimal$Form done
Event: 94.420 Loading class jdk/internal/math/FormattedFloatingDecimal
Event: 94.420 Loading class jdk/internal/math/FormattedFloatingDecimal done
Event: 94.420 Loading class jdk/internal/math/FormattedFloatingDecimal$1
Event: 94.420 Loading class jdk/internal/math/FormattedFloatingDecimal$1 done
Event: 94.421 Loading class jdk/internal/math/FormattedFloatingDecimal$2
Event: 94.421 Loading class jdk/internal/math/FormattedFloatingDecimal$2 done
Event: 95.335 Loading class java/lang/Throwable$WrappedPrintWriter
Event: 95.335 Loading class java/lang/Throwable$WrappedPrintWriter done
Event: 95.549 Loading class java/time/Instant$1
Event: 95.550 Loading class java/time/Instant$1 done

Classes unloaded (3 events):
Event: 20.177 Thread 0x00007fe2f25053d0 Unloading class 0x0000000123551000 '_BuildScript_$_run_closure2'
Event: 20.177 Thread 0x00007fe2f25053d0 Unloading class 0x0000000123550c00 '_BuildScript_$_run_closure1'
Event: 20.177 Thread 0x00007fe2f25053d0 Unloading class 0x0000000123550000 '_BuildScript_'

Classes redefined (0 events):
No events

Internal exceptions (20 events):
Event: 23.013 Thread 0x00007fe2f5159800 Exception <a 'java/lang/NoSuchMethodError'{0x000000078a348d68}: static Lorg/gradle/internal/classloader/ClassLoaderSpec;.<clinit>()V> (0x000000078a348d68) 
thrown [src/hotspot/share/prims/jni.cpp, line 1112]
Event: 23.015 Thread 0x00007fe2f5159800 Exception <a 'java/lang/NoSuchMethodError'{0x000000078a35b858}: static Lorg/gradle/internal/classloader/ClassLoaderSpec;.<clinit>()V> (0x000000078a35b858) 
thrown [src/hotspot/share/prims/jni.cpp, line 1112]
Event: 23.015 Thread 0x00007fe2f5159800 Exception <a 'java/lang/NoSuchMethodError'{0x000000078a367990}: static Lorg/gradle/internal/classloader/VisitableURLClassLoader$Spec;.<clinit>()V> (0x000000078a367990) 
thrown [src/hotspot/share/prims/jni.cpp, line 1112]
Event: 94.493 Thread 0x00007fe2f28eac00 Exception <a 'sun/nio/fs/UnixException'{0x0000000789d86c80}> (0x0000000789d86c80) 
thrown [src/hotspot/share/prims/jni.cpp, line 516]
Event: 94.493 Thread 0x00007fe2f28eac00 Exception <a 'sun/nio/fs/UnixException'{0x0000000789d87d88}> (0x0000000789d87d88) 
thrown [src/hotspot/share/prims/jni.cpp, line 516]
Event: 94.493 Thread 0x00007fe2f28eac00 Exception <a 'sun/nio/fs/UnixException'{0x0000000789d88e88}> (0x0000000789d88e88) 
thrown [src/hotspot/share/prims/jni.cpp, line 516]
Event: 94.494 Thread 0x00007fe2f28eac00 Exception <a 'sun/nio/fs/UnixException'{0x0000000789d89f80}> (0x0000000789d89f80) 
thrown [src/hotspot/share/prims/jni.cpp, line 516]
Event: 94.591 Thread 0x00007fe2f28eac00 Exception <a 'sun/nio/fs/UnixException'{0x0000000789b63b08}> (0x0000000789b63b08) 
thrown [src/hotspot/share/prims/jni.cpp, line 516]
Event: 94.591 Thread 0x00007fe2f28eac00 Exception <a 'sun/nio/fs/UnixException'{0x0000000789b65160}> (0x0000000789b65160) 
thrown [src/hotspot/share/prims/jni.cpp, line 516]
Event: 94.591 Thread 0x00007fe2f28eac00 Exception <a 'sun/nio/fs/UnixException'{0x0000000789b667b0}> (0x0000000789b667b0) 
thrown [src/hotspot/share/prims/jni.cpp, line 516]
Event: 94.592 Thread 0x00007fe2f28eac00 Exception <a 'sun/nio/fs/UnixException'{0x0000000789b67df8}> (0x0000000789b67df8) 
thrown [src/hotspot/share/prims/jni.cpp, line 516]
Event: 95.513 Thread 0x00007fe2f28eac00 Exception <a 'java/lang/reflect/InvocationTargetException'{0x0000000788141630}> (0x0000000788141630) 
thrown [src/hotspot/share/runtime/reflection.cpp, line 1128]
Event: 106.930 Thread 0x00007fe2f28eac00 Exception <a 'sun/nio/fs/UnixException'{0x0000000787da3438}> (0x0000000787da3438) 
thrown [src/hotspot/share/prims/jni.cpp, line 516]
Event: 106.930 Thread 0x00007fe2f28eac00 Exception <a 'sun/nio/fs/UnixException'{0x0000000787da4540}> (0x0000000787da4540) 
thrown [src/hotspot/share/prims/jni.cpp, line 516]
Event: 106.931 Thread 0x00007fe2f28eac00 Exception <a 'sun/nio/fs/UnixException'{0x0000000787da5640}> (0x0000000787da5640) 
thrown [src/hotspot/share/prims/jni.cpp, line 516]
Event: 106.931 Thread 0x00007fe2f28eac00 Exception <a 'sun/nio/fs/UnixException'{0x0000000787da6738}> (0x0000000787da6738) 
thrown [src/hotspot/share/prims/jni.cpp, line 516]
Event: 106.983 Thread 0x00007fe2f28eac00 Exception <a 'sun/nio/fs/UnixException'{0x0000000787b87520}> (0x0000000787b87520) 
thrown [src/hotspot/share/prims/jni.cpp, line 516]
Event: 106.983 Thread 0x00007fe2f28eac00 Exception <a 'sun/nio/fs/UnixException'{0x0000000787b88b78}> (0x0000000787b88b78) 
thrown [src/hotspot/share/prims/jni.cpp, line 516]
Event: 106.983 Thread 0x00007fe2f28eac00 Exception <a 'sun/nio/fs/UnixException'{0x0000000787b8a1c8}> (0x0000000787b8a1c8) 
thrown [src/hotspot/share/prims/jni.cpp, line 516]
Event: 106.984 Thread 0x00007fe2f28eac00 Exception <a 'sun/nio/fs/UnixException'{0x0000000787b8b810}> (0x0000000787b8b810) 
thrown [src/hotspot/share/prims/jni.cpp, line 516]

VM Operations (20 events):
Event: 61.248 Executing VM operation: Cleanup
Event: 61.248 Executing VM operation: Cleanup done
Event: 79.304 Executing VM operation: Cleanup
Event: 79.304 Executing VM operation: Cleanup done
Event: 95.209 Executing VM operation: ICBufferFull
Event: 95.209 Executing VM operation: ICBufferFull done
Event: 96.210 Executing VM operation: Cleanup
Event: 96.211 Executing VM operation: Cleanup done
Event: 97.214 Executing VM operation: Cleanup
Event: 97.214 Executing VM operation: Cleanup done
Event: 100.231 Executing VM operation: Cleanup
Event: 100.231 Executing VM operation: Cleanup done
Event: 102.241 Executing VM operation: Cleanup
Event: 102.241 Executing VM operation: Cleanup done
Event: 107.044 Executing VM operation: HandshakeAllThreads
Event: 107.044 Executing VM operation: HandshakeAllThreads done
Event: 107.044 Executing VM operation: Cleanup
Event: 107.044 Executing VM operation: Cleanup done
Event: 107.077 Executing VM operation: G1CollectForAllocation
Event: 107.092 Executing VM operation: G1CollectForAllocation done

Memory protections (20 events):
Event: 95.493 Protecting memory [0x000070000e9a1000,0x000070000e9a5000] with protection modes 3
Event: 95.532 Protecting memory [0x000070000d159000,0x000070000d15d000] with protection modes 3
Event: 95.546 Protecting memory [0x000070000da74000,0x000070000da78000] with protection modes 3
Event: 95.556 Protecting memory [0x000070000d056000,0x000070000d05a000] with protection modes 3
Event: 95.557 Protecting memory [0x000070000cf53000,0x000070000cf57000] with protection modes 3
Event: 95.562 Protecting memory [0x000070000ce50000,0x000070000ce54000] with protection modes 3
Event: 95.582 Protecting memory [0x000070000ce50000,0x000070000ce54000] with protection modes 0
Event: 95.583 Protecting memory [0x000070000cc4a000,0x000070000cc4e000] with protection modes 3
Event: 95.735 Protecting memory [0x000070000c32f000,0x000070000c333000] with protection modes 3
Event: 106.762 Protecting memory [0x000070000c32f000,0x000070000c333000] with protection modes 0
Event: 106.855 Protecting memory [0x000070000cc4a000,0x000070000cc4e000] with protection modes 0
Event: 106.874 Protecting memory [0x000070000cf53000,0x000070000cf57000] with protection modes 0
Event: 106.876 Protecting memory [0x000070000d056000,0x000070000d05a000] with protection modes 0
Event: 106.878 Protecting memory [0x000070000d159000,0x000070000d15d000] with protection modes 0
Event: 106.904 Protecting memory [0x000070000d25c000,0x000070000d260000] with protection modes 0
Event: 106.909 Protecting memory [0x000070000da74000,0x000070000da78000] with protection modes 0
Event: 106.934 Protecting memory [0x000070000db77000,0x000070000db7b000] with protection modes 0
Event: 106.949 Protecting memory [0x000070000e086000,0x000070000e08a000] with protection modes 0
Event: 106.953 Protecting memory [0x000070000e9a1000,0x000070000e9a5000] with protection modes 0
Event: 106.972 Protecting memory [0x000070000eba7000,0x000070000ebab000] with protection modes 0

Nmethod flushes (20 events):
Event: 20.911 Thread 0x00007fe2f7812a00 flushing  nmethod 0x0000000110c2e190
Event: 20.911 Thread 0x00007fe2f7812a00 flushing  nmethod 0x0000000110c78610
Event: 20.911 Thread 0x00007fe2f7812a00 flushing  nmethod 0x0000000110c7df10
Event: 20.911 Thread 0x00007fe2f7812a00 flushing  nmethod 0x0000000110c7f290
Event: 20.911 Thread 0x00007fe2f7812a00 flushing  nmethod 0x0000000110c82d90
Event: 20.911 Thread 0x00007fe2f7812a00 flushing  nmethod 0x0000000110c83b90
Event: 20.911 Thread 0x00007fe2f7812a00 flushing  nmethod 0x0000000110c85490
Event: 20.911 Thread 0x00007fe2f7812a00 flushing  nmethod 0x0000000110c8e610
Event: 20.911 Thread 0x00007fe2f7812a00 flushing  nmethod 0x0000000110ca4a10
Event: 20.911 Thread 0x00007fe2f7812a00 flushing  nmethod 0x0000000110cb3f10
Event: 20.911 Thread 0x00007fe2f7812a00 flushing  nmethod 0x0000000110cbe610
Event: 20.911 Thread 0x00007fe2f7812a00 flushing  nmethod 0x0000000110ccea90
Event: 20.911 Thread 0x00007fe2f7812a00 flushing  nmethod 0x0000000110ccfa10
Event: 20.911 Thread 0x00007fe2f7812a00 flushing  nmethod 0x0000000110cd0310
Event: 20.911 Thread 0x00007fe2f7812a00 flushing  nmethod 0x0000000110cd0810
Event: 20.911 Thread 0x00007fe2f7812a00 flushing  nmethod 0x0000000110ce7a10
Event: 20.911 Thread 0x00007fe2f7812a00 flushing osr nmethod 0x0000000110d29d10
Event: 107.060 Thread 0x00007fe2f7812a00 flushing  nmethod 0x00000001106d6090
Event: 107.065 Thread 0x00007fe2f7812a00 flushing  nmethod 0x0000000110a54410
Event: 107.070 Thread 0x00007fe2f7812a00 flushing  nmethod 0x0000000110cb9510

Events (20 events):
Event: 95.493 Thread 0x00007fe2f4b03000 Thread exited: 0x00007fe2f4b03000
Event: 95.532 Thread 0x00007fe2fcb1d000 Thread exited: 0x00007fe2fcb1d000
Event: 95.546 Thread 0x00007fe2f4afcc00 Thread exited: 0x00007fe2f4afcc00
Event: 95.556 Thread 0x00007fe2facc0400 Thread exited: 0x00007fe2facc0400
Event: 95.557 Thread 0x00007fe2f4afc600 Thread exited: 0x00007fe2f4afc600
Event: 95.562 Thread 0x00007fe2facbf800 Thread exited: 0x00007fe2facbf800
Event: 95.582 Thread 0x00007fe2f7812000 Thread added: 0x00007fe2f2814600
Event: 95.583 Thread 0x00007fe2fb241800 Thread exited: 0x00007fe2fb241800
Event: 95.735 Thread 0x00007fe2f28ea600 Thread exited: 0x00007fe2f28ea600
Event: 106.762 Thread 0x00007fe2f7812000 Thread added: 0x00007fe2f3a3b800
Event: 106.855 Thread 0x00007fe2f7812000 Thread added: 0x00007fe2f5159800
Event: 106.874 Thread 0x00007fe2f28eac00 Thread added: 0x00007fe2f28ea600
Event: 106.876 Thread 0x00007fe2f28eac00 Thread added: 0x00007fe2fcb2e200
Event: 106.878 Thread 0x00007fe2f28eac00 Thread added: 0x00007fe2f8008200
Event: 106.904 Thread 0x00007fe2f28eac00 Thread added: 0x00007fe2f6f77a00
Event: 106.909 Thread 0x00007fe2f28eac00 Thread added: 0x00007fe2f28ec200
Event: 106.934 Thread 0x00007fe2f28eac00 Thread added: 0x00007fe2f792be00
Event: 106.948 Thread 0x00007fe2f28eac00 Thread added: 0x00007fe2f793c400
Event: 106.952 Thread 0x00007fe2f28eac00 Thread added: 0x00007fe2f9146a00
Event: 106.972 Thread 0x00007fe2f28eac00 Thread added: 0x00007fe2f3c39800


Dynamic libraries:
0x00000001006c3000 	/Library/Java/JavaVirtualMachines/zulu-17.jdk/Contents/Home/lib/libjli.dylib
0x00007ff8137ee000 	/usr/lib/libz.1.dylib
0x00007ff8138da000 	/usr/lib/libSystem.B.dylib
0x00007ff8138d4000 	/usr/lib/system/libcache.dylib
0x00007ff81388c000 	/usr/lib/system/libcommonCrypto.dylib
0x00007ff8138b6000 	/usr/lib/system/libcompiler_rt.dylib
0x00007ff8138aa000 	/usr/lib/system/libcopyfile.dylib
0x00007ff803a6a000 	/usr/lib/system/libcorecrypto.dylib
0x00007ff803b77000 	/usr/lib/system/libdispatch.dylib
0x00007ff803925000 	/usr/lib/system/libdyld.dylib
0x00007ff8138ca000 	/usr/lib/system/libkeymgr.dylib
0x00007ff813871000 	/usr/lib/system/libmacho.dylib
0x00007ff812a2e000 	/usr/lib/system/libquarantine.dylib
0x00007ff8138c7000 	/usr/lib/system/libremovefile.dylib
0x00007ff80a019000 	/usr/lib/system/libsystem_asl.dylib
0x00007ff8039f3000 	/usr/lib/system/libsystem_blocks.dylib
0x00007ff803bc2000 	/usr/lib/system/libsystem_c.dylib
0x00007ff8138be000 	/usr/lib/system/libsystem_collections.dylib
0x00007ff8113a8000 	/usr/lib/system/libsystem_configuration.dylib
0x00007ff80ff2f000 	/usr/lib/system/libsystem_containermanager.dylib
0x00007ff81333e000 	/usr/lib/system/libsystem_coreservices.dylib
0x00007ff80774d000 	/usr/lib/system/libsystem_darwin.dylib
0x00007ffe075ed000 	/usr/lib/system/libsystem_darwindirectory.dylib
0x00007ff8138cb000 	/usr/lib/system/libsystem_dnssd.dylib
0x00007ffe075f2000 	/usr/lib/system/libsystem_eligibility.dylib
0x00007ff803bbf000 	/usr/lib/system/libsystem_featureflags.dylib
0x00007ff803d44000 	/usr/lib/system/libsystem_info.dylib
0x00007ff813802000 	/usr/lib/system/libsystem_m.dylib
0x00007ff803b2a000 	/usr/lib/system/libsystem_malloc.dylib
0x00007ff809f83000 	/usr/lib/system/libsystem_networkextension.dylib
0x00007ff807b95000 	/usr/lib/system/libsystem_notify.dylib
0x00007ff8113ac000 	/usr/lib/system/libsystem_sandbox.dylib
0x00007ffe075fc000 	/usr/lib/system/libsystem_sanitizers.dylib
0x00007ff8138c3000 	/usr/lib/system/libsystem_secinit.dylib
0x00007ff803cef000 	/usr/lib/system/libsystem_kernel.dylib
0x00007ff803d3a000 	/usr/lib/system/libsystem_platform.dylib
0x00007ff803d2d000 	/usr/lib/system/libsystem_pthread.dylib
0x00007ff80be13000 	/usr/lib/system/libsystem_symptoms.dylib
0x00007ff803a4a000 	/usr/lib/system/libsystem_trace.dylib
0x00007ffe07605000 	/usr/lib/system/libsystem_trial.dylib
0x00007ff813899000 	/usr/lib/system/libunwind.dylib
0x00007ff8039f7000 	/usr/lib/system/libxpc.dylib
0x00007ff8038df000 	/usr/lib/libobjc.A.dylib
0x00007ff803d73000 	/System/Library/Frameworks/CoreFoundation.framework/Versions/A/CoreFoundation
0x00007ff81764c000 	/usr/lib/swift/libswiftCore.dylib
0x00007ff803cd7000 	/usr/lib/libc++abi.dylib
0x00007ffe05dea000 	/usr/lib/libRosetta.dylib
0x00007ff803c4c000 	/usr/lib/libc++.1.dylib
0x00007ff805007000 	/System/Library/Frameworks/Foundation.framework/Versions/C/Foundation
0x00007ff82114f000 	/usr/lib/swift/libswiftObjectiveC.dylib
0x00007ffe06e98000 	/usr/lib/libswiftPrespecialized.dylib
0x00007ff804c92000 	/System/Library/Frameworks/SystemConfiguration.framework/Versions/A/SystemConfiguration
0x00007ff80e2ef000 	/System/Library/PrivateFrameworks/CoreAutoLayout.framework/Versions/A/CoreAutoLayout
0x00007ff8138dc000 	/usr/lib/libfakelink.dylib
0x00007ff813ad6000 	/usr/lib/libcompression.dylib
0x00007ff809bed000 	/System/Library/Frameworks/CFNetwork.framework/Versions/A/CFNetwork
0x00007ff80d49d000 	/System/Library/Frameworks/DiskArbitration.framework/Versions/A/DiskArbitration
0x00007ff81392d000 	/usr/lib/libarchive.2.dylib
0x00007ff80d3af000 	/usr/lib/libDiagnosticMessagesClient.dylib
0x00007ff8074a2000 	/usr/lib/libicucore.A.dylib
0x00007ff80e339000 	/usr/lib/libxml2.2.dylib
0x00007ff81c37f000 	/System/Library/Frameworks/CoreServices.framework/Versions/A/CoreServices
0x00007ff8113b9000 	/usr/lib/liblangid.dylib
0x00007ff807ac8000 	/System/Library/Frameworks/IOKit.framework/Versions/A/IOKit
0x00007ff819e50000 	/System/Library/Frameworks/Combine.framework/Versions/A/Combine
0x00007ffc04041000 	/System/Library/PrivateFrameworks/CollectionsInternal.framework/Versions/A/CollectionsInternal
0x00007ffd09752000 	/System/Library/PrivateFrameworks/ReflectionInternal.framework/Versions/A/ReflectionInternal
0x00007ffd0a494000 	/System/Library/PrivateFrameworks/RuntimeInternal.framework/Versions/A/RuntimeInternal
0x00007ff8138df000 	/System/Library/PrivateFrameworks/SoftLinking.framework/Versions/A/SoftLinking
0x00007ff90eab4000 	/usr/lib/swift/libswiftCoreFoundation.dylib
0x00007ff90bba0000 	/usr/lib/swift/libswiftDarwin.dylib
0x00007ff81e371000 	/usr/lib/swift/libswiftDispatch.dylib
0x00007ff90eb02000 	/usr/lib/swift/libswiftIOKit.dylib
0x00007ffe07281000 	/usr/lib/swift/libswiftSystem.dylib
0x00007ff90eac4000 	/usr/lib/swift/libswiftXPC.dylib
0x00007ffe072b0000 	/usr/lib/swift/libswift_Builtin_float.dylib
0x00007ffe072b3000 	/usr/lib/swift/libswift_Concurrency.dylib
0x00007ffe07320000 	/usr/lib/swift/libswift_DarwinFoundation1.dylib
0x00007ffe07407000 	/usr/lib/swift/libswift_StringProcessing.dylib
0x00007ff821153000 	/usr/lib/swift/libswiftos.dylib
0x00007ff807a47000 	/System/Library/PrivateFrameworks/CoreServicesInternal.framework/Versions/A/CoreServicesInternal
0x00007ff8138a2000 	/usr/lib/liboah.dylib
0x00007ff8070a3000 	/System/Library/Frameworks/Security.framework/Versions/A/Security
0x00007ff820686000 	/System/Library/PrivateFrameworks/DiskImages.framework/Versions/A/DiskImages
0x00007ff90b663000 	/System/Library/Frameworks/NetFS.framework/Versions/A/NetFS
0x00007ff80e2b7000 	/System/Library/Frameworks/CoreServices.framework/Versions/A/Frameworks/FSEvents.framework/Versions/A/FSEvents
0x00007ff807758000 	/System/Library/Frameworks/CoreServices.framework/Versions/A/Frameworks/CarbonCore.framework/Versions/A/CarbonCore
0x00007ff80d413000 	/System/Library/Frameworks/CoreServices.framework/Versions/A/Frameworks/Metadata.framework/Versions/A/Metadata
0x00007ff813345000 	/System/Library/Frameworks/CoreServices.framework/Versions/A/Frameworks/OSServices.framework/Versions/A/OSServices
0x00007ff813a08000 	/System/Library/Frameworks/CoreServices.framework/Versions/A/Frameworks/SearchKit.framework/Versions/A/SearchKit
0x00007ff80bd91000 	/System/Library/Frameworks/CoreServices.framework/Versions/A/Frameworks/AE.framework/Versions/A/AE
0x00007ff80422f000 	/System/Library/Frameworks/CoreServices.framework/Versions/A/Frameworks/LaunchServices.framework/Versions/A/LaunchServices
0x00007ff81501f000 	/System/Library/Frameworks/CoreServices.framework/Versions/A/Frameworks/DictionaryServices.framework/Versions/A/DictionaryServices
0x00007ff80e2c5000 	/System/Library/Frameworks/CoreServices.framework/Versions/A/Frameworks/SharedFileList.framework/Versions/A/SharedFileList
0x00007ff813a8a000 	/usr/lib/libapple_nghttp2.dylib
0x00007ff80b9a2000 	/usr/lib/libsqlite3.dylib
0x00007ff8208c0000 	/System/Library/PrivateFrameworks/AppSupport.framework/Versions/A/AppSupport
0x00007ff80d381000 	/System/Library/PrivateFrameworks/CoreAnalytics.framework/Versions/A/CoreAnalytics
0x00007ff80a5bc000 	/System/Library/Frameworks/CoreGraphics.framework/Versions/A/CoreGraphics
0x00007ff8182af000 	/System/Library/Frameworks/GSS.framework/Versions/A/GSS
0x00007ff816738000 	/System/Library/PrivateFrameworks/InternationalSupport.framework/Versions/A/InternationalSupport
0x00007ff80bd29000 	/System/Library/PrivateFrameworks/RunningBoardServices.framework/Versions/A/RunningBoardServices
0x00007ff8210dc000 	/System/Library/PrivateFrameworks/StreamingZip.framework/Versions/A/StreamingZip
0x00007ff809f9d000 	/usr/lib/libenergytrace.dylib
0x00007ff80be1b000 	/System/Library/Frameworks/Network.framework/Versions/A/Network
0x00007ff812a53000 	/usr/lib/libbsm.0.dylib
0x00007ff813875000 	/usr/lib/system/libkxld.dylib
0x00007ffb1fa5d000 	/System/Library/PrivateFrameworks/AppleKeyStore.framework/Versions/A/AppleKeyStore
0x00007ffe05b42000 	/usr/lib/libCoreEntitlements.dylib
0x00007ffc1faeb000 	/System/Library/PrivateFrameworks/MessageSecurity.framework/Versions/A/MessageSecurity
0x00007ff80b986000 	/System/Library/PrivateFrameworks/ProtocolBuffer.framework/Versions/A/ProtocolBuffer
0x00007ff81d416000 	/System/Library/PrivateFrameworks/SymptomDiagnosticReporter.framework/Versions/A/SymptomDiagnosticReporter
0x00007ff81535e000 	/System/Library/PrivateFrameworks/CrashReporterSupport.framework/Versions/A/CrashReporterSupport
0x00007ff809f9e000 	/usr/lib/libMobileGestalt.dylib
0x00007ff813324000 	/System/Library/PrivateFrameworks/AppleFSCompression.framework/Versions/A/AppleFSCompression
0x00007ff812a3b000 	/usr/lib/libcoretls.dylib
0x00007ff81508e000 	/usr/lib/libcoretls_cfhelpers.dylib
0x00007ff813ad0000 	/usr/lib/libpam.2.dylib
0x00007ff815107000 	/usr/lib/libxar.1.dylib
0x00007ff815090000 	/System/Library/PrivateFrameworks/APFS.framework/Versions/A/APFS
0x00007ffd13edc000 	/System/Library/PrivateFrameworks/SwiftASN1Internal.framework/Versions/A/SwiftASN1Internal
0x00007ff815115000 	/usr/lib/libutil.dylib
0x00007ff8113b4000 	/System/Library/PrivateFrameworks/AppleSystemInfo.framework/Versions/A/AppleSystemInfo
0x00007ff81273c000 	/System/Library/PrivateFrameworks/IOMobileFramebuffer.framework/Versions/A/IOMobileFramebuffer
0x00007ff80ff66000 	/System/Library/Frameworks/IOSurface.framework/Versions/A/IOSurface
0x00007ff90e980000 	/System/Library/PrivateFrameworks/LoggingSupport.framework/Versions/A/LoggingSupport
0x00007ff818307000 	/System/Library/PrivateFrameworks/MobileAsset.framework/Versions/A/MobileAsset
0x00007ff81d425000 	/System/Library/PrivateFrameworks/PowerLog.framework/Versions/A/PowerLog
0x00007ffb19689000 	/System/Library/Frameworks/SwiftData.framework/Versions/A/SwiftData
0x00007ff8095e2000 	/System/Library/Frameworks/UniformTypeIdentifiers.framework/Versions/A/UniformTypeIdentifiers
0x00007ff80e4cf000 	/System/Library/PrivateFrameworks/UserManagement.framework/Versions/A/UserManagement
0x00007ff809b0f000 	/usr/lib/libboringssl.dylib
0x00007ff80be02000 	/usr/lib/libdns_services.dylib
0x00007ff90da2a000 	/usr/lib/libquic.dylib
0x00007ff8175d5000 	/usr/lib/libusrtcp.dylib
0x00007ffb207ee000 	/System/Library/PrivateFrameworks/AtomicsInternal.framework/Versions/A/AtomicsInternal
0x00007ffa14636000 	/System/Library/PrivateFrameworks/InternalSwiftProtobuf.framework/Versions/A/InternalSwiftProtobuf
0x00007ffe070ec000 	/usr/lib/swift/libswiftDistributed.dylib
0x00007ffe07112000 	/usr/lib/swift/libswiftObservation.dylib
0x00007ffe07279000 	/usr/lib/swift/libswiftSynchronization.dylib
0x00007ff8113b3000 	/System/Library/PrivateFrameworks/AggregateDictionary.framework/Versions/A/AggregateDictionary
0x00007ffc011b8000 	/System/Library/PrivateFrameworks/BiomeLibrary.framework/Versions/A/BiomeLibrary
0x00007ff91db1d000 	/System/Library/PrivateFrameworks/BiomeStreams.framework/Versions/A/BiomeStreams
0x00007ff91998a000 	/System/Library/PrivateFrameworks/BiomeFoundation.framework/Versions/A/BiomeFoundation
0x00007ffa03b1b000 	/System/Library/PrivateFrameworks/BiomePubSub.framework/Versions/A/BiomePubSub
0x00007ff80b4fc000 	/System/Library/Frameworks/CoreData.framework/Versions/A/CoreData
0x00007ff8221e3000 	/System/Library/PrivateFrameworks/ProactiveSupport.framework/Versions/A/ProactiveSupport
0x00007ff81506e000 	/usr/lib/liblzma.5.dylib
0x00007ff81c5f2000 	/System/Library/Frameworks/Accelerate.framework/Versions/A/Accelerate
0x00007ff812942000 	/System/Library/PrivateFrameworks/MobileKeyBag.framework/Versions/A/MobileKeyBag
0x00007ff820bd0000 	/System/Library/PrivateFrameworks/InternationalTextSearch.framework/Versions/A/InternationalTextSearch
0x00007ff91616b000 	/System/Library/PrivateFrameworks/SoftwareUpdateCoreSupport.framework/Versions/A/SoftwareUpdateCoreSupport
0x00007ff91e4b0000 	/System/Library/PrivateFrameworks/SoftwareUpdateCoreConnect.framework/Versions/A/SoftwareUpdateCoreConnect
0x00007ff820770000 	/System/Library/PrivateFrameworks/RemoteServiceDiscovery.framework/Versions/A/RemoteServiceDiscovery
0x00007ff915d48000 	/System/Library/PrivateFrameworks/MSUDataAccessor.framework/Versions/A/MSUDataAccessor
0x00007ff910caf000 	/usr/lib/libbootpolicy.dylib
0x00007ff820787000 	/System/Library/PrivateFrameworks/RemoteXPC.framework/Versions/A/RemoteXPC
0x00007ff91d9cd000 	/usr/lib/libFDR.dylib
0x00007ffa03775000 	/usr/lib/libamsupport.dylib
0x00007ffb1f2ce000 	/System/Library/PrivateFrameworks/AppleDeviceQuerySupport.framework/Versions/A/AppleDeviceQuerySupport
0x00007ffa067f5000 	/usr/lib/libpartition2_dynamic.dylib
0x00007ff813a68000 	/System/Library/PrivateFrameworks/AppleSauce.framework/Versions/A/AppleSauce
0x00007ffe059c2000 	/usr/lib/libAppleArchive.dylib
0x00007ff81332f000 	/usr/lib/libbz2.1.0.dylib
0x00007ff80d4a5000 	/System/Library/Frameworks/Accelerate.framework/Versions/A/Frameworks/vImage.framework/Versions/A/vImage
0x00007ff81c355000 	/System/Library/Frameworks/Accelerate.framework/Versions/A/Frameworks/vecLib.framework/Versions/A/vecLib
0x00007ff81514a000 	/System/Library/Frameworks/Accelerate.framework/Versions/A/Frameworks/vecLib.framework/Versions/A/libvMisc.dylib
0x00007ff804746000 	/System/Library/Frameworks/Accelerate.framework/Versions/A/Frameworks/vecLib.framework/Versions/A/libBLAS.dylib
0x00007ff820bcf000 	/System/Library/Frameworks/ApplicationServices.framework/Versions/A/ApplicationServices
0x00007ff80e41a000 	/System/Library/Frameworks/CoreVideo.framework/Versions/A/CoreVideo
0x00007ff80aedc000 	/System/Library/Frameworks/ColorSync.framework/Versions/A/ColorSync
0x00007ff8066b3000 	/System/Library/Frameworks/CoreText.framework/Versions/A/CoreText
0x00007ff810a48000 	/System/Library/Frameworks/ImageIO.framework/Versions/A/ImageIO
0x00007ff817ec1000 	/System/Library/Frameworks/ApplicationServices.framework/Versions/A/Frameworks/ATS.framework/Versions/A/ATS
0x00007ff80b087000 	/System/Library/Frameworks/ApplicationServices.framework/Versions/A/Frameworks/HIServices.framework/Versions/A/HIServices
0x00007ff816607000 	/System/Library/Frameworks/ApplicationServices.framework/Versions/A/Frameworks/PrintCore.framework/Versions/A/PrintCore
0x00007ff818279000 	/System/Library/Frameworks/ApplicationServices.framework/Versions/A/Frameworks/QD.framework/Versions/A/QD
0x00007ff818275000 	/System/Library/Frameworks/ApplicationServices.framework/Versions/A/Frameworks/ColorSyncLegacy.framework/Versions/A/ColorSyncLegacy
0x00007ff817e97000 	/System/Library/Frameworks/ApplicationServices.framework/Versions/A/Frameworks/SpeechSynthesis.framework/Versions/A/SpeechSynthesis
0x00007ff80a053000 	/System/Library/PrivateFrameworks/SkyLight.framework/Versions/A/SkyLight
0x00007ff81044b000 	/System/Library/PrivateFrameworks/FontServices.framework/libFontParser.dylib
0x00007ff80bc37000 	/System/Library/PrivateFrameworks/BaseBoard.framework/Versions/A/BaseBoard
0x00007ff81e6bb000 	/System/Library/PrivateFrameworks/BoardServices.framework/Versions/A/BoardServices
0x00007ff8204a6000 	/System/Library/PrivateFrameworks/BackBoardServices.framework/Versions/A/BackBoardServices
0x00007ffb20d95000 	/System/Library/PrivateFrameworks/BackBoardHIDEventFoundation.framework/Versions/A/BackBoardHIDEventFoundation
0x00007ff8061af000 	/System/Library/Frameworks/CoreDisplay.framework/Versions/A/CoreDisplay
0x00007ff815e19000 	/System/Library/Frameworks/VideoToolbox.framework/Versions/A/VideoToolbox
0x00007ff813ace000 	/System/Library/Frameworks/MetalPerformanceShaders.framework/Versions/A/MetalPerformanceShaders
0x00007ffd088ee000 	/System/Library/PrivateFrameworks/ProDisplayLibrary.framework/Versions/A/ProDisplayLibrary
0x00007ff901af1000 	/System/Library/PrivateFrameworks/IOSurfaceAccelerator.framework/Versions/A/IOSurfaceAccelerator
0x00007ff80ff8a000 	/System/Library/Frameworks/Metal.framework/Versions/A/Metal
0x00007ff80ff81000 	/System/Library/PrivateFrameworks/IOAccelerator.framework/Versions/A/IOAccelerator
0x00007ff8102a4000 	/System/Library/Frameworks/CoreMedia.framework/Versions/A/CoreMedia
0x00007ff80a031000 	/System/Library/PrivateFrameworks/TCC.framework/Versions/A/TCC
0x00007ff815dd2000 	/System/Library/PrivateFrameworks/WatchdogClient.framework/Versions/A/WatchdogClient
0x00007ff80db7f000 	/System/Library/Frameworks/QuartzCore.framework/Versions/A/QuartzCore
0x00007ff815dd4000 	/System/Library/PrivateFrameworks/MultitouchSupport.framework/Versions/A/MultitouchSupport
0x00007ffa06605000 	/usr/lib/swift/libswiftAccelerate.dylib
0x00007ff90ea9a000 	/usr/lib/swift/libswiftCoreAudio.dylib
0x00007ffa0a552000 	/usr/lib/swift/libswiftCoreMedia.dylib
0x00007ff91cb37000 	/usr/lib/swift/libswiftMetal.dylib
0x00007ffa0bd52000 	/usr/lib/swift/libswiftOSLog.dylib
0x00007ffa01ce2000 	/usr/lib/swift/libswiftQuartzCore.dylib
0x00007ffa065f6000 	/usr/lib/swift/libswiftUniformTypeIdentifiers.dylib
0x00007ffe07299000 	/usr/lib/swift/libswiftVideoToolbox.dylib
0x00007ff91275a000 	/usr/lib/swift/libswiftsimd.dylib
0x00007ffa03b7c000 	/System/Library/PrivateFrameworks/BiomeStorage.framework/Versions/A/BiomeStorage
0x00007ffc1a48d000 	/System/Library/PrivateFrameworks/IntelligencePlatformLibrary.framework/Versions/A/IntelligencePlatformLibrary
0x00007ffd07d18000 	/System/Library/PrivateFrameworks/PoirotSchematizer.framework/Versions/A/PoirotSchematizer
0x00007ffc01b12000 	/System/Library/PrivateFrameworks/BiomeSync.framework/Versions/A/BiomeSync
0x00007ffb20e59000 	/System/Library/PrivateFrameworks/BiomeDSL.framework/Versions/A/BiomeDSL
0x00007ffa1be8e000 	/System/Library/PrivateFrameworks/FeatureFlags.framework/Versions/A/FeatureFlags
0x00007ffd07d86000 	/System/Library/PrivateFrameworks/PoirotUDFs.framework/Versions/A/PoirotUDFs
0x00007ffd07ced000 	/System/Library/PrivateFrameworks/PoirotSQLite.framework/Versions/A/PoirotSQLite
0x00007ff81ebf3000 	/System/Library/PrivateFrameworks/CoreTime.framework/Versions/A/CoreTime
0x00007ff813915000 	/usr/lib/libiconv.2.dylib
0x00007ff813870000 	/usr/lib/libcharset.1.dylib
0x00007ffe0735b000 	/usr/lib/swift/libswift_RegexParser.dylib
0x00007ffc02f26000 	/System/Library/PrivateFrameworks/CascadeSets.framework/Versions/A/CascadeSets
0x00007ff81847b000 	/System/Library/PrivateFrameworks/CorePhoneNumbers.framework/Versions/A/CorePhoneNumbers
0x00007ff815bb2000 	/System/Library/PrivateFrameworks/AppleJPEG.framework/Versions/A/AppleJPEG
0x00007ff8155bf000 	/usr/lib/libexpat.1.dylib
0x00007ff8164cc000 	/System/Library/Frameworks/ImageIO.framework/Versions/A/Resources/libPng.dylib
0x00007ff8164fb000 	/System/Library/Frameworks/ImageIO.framework/Versions/A/Resources/libTIFF.dylib
0x00007ff8165f0000 	/System/Library/Frameworks/ImageIO.framework/Versions/A/Resources/libGIF.dylib
0x00007ff815bfe000 	/System/Library/Frameworks/ImageIO.framework/Versions/A/Resources/libJP2.dylib
0x00007ff8152bf000 	/usr/lib/libate.dylib
0x00007ff81658f000 	/System/Library/Frameworks/ImageIO.framework/Versions/A/Resources/libJPEG.dylib
0x00007ff816586000 	/System/Library/Frameworks/ImageIO.framework/Versions/A/Resources/libRadiance.dylib
0x00007ffc11a27000 	/System/Library/PrivateFrameworks/GPUCompiler.framework/Versions/32023/Libraries/libllvm-flatbuffers.dylib
0x00007ffc0c190000 	/System/Library/PrivateFrameworks/FramePacing.framework/Versions/A/FramePacing
0x00007ffb0c8c4000 	/System/Library/Frameworks/OpenGL.framework/Versions/A/Libraries/libCoreFSCache.dylib
0x00007ffc0d0fe000 	/System/Library/PrivateFrameworks/GPUCompiler.framework/Versions/32023/Libraries/libGPUCompilerUtils.dylib
0x00007ff81e787000 	/System/Library/PrivateFrameworks/GraphicsServices.framework/Versions/A/GraphicsServices
0x00007ff810d92000 	/System/Library/Frameworks/CoreImage.framework/Versions/A/CoreImage
0x00007ffa0fcfa000 	/System/Library/PrivateFrameworks/Symbolication.framework/Versions/A/Symbolication
0x00007ffd0790e000 	/System/Library/PrivateFrameworks/PhotosensitivityProcessing.framework/Versions/A/PhotosensitivityProcessing
0x00007ffb0c8d0000 	/System/Library/Frameworks/OpenGL.framework/Versions/A/OpenGL
0x00007ffb0deba000 	/System/Library/Frameworks/OpenCL.framework/Versions/A/OpenCL
0x00007ff8157ec000 	/System/Library/PrivateFrameworks/GraphVisualizer.framework/Versions/A/GraphVisualizer
0x00007ffb0c922000 	/System/Library/Frameworks/OpenGL.framework/Versions/A/Libraries/libGLU.dylib
0x00007ffb0c8e3000 	/System/Library/Frameworks/OpenGL.framework/Versions/A/Libraries/libGFXShared.dylib
0x00007ffb0cae2000 	/System/Library/Frameworks/OpenGL.framework/Versions/A/Libraries/libGL.dylib
0x00007ffb0c8ec000 	/System/Library/Frameworks/OpenGL.framework/Versions/A/Libraries/libGLImage.dylib
0x00007ffb0c8e0000 	/System/Library/Frameworks/OpenGL.framework/Versions/A/Libraries/libCVMSPluginSupport.dylib
0x00007ffb0c8cb000 	/System/Library/Frameworks/OpenGL.framework/Versions/A/Libraries/libCoreVMClient.dylib
0x00007ffc0c09b000 	/System/Library/PrivateFrameworks/FontServices.framework/Versions/A/FontServices
0x00007ff8157ff000 	/System/Library/PrivateFrameworks/OTSVG.framework/Versions/A/OTSVG
0x00007ff80df70000 	/System/Library/Frameworks/ApplicationServices.framework/Versions/A/Frameworks/ATS.framework/Versions/A/Resources/libFontRegistry.dylib
0x00007ffe06452000 	/usr/lib/libhvf.dylib
0x00007ffd04c6f000 	/System/Library/PrivateFrameworks/ParsingInternal.framework/Versions/A/ParsingInternal
0x00007ffc0c09f000 	/System/Library/PrivateFrameworks/FontServices.framework/libXTFontStaticRegistryData.dylib
0x00007ff8112ec000 	/System/Library/Frameworks/MetalPerformanceShaders.framework/Versions/A/Frameworks/MPSCore.framework/Versions/A/MPSCore
0x00007ff81327f000 	/System/Library/Frameworks/MetalPerformanceShaders.framework/Versions/A/Frameworks/MPSImage.framework/Versions/A/MPSImage
0x00007ff812ad7000 	/System/Library/Frameworks/MetalPerformanceShaders.framework/Versions/A/Frameworks/MPSNeuralNetwork.framework/Versions/A/MPSNeuralNetwork
0x00007ff813035000 	/System/Library/Frameworks/MetalPerformanceShaders.framework/Versions/A/Frameworks/MPSMatrix.framework/Versions/A/MPSMatrix
0x00007ff812deb000 	/System/Library/Frameworks/MetalPerformanceShaders.framework/Versions/A/Frameworks/MPSRayIntersector.framework/Versions/A/MPSRayIntersector
0x00007ff813074000 	/System/Library/Frameworks/MetalPerformanceShaders.framework/Versions/A/Frameworks/MPSNDArray.framework/Versions/A/MPSNDArray
0x00007ffb13120000 	/System/Library/Frameworks/MetalPerformanceShaders.framework/Versions/A/Frameworks/MPSFunctions.framework/Versions/A/MPSFunctions
0x00007ffb13100000 	/System/Library/Frameworks/MetalPerformanceShaders.framework/Versions/A/Frameworks/MPSBenchmarkLoop.framework/Versions/A/MPSBenchmarkLoop
0x00007ffb13135000 	/System/Library/Frameworks/MetalPerformanceShaders.framework/Versions/A/Frameworks/MPSHost.framework/Versions/A/MPSHost
0x00007ff804553000 	/System/Library/PrivateFrameworks/MetalTools.framework/Versions/A/MetalTools
0x00007ff913f58000 	/System/Library/PrivateFrameworks/IOAccelMemoryInfo.framework/Versions/A/IOAccelMemoryInfo
0x00007ffa020ee000 	/System/Library/PrivateFrameworks/kperf.framework/Versions/A/kperf
0x00007ff90ea96000 	/System/Library/PrivateFrameworks/GPURawCounter.framework/Versions/A/GPURawCounter
0x00007ff81ead5000 	/System/Library/PrivateFrameworks/CoreSymbolication.framework/Versions/A/CoreSymbolication
0x00007ff90ea13000 	/System/Library/PrivateFrameworks/MallocStackLogging.framework/Versions/A/MallocStackLogging
0x00007ff81eab6000 	/System/Library/PrivateFrameworks/DebugSymbols.framework/Versions/A/DebugSymbols
0x00007ff920a98000 	/System/Library/PrivateFrameworks/OSAnalytics.framework/Versions/A/OSAnalytics
0x00007ffc0a286000 	/System/Library/PrivateFrameworks/DeviceRecovery.framework/Versions/A/DeviceRecovery
0x00007ffb11175000 	/System/Library/Frameworks/ExtensionFoundation.framework/Versions/A/ExtensionFoundation
0x00007ff815845000 	/System/Library/PrivateFrameworks/AppServerSupport.framework/Versions/A/AppServerSupport
0x00007ff815644000 	/System/Library/PrivateFrameworks/IconServices.framework/Versions/A/IconServices
0x00007ffb122b9000 	/System/Library/Frameworks/LightweightCodeRequirements.framework/Versions/A/LightweightCodeRequirements
0x00007ff8154af000 	/System/Library/PrivateFrameworks/PlugInKit.framework/Versions/A/PlugInKit
0x00007ff812958000 	/System/Library/PrivateFrameworks/AssertionServices.framework/Versions/A/AssertionServices
0x00007ff8155e4000 	/System/Library/PrivateFrameworks/IconFoundation.framework/Versions/A/IconFoundation
0x00007ffc17911000 	/System/Library/PrivateFrameworks/IconRendering.framework/Versions/A/IconRendering
0x00007ff80dfbd000 	/System/Library/PrivateFrameworks/CoreUI.framework/Versions/A/CoreUI
0x00007ffd0a615000 	/System/Library/PrivateFrameworks/SFSymbols.framework/Versions/A/SFSymbols
0x00007ffb11056000 	/System/Library/Frameworks/DeveloperToolsSupport.framework/Versions/A/DeveloperToolsSupport
0x00007ff905f36000 	/System/Library/PrivateFrameworks/RenderBox.framework/Versions/A/RenderBox
0x00007ff810a0d000 	/System/Library/PrivateFrameworks/CoreSVG.framework/Versions/A/CoreSVG
0x00007ff81667a000 	/System/Library/PrivateFrameworks/TextureIO.framework/Versions/A/TextureIO
0x00007ff90eb01000 	/usr/lib/swift/libswiftCoreImage.dylib
0x00007ff8165c1000 	/System/Library/Frameworks/ApplicationServices.framework/Versions/A/Frameworks/ATSUI.framework/Versions/A/ATSUI
0x00007ff817c3a000 	/System/Library/Frameworks/AudioToolbox.framework/Versions/A/AudioToolbox
0x00007ff8062dd000 	/System/Library/PrivateFrameworks/AudioToolboxCore.framework/Versions/A/AudioToolboxCore
0x00007ff817e05000 	/System/Library/PrivateFrameworks/AudioSession.framework/Versions/A/AudioSession
0x00007ff823658000 	/System/Library/Frameworks/CoreMIDI.framework/Versions/A/CoreMIDI
0x00007ff817e7f000 	/usr/lib/libAudioStatistics.dylib
0x00007ff81027f000 	/System/Library/PrivateFrameworks/caulk.framework/Versions/A/caulk
0x00007ff8068f6000 	/System/Library/Frameworks/CoreAudio.framework/Versions/A/CoreAudio
0x00007ff8164aa000 	/usr/lib/libAudioToolboxUtility.dylib
0x00007ff9155b5000 	/usr/lib/swift/libswiftCoreMIDI.dylib
0x00007ff818283000 	/System/Library/PrivateFrameworks/perfdata.framework/Versions/A/perfdata
0x00007ff90db19000 	/System/Library/PrivateFrameworks/SystemPolicy.framework/Versions/A/SystemPolicy
0x00007ff818126000 	/usr/lib/libSMC.dylib
0x00007ff818291000 	/usr/lib/libperfcheck.dylib
0x00007ffb208a4000 	/System/Library/PrivateFrameworks/AudioAnalytics.framework/Versions/A/AudioAnalytics
0x00007ffe07324000 	/usr/lib/swift/libswift_DarwinFoundation2.dylib
0x00007ffe07325000 	/usr/lib/swift/libswift_DarwinFoundation3.dylib
0x00007ffa14340000 	/System/Library/Frameworks/OSLog.framework/Versions/A/OSLog
0x00007ff90ea43000 	/usr/lib/libmis.dylib
0x00007ff815708000 	/System/Library/PrivateFrameworks/MediaExperience.framework/Versions/A/MediaExperience
0x00007ff817bea000 	/System/Library/PrivateFrameworks/AudioSession.framework/libSessionUtility.dylib
0x00007ff8165f6000 	/System/Library/PrivateFrameworks/CMCaptureCore.framework/Versions/A/CMCaptureCore
0x00007ff815853000 	/usr/lib/libspindump.dylib
0x00007ff81d30a000 	/System/Library/Frameworks/CoreBluetooth.framework/Versions/A/CoreBluetooth
0x00007ff8127cb000 	/System/Library/PrivateFrameworks/CoreUtils.framework/Versions/A/CoreUtils
0x00007ff906c52000 	/System/Library/PrivateFrameworks/HID.framework/Versions/A/HID
0x00007ffc0981b000 	/System/Library/PrivateFrameworks/CoreUtilsExtras.framework/Versions/A/CoreUtilsExtras
0x00007ffc17861000 	/System/Library/PrivateFrameworks/IO80211.framework/Versions/A/IO80211
0x00007ff819bbd000 	/System/Library/Frameworks/IOBluetooth.framework/Versions/A/IOBluetooth
0x00007ff91cb44000 	/usr/lib/swift/libswiftCompression.dylib
0x00007ffb204de000 	/System/Library/PrivateFrameworks/ArgumentParserInternal.framework/Versions/A/ArgumentParserInternal
0x00007ff815355000 	/usr/lib/libIOReport.dylib
0x00007ff812965000 	/System/Library/Frameworks/SecurityFoundation.framework/Versions/A/SecurityFoundation
0x00007ff8049af000 	/System/Library/PrivateFrameworks/Lexicon.framework/Versions/A/Lexicon
0x00007ff81e5db000 	/System/Library/PrivateFrameworks/FrontBoardServices.framework/Versions/A/FrontBoardServices
0x00007ff812abe000 	/usr/lib/libgermantok.dylib
0x00007ff8114cb000 	/System/Library/PrivateFrameworks/LinguisticData.framework/Versions/A/LinguisticData
0x00007ff81d508000 	/System/Library/PrivateFrameworks/MediaKit.framework/Versions/A/MediaKit
0x00007ff81d462000 	/System/Library/Frameworks/DiscRecording.framework/Versions/A/DiscRecording
0x00007ff8155db000 	/usr/lib/libheimdal-asn1.dylib
0x00007ff8210b7000 	/System/Library/Frameworks/AudioUnit.framework/Versions/A/AudioUnit
0x00007ff80e28f000 	/System/Library/Frameworks/OpenDirectory.framework/Versions/A/OpenDirectory
0x00007ff80e29b000 	/System/Library/Frameworks/OpenDirectory.framework/Versions/A/Frameworks/CFOpenDirectory.framework/Versions/A/CFOpenDirectory
0x00007ffb0f943000 	/System/Library/Frameworks/AVFAudio.framework/Versions/A/AVFAudio
0x00007ff907baa000 	/usr/lib/libAccessibility.dylib
0x00007ffc1afb7000 	/System/Library/PrivateFrameworks/IsolatedCoreAudioClient.framework/Versions/A/IsolatedCoreAudioClient
0x00007ffd173a8000 	/System/Library/PrivateFrameworks/Tightbeam.framework/Versions/A/Tightbeam
0x00007ffc05899000 	/System/Library/PrivateFrameworks/CoreAudioOrchestration.framework/Versions/A/CoreAudioOrchestration
0x00007ffa06cb3000 	/System/Library/PrivateFrameworks/AFKUser.framework/Versions/A/AFKUser
0x00007ff81c63f000 	/System/Library/Frameworks/MediaAccessibility.framework/Versions/A/MediaAccessibility
0x00007ffd1b2a9000 	/System/Library/PrivateFrameworks/VideoToolboxParavirtualizationSupport.framework/Versions/A/VideoToolboxParavirtualizationSupport
0x00007ff815571000 	/System/Library/PrivateFrameworks/AppleVA.framework/Versions/A/AppleVA
0x00007ff81657f000 	/System/Library/PrivateFrameworks/GPUWrangler.framework/Versions/A/GPUWrangler
0x00007ff816563000 	/System/Library/PrivateFrameworks/IOPresentment.framework/Versions/A/IOPresentment
0x00007ff816589000 	/System/Library/PrivateFrameworks/DSExternalDisplay.framework/Versions/A/DSExternalDisplay
0x00007ffb20340000 	/System/Library/PrivateFrameworks/AppleMobileFileIntegrity.framework/Versions/A/AppleMobileFileIntegrity
0x00007ffe05e67000 	/usr/lib/libTLE.dylib
0x00007ffb04996000 	/System/Library/PrivateFrameworks/ConfigProfileHelper.framework/Versions/A/ConfigProfileHelper
0x00007ffa19fb1000 	/usr/lib/libedit.3.dylib
0x00007ffc1c2f3000 	/System/Library/PrivateFrameworks/MIL.framework/Versions/A/MIL
0x00007ff913f1d000 	/usr/lib/libncurses.5.4.dylib
0x00007ff812707000 	/System/Library/PrivateFrameworks/CoreEmoji.framework/Versions/A/CoreEmoji
0x00007ff804d18000 	/usr/lib/libCRFSuite.dylib
0x00007ff8113bb000 	/System/Library/PrivateFrameworks/CoreNLP.framework/Versions/A/CoreNLP
0x00007ff812a63000 	/usr/lib/libmecab.dylib
0x00007ff813a60000 	/usr/lib/libThaiTokenizer.dylib
0x00007ff816a41000 	/System/Library/PrivateFrameworks/DataDetectorsCore.framework/Versions/A/DataDetectorsCore
0x00007ffb11044000 	/System/Library/Frameworks/DataDetection.framework/Versions/A/DataDetection
0x00007ff91298b000 	/System/Library/PrivateFrameworks/TextInput.framework/Versions/A/TextInput
0x00007ffa147fd000 	/System/Library/PrivateFrameworks/HIDDisplay.framework/Versions/A/HIDDisplay
0x00007ff818207000 	/usr/lib/libcups.2.dylib
0x00007ff8182a0000 	/System/Library/Frameworks/Kerberos.framework/Versions/A/Kerberos
0x00007ff817f04000 	/usr/lib/libresolv.9.dylib
0x00007ff81585a000 	/System/Library/PrivateFrameworks/Heimdal.framework/Versions/A/Heimdal
0x00007ff8210b6000 	/System/Library/Frameworks/Kerberos.framework/Versions/A/Libraries/libHeimdalProxy.dylib
0x00007ff8182f8000 	/System/Library/PrivateFrameworks/CommonAuth.framework/Versions/A/CommonAuth
0x00007ff907ac3000 	/System/Library/PrivateFrameworks/AXCoreUtilities.framework/Versions/A/AXCoreUtilities
0x00007ff917870000 	/System/Library/PrivateFrameworks/AttributeGraph.framework/Versions/A/AttributeGraph
0x00007ffe058df000 	/usr/lib/libAXSafeCategoryBundle.dylib
0x00007ff81251c000 	/System/Library/Frameworks/Accelerate.framework/Versions/A/Frameworks/vecLib.framework/Versions/A/libvDSP.dylib
0x00007ff813bbd000 	/System/Library/Frameworks/Accelerate.framework/Versions/A/Frameworks/vecLib.framework/Versions/A/libLAPACK.dylib
0x00007ff812ac1000 	/System/Library/Frameworks/Accelerate.framework/Versions/A/Frameworks/vecLib.framework/Versions/A/libLinearAlgebra.dylib
0x00007ff813aa4000 	/System/Library/Frameworks/Accelerate.framework/Versions/A/Frameworks/vecLib.framework/Versions/A/libSparseBLAS.dylib
0x00007ff813bb7000 	/System/Library/Frameworks/Accelerate.framework/Versions/A/Frameworks/vecLib.framework/Versions/A/libQuadrature.dylib
0x00007ff8114d2000 	/System/Library/Frameworks/Accelerate.framework/Versions/A/Frameworks/vecLib.framework/Versions/A/libBNNS.dylib
0x00007ff804abb000 	/System/Library/Frameworks/Accelerate.framework/Versions/A/Frameworks/vecLib.framework/Versions/A/libSparse.dylib
0x00007ffb10be0000 	/System/Library/Frameworks/CoreTransferable.framework/Versions/A/CoreTransferable
0x00007ff81826a000 	/System/Library/PrivateFrameworks/NetAuth.framework/Versions/A/NetAuth
0x00007ff80e48f000 	/System/Library/PrivateFrameworks/login.framework/Versions/A/Frameworks/loginsupport.framework/Versions/A/loginsupport
0x00007ff8093fc000 	/System/Library/PrivateFrameworks/UIFoundation.framework/Versions/A/UIFoundation
0x00007ff812a31000 	/usr/lib/libCheckFix.dylib
0x00007ff80d3b1000 	/System/Library/PrivateFrameworks/MetadataUtilities.framework/Versions/A/MetadataUtilities
0x00007ffc1822c000 	/System/Library/PrivateFrameworks/InstalledContentLibrary.framework/Versions/A/InstalledContentLibrary
0x00007ff807a89000 	/System/Library/PrivateFrameworks/CoreServicesStore.framework/Versions/A/CoreServicesStore
0x00007ff80e2ec000 	/usr/lib/libapp_launch_measurement.dylib
0x00007ffa021ec000 	/System/Library/PrivateFrameworks/MobileSystemServices.framework/Versions/A/MobileSystemServices
0x00007ff815119000 	/usr/lib/libxslt.1.dylib
0x00007ff8129f4000 	/System/Library/PrivateFrameworks/BackgroundTaskManagement.framework/Versions/A/BackgroundTaskManagement
0x00007ff820836000 	/usr/lib/libcurl.4.dylib
0x00007ffe061ff000 	/usr/lib/libcrypto.46.dylib
0x00007ffe06e25000 	/usr/lib/libssl.48.dylib
0x00007ff820516000 	/System/Library/Frameworks/LDAP.framework/Versions/A/LDAP
0x00007ff820551000 	/System/Library/PrivateFrameworks/TrustEvaluationAgent.framework/Versions/A/TrustEvaluationAgent
0x00007ff817f21000 	/usr/lib/libsasl2.2.dylib
0x00007ff82386c000 	/System/Library/Frameworks/Cocoa.framework/Versions/A/Cocoa
0x00007ff807c01000 	/System/Library/Frameworks/AppKit.framework/Versions/C/AppKit
0x00007ffc0401a000 	/System/Library/PrivateFrameworks/CollectionViewCore.framework/Versions/A/CollectionViewCore
0x00007ff810a08000 	/System/Library/PrivateFrameworks/XCTTargetBootstrap.framework/Versions/A/XCTTargetBootstrap
0x00007ff816a8a000 	/System/Library/PrivateFrameworks/UserActivity.framework/Versions/A/UserActivity
0x00007ffc0c19d000 	/System/Library/PrivateFrameworks/FrontBoard.framework/Versions/A/FrontBoard
0x00007ffd190d1000 	/System/Library/PrivateFrameworks/UIIntelligenceSupport.framework/Versions/A/UIIntelligenceSupport
0x00007ffb197e8000 	/System/Library/Frameworks/SwiftUICore.framework/Versions/A/SwiftUICore
0x00007ffd1effc000 	/System/Library/PrivateFrameworks/WritingTools.framework/Versions/A/WritingTools
0x00007ffd1df8c000 	/System/Library/PrivateFrameworks/WindowManagement.framework/Versions/A/WindowManagement
0x00007ffc0bef6000 	/System/Library/PrivateFrameworks/FocusEngine.framework/Versions/A/FocusEngine
0x00007ffc09e52000 	/System/Library/PrivateFrameworks/DesignLibrary.framework/Versions/A/DesignLibrary
0x00007ff8109f5000 	/System/Library/PrivateFrameworks/DFRFoundation.framework/Versions/A/DFRFoundation
0x00007ffd19be5000 	/System/Library/PrivateFrameworks/UpdateCycle.framework/Versions/A/UpdateCycle
0x00007ff810716000 	/System/Library/Frameworks/Carbon.framework/Versions/A/Frameworks/HIToolbox.framework/Versions/A/HIToolbox
0x00007ff81bf63000 	/System/Library/Frameworks/Carbon.framework/Versions/A/Frameworks/SpeechRecognition.framework/Versions/A/SpeechRecognition
0x00007ff80e284000 	/System/Library/PrivateFrameworks/PerformanceAnalysis.framework/Versions/A/PerformanceAnalysis
0x00007ff81c2f6000 	/System/Library/Frameworks/Accessibility.framework/Versions/A/Accessibility
0x00007ffb1a6de000 	/System/Library/Frameworks/Symbols.framework/Versions/A/Symbols
0x00007ffc14d2d000 	/System/Library/PrivateFrameworks/Gestures.framework/Versions/A/Gestures
0x00007ff90bb9f000 	/usr/lib/swift/libswiftCoreGraphics.dylib
0x00007ff81cd05000 	/usr/lib/swift/libswiftFoundation.dylib
0x00007ffb04369000 	/usr/lib/swift/libswiftSwiftOnoneSupport.dylib
0x00007ffe07490000 	/usr/lib/swift/libswiftsys_time.dylib
0x00007ffa10421000 	/System/Library/PrivateFrameworks/CoreMaterial.framework/Versions/A/CoreMaterial
0x00007ffe071ce000 	/usr/lib/swift/libswiftSpatial.dylib
0x00007ffe05e66000 	/usr/lib/libSpatial.dylib
0x00007ffe057f6000 	/System/Library/SubFrameworks/UIUtilities.framework/Versions/A/UIUtilities
0x0000000101861000 	/Library/Java/JavaVirtualMachines/zulu-17.jdk/Contents/Home/lib/server/libjvm.dylib
0x0000000100752000 	/Library/Java/JavaVirtualMachines/zulu-17.jdk/Contents/Home/lib/libjimage.dylib
0x0000000100775000 	/Library/Java/JavaVirtualMachines/zulu-17.jdk/Contents/Home/lib/libinstrument.dylib
0x00000001007b7000 	/Library/Java/JavaVirtualMachines/zulu-17.jdk/Contents/Home/lib/libjava.dylib
0x0000000101642000 	/Library/Java/JavaVirtualMachines/zulu-17.jdk/Contents/Home/lib/libzip.dylib
0x0000000101671000 	/Library/Java/JavaVirtualMachines/zulu-17.jdk/Contents/Home/lib/libnio.dylib
0x00000001016ab000 	/Library/Java/JavaVirtualMachines/zulu-17.jdk/Contents/Home/lib/libnet.dylib
0x0000000101656000 	/Library/Java/JavaVirtualMachines/zulu-17.jdk/Contents/Home/lib/libverify.dylib
0x00000001007a1000 	/Users/macbook/.gradle/native/1def1411415f61bf3af743bc5b6707747c0891f09f0c88961ee8f79bc544acac/osx-amd64/libnative-platform.dylib
0x0000000101739000 	/Users/macbook/.gradle/native/0.2.7/x86_64-macos/libgradle-fileevents.dylib
0x000000010168d000 	/Library/Java/JavaVirtualMachines/zulu-17.jdk/Contents/Home/lib/libmanagement.dylib
0x00000001016cb000 	/Library/Java/JavaVirtualMachines/zulu-17.jdk/Contents/Home/lib/libmanagement_ext.dylib
0x00000001016db000 	/Library/Java/JavaVirtualMachines/zulu-17.jdk/Contents/Home/lib/libextnet.dylib


VM Arguments:
jvm_args: --add-opens=java.base/java.lang=ALL-UNNAMED --add-opens=java.base/java.lang.invoke=ALL-UNNAMED --add-opens=java.base/java.util=ALL-UNNAMED --add-opens=java.prefs/java.util.prefs=ALL-UNNAMED --add-exports=jdk.compiler/com.sun.tools.javac.api=ALL-UNNAMED --add-exports=jdk.compiler/com.sun.tools.javac.util=ALL-UNNAMED --add-opens=java.base/java.util=ALL-UNNAMED --add-opens=java.prefs/java.util.prefs=ALL-UNNAMED --add-opens=java.base/java.nio.charset=ALL-UNNAMED --add-opens=java.base/java.net=ALL-UNNAMED --add-opens=java.base/java.util.concurrent.atomic=ALL-UNNAMED --add-opens=java.xml/javax.xml.namespace=ALL-UNNAMED -XX:MaxMetaspaceSize=512m -Xmx2048m -Dfile.encoding=UTF-8 -Duser.country=US -Duser.language=en -Duser.variant -javaagent:/Users/macbook/.gradle/wrapper/dists/gradle-8.13-bin/5xuhj0ry160q40clulazy9h7d/gradle-8.13/lib/agents/gradle-instrumentation-agent-8.13.jar 
java_command: org.gradle.launcher.daemon.bootstrap.GradleDaemon 8.13
java_class_path (initial): /Users/macbook/.gradle/wrapper/dists/gradle-8.13-bin/5xuhj0ry160q40clulazy9h7d/gradle-8.13/lib/gradle-daemon-main-8.13.jar
Launcher Type: SUN_STANDARD

[Global flags]
     intx CICompilerCount                          = 4                                         {product} {ergonomic}
   size_t CompressedClassSpaceSize                 = 436207616                                 {product} {ergonomic}
     uint ConcGCThreads                            = 3                                         {product} {ergonomic}
     uint G1ConcRefinementThreads                  = 10                                        {product} {ergonomic}
   size_t G1HeapRegionSize                         = 1048576                                   {product} {ergonomic}
    uintx GCDrainStackTargetSize                   = 64                                        {product} {ergonomic}
   size_t InitialHeapSize                          = 268435456                                 {product} {ergonomic}
   size_t MarkStackSize                            = 4194304                                   {product} {ergonomic}
   size_t MaxHeapSize                              = 2147483648                                {product} {command line}
   size_t MaxMetaspaceSize                         = 536870912                                 {product} {command line}
   size_t MaxNewSize                               = 1287651328                                {product} {ergonomic}
   size_t MinHeapDeltaBytes                        = 1048576                                   {product} {ergonomic}
   size_t MinHeapSize                              = 8388608                                   {product} {ergonomic}
    uintx NonNMethodCodeHeapSize                   = 5839372                                {pd product} {ergonomic}
    uintx NonProfiledCodeHeapSize                  = 122909434                              {pd product} {ergonomic}
    uintx ProfiledCodeHeapSize                     = 122909434                              {pd product} {ergonomic}
    uintx ReservedCodeCacheSize                    = 251658240                              {pd product} {ergonomic}
     bool SegmentedCodeCache                       = true                                      {product} {ergonomic}
   size_t SoftMaxHeapSize                          = 2147483648                             {manageable} {ergonomic}
     bool UseCompressedClassPointers               = true                           {product lp64_product} {ergonomic}
     bool UseCompressedOops                        = true                           {product lp64_product} {ergonomic}
     bool UseG1GC                                  = true                                      {product} {ergonomic}
     bool UseNUMA                                  = false                                     {product} {ergonomic}
     bool UseNUMAInterleaving                      = false                                     {product} {ergonomic}

Logging:
Log output configuration:
 #0: stdout all=warning uptime,level,tags
 #1: stderr all=off uptime,level,tags

Environment Variables:
JAVA_HOME=/Library/Java/JavaVirtualMachines/zulu-17.jdk/Contents/Home
PATH=/Users/macbook/.pyenv/shims:/Users/macbook/.pyenv/bin:/Users/macbook/.opencode/bin:/Users/macbook/.bun/bin:/Users/macbook/.nvm/versions/node/v24.11.1/bin:/Users/macbook/.antigravity/antigravity/bin:/Applications/Postgres.app/Contents/Versions/latest/bin:/Users/macbook/.local/bin:/usr/local/bin:/System/Cryptexes/App/usr/bin:/usr/bin:/bin:/usr/sbin:/sbin:/var/run/com.apple.security.cryptexd/codex.system/bootstrap/usr/local/bin:/var/run/com.apple.security.cryptexd/codex.system/bootstrap/usr/bin:/var/run/com.apple.security.cryptexd/codex.system/bootstrap/usr/appleinternal/bin:/opt/pmk/env/global/bin:/Library/Apple/usr/bin:/usr/local/share/dotnet:~/.dotnet/tools:/Applications/Postgres.app/Contents/Versions/latest/bin:/Users/macbook/.local/share/cursor-agent/versions/2026.06.15-18-00-12-6f5a2cf:/Users/macbook/.pyenv/bin:/Users/macbook/.opencode/bin:/Users/macbook/.bun/bin:/Users/macbook/.nvm/versions/node/v24.11.1/bin:/Users/macbook/.antigravity/antigravity/bin:/Users/macbook/.local/bin:/Users/macbook/Library/Android/sdk/emulator:/Users/macbook/Library/Android/sdk/platform-tools:/Applications/Warp.app/Contents/Resources/bin:/Users/macbook/Library/Android/sdk/emulator:/Users/macbook/Library/Android/sdk/platform-tools
SHELL=/bin/zsh
LANG=en_US.UTF-8
TERM=dumb
TMPDIR=/var/folders/fl/b3xdcrns4d5055k9vfj459nm0000gn/T/

Active Locale:
LC_ALL=en_US.UTF-8
LC_COLLATE=en_US.UTF-8
LC_CTYPE=en_US.UTF-8
LC_MESSAGES=en_US.UTF-8
LC_MONETARY=en_US.UTF-8
LC_NUMERIC=en_US.UTF-8
LC_TIME=en_US.UTF-8

Signal Handlers:
   SIGSEGV: crash_handler in libjvm.dylib, mask=11100110000111110111111111111111, flags=SA_RESTART|SA_SIGINFO, unblocked
    SIGBUS: crash_handler in libjvm.dylib, mask=11100110000111110111111111111111, flags=SA_RESTART|SA_SIGINFO, unblocked
    SIGFPE: crash_handler in libjvm.dylib, mask=11100110000111110111111111111111, flags=SA_RESTART|SA_SIGINFO, unblocked
   SIGPIPE: javaSignalHandler in libjvm.dylib, mask=11100110000111110111111111111111, flags=SA_RESTART|SA_SIGINFO, blocked
   SIGXFSZ: javaSignalHandler in libjvm.dylib, mask=11100110000111110111111111111111, flags=SA_RESTART|SA_SIGINFO, blocked
    SIGILL: crash_handler in libjvm.dylib, mask=11100110000111110111111111111111, flags=SA_RESTART|SA_SIGINFO, unblocked
   SIGUSR2: SR_handler in libjvm.dylib, mask=00100000000000000000000000000000, flags=SA_RESTART|SA_SIGINFO, blocked
    SIGHUP: UserHandler in libjvm.dylib, mask=11100110000111110111111111111111, flags=SA_RESTART|SA_SIGINFO, blocked
    SIGINT: UserHandler in libjvm.dylib, mask=11100110000111110111111111111111, flags=SA_RESTART|SA_SIGINFO, blocked
   SIGTERM: UserHandler in libjvm.dylib, mask=11100110000111110111111111111111, flags=SA_RESTART|SA_SIGINFO, blocked
   SIGQUIT: UserHandler in libjvm.dylib, mask=11100110000111110111111111111111, flags=SA_RESTART|SA_SIGINFO, blocked
   SIGTRAP: crash_handler in libjvm.dylib, mask=11100110000111110111111111111111, flags=SA_RESTART|SA_SIGINFO, unblocked


Periodic native trim disabled


---------------  S Y S T E M  ---------------

OS:
uname: Darwin 25.3.0 Darwin Kernel Version 25.3.0: Wed Jan 28 20:53:28 PST 2026; root:xnu-12377.91.3~2/RELEASE_X86_64 x86_64
OS uptime: 0 days 0:15 hours
rlimit (soft/hard): STACK 8192k/65532k , CORE 0k/infinity , NPROC 2784/4176 , NOFILE 1048576/infinity , AS infinity/infinity , CPU infinity/infinity , DATA infinity/infinity , FSIZE infinity/infinity , MEMLOCK infinity/infinity , RSS infinity/infinity
load average: 11.01 14.22 19.26

CPU: total 12 (initial active 12) (6 cores per cpu, 2 threads per core) family 6 model 158 stepping 10 microcode 0xfa, cx8, cmov, fxsr, ht, mmx, 3dnowpref, sse, sse2, sse3, ssse3, sse4.1, sse4.2, popcnt, lzcnt, tsc, tscinvbit, avx, avx2, aes, erms, clmul, bmi1, bmi2, adx, fma, vzeroupper, clflush, clflushopt
machdep.cpu.brand_string:Intel(R) Core(TM) i7-9750H CPU @ 2.60GHz
hw.cpufrequency:2600000000
hw.cpufrequency_min:2600000000
hw.cpufrequency_max:2600000000
hw.cachelinesize:64
hw.l1icachesize:32768
hw.l1dcachesize:32768
hw.l2cachesize:262144
hw.l3cachesize:12582912

Memory: 4k page, physical 16777216k(263556k free), swap 1048576k(532224k free)

vm_info: OpenJDK 64-Bit Server VM (17.0.16+8-LTS) for bsd-amd64 JRE (17.0.16+8-LTS) (Zulu17.60+17-CA), built on Jun 30 2025 10:41:51 by "zulu_re" with clang Apple LLVM 12.0.5 (clang-1205.0.22.11)

END.
