#
# A fatal error has been detected by the Java Runtime Environment:
#
#  SIGSEGV (0xb) at pc=0x0000000106919a26, pid=64889, tid=13059
#
# JRE version: OpenJDK Runtime Environment Zulu17.60+17-CA (17.0.16+8) (build 17.0.16+8-LTS)
# Java VM: OpenJDK 64-Bit Server VM Zulu17.60+17-CA (17.0.16+8-LTS, mixed mode, sharing, tiered, compressed oops, compressed class ptrs, serial gc, bsd-amd64)
# Problematic frame:
# V  [libjvm.dylib+0x36aa26]  DefNewGeneration::copy_to_survivor_space(oopDesc*)+0x66
#
# No core dump will be written. Core dumps have been disabled. To enable core dumping, try "ulimit -c unlimited" before starting Java again
#
# If you would like to submit a bug report, please visit:
#   http://www.azul.com/support/
#

---------------  S U M M A R Y ------------

Command Line: --add-opens=java.base/java.lang=ALL-UNNAMED --add-opens=java.base/java.lang.invoke=ALL-UNNAMED --add-opens=java.base/java.util=ALL-UNNAMED --add-opens=java.prefs/java.util.prefs=ALL-UNNAMED --add-exports=jdk.compiler/com.sun.tools.javac.api=ALL-UNNAMED --add-exports=jdk.compiler/com.sun.tools.javac.util=ALL-UNNAMED --add-opens=java.base/java.util=ALL-UNNAMED --add-opens=java.prefs/java.util.prefs=ALL-UNNAMED --add-opens=java.base/java.nio.charset=ALL-UNNAMED --add-opens=java.base/java.net=ALL-UNNAMED --add-opens=java.base/java.util.concurrent.atomic=ALL-UNNAMED --add-opens=java.xml/javax.xml.namespace=ALL-UNNAMED -XX:MaxMetaspaceSize=1024m -XX:+HeapDumpOnOutOfMemoryError -XX:+UseSerialGC -XX:MaxHeapFreeRatio=70 -Xmx2048m -Dfile.encoding=UTF-8 -Duser.country=US -Duser.language=en -Duser.variant -javaagent:/Users/macbook/.gradle/wrapper/dists/gradle-8.13-bin/5xuhj0ry160q40clulazy9h7d/gradle-8.13/lib/agents/gradle-instrumentation-agent-8.13.jar org.gradle.launcher.daemon.bootstrap.GradleDaemon 8.13

Host: "MacBookPro16,1" x86_64 2600 MHz, 12 cores, 16G, Darwin 25.5.0, macOS 26.5.2 (25F84)
Time: Wed Sep  9 20:15:16 2026 PKT elapsed time: 8387.637733 seconds (0d 2h 19m 47s)

---------------  T H R E A D  ---------------

Current thread (0x00007ff567806b30):  VMThread "VM Thread" [stack: 0x000070000b64c000,0x000070000b74c000] [id=13059]

Stack: [0x000070000b64c000,0x000070000b74c000],  sp=0x000070000b74b140,  free space=1020k
Native frames: (J=compiled Java code, j=interpreted, Vv=VM code, C=native code)
V  [libjvm.dylib+0x36aa26]  DefNewGeneration::copy_to_survivor_space(oopDesc*)+0x66
V  [libjvm.dylib+0x36b7a4]  void OopOopIterateDispatch<DefNewScanClosure>::Table::oop_oop_iterate<InstanceKlass, narrowOop>(DefNewScanClosure*, oopDesc*, Klass*)+0xf4
V  [libjvm.dylib+0x36b5b2]  void ContiguousSpace::oop_since_save_marks_iterate<DefNewScanClosure>(DefNewScanClosure*)+0xa2
V  [libjvm.dylib+0x36834a]  void SerialHeap::oop_since_save_marks_iterate<DefNewScanClosure, DefNewYoungerGenClosure>(DefNewScanClosure*, DefNewYoungerGenClosure*)+0x3a
V  [libjvm.dylib+0x369b2e]  DefNewGeneration::collect(bool, bool, unsigned long, bool)+0x39e
V  [libjvm.dylib+0x4953a9]  GenCollectedHeap::collect_generation(Generation*, bool, unsigned long, bool, bool, bool, bool)+0x329
V  [libjvm.dylib+0x4959dd]  GenCollectedHeap::do_collection(bool, bool, unsigned long, bool, GenCollectedHeap::GenerationType)+0x4dd
V  [libjvm.dylib+0x4961fd]  GenCollectedHeap::satisfy_failed_allocation(unsigned long, bool)+0x10d
V  [libjvm.dylib+0x48d5ae]  VM_GenCollectForAllocation::doit()+0x4e
V  [libjvm.dylib+0xb13ca0]  VM_Operation::evaluate()+0xd0
V  [libjvm.dylib+0xb253c5]  VMThread::evaluate_operation(VM_Operation*)+0x105
V  [libjvm.dylib+0xb25ce6]  VMThread::inner_execute(VM_Operation*)+0x1f6
V  [libjvm.dylib+0xb2508a]  VMThread::run()+0xca
V  [libjvm.dylib+0xa95c17]  Thread::call_run()+0xa7
V  [libjvm.dylib+0x8adb18]  thread_native_entry(Thread*)+0x148
C  [libsystem_pthread.dylib+0x5d49]  _pthread_start+0x73
C  [libsystem_pthread.dylib+0x182f]  thread_start+0xf


siginfo: si_signo: 11 (SIGSEGV), si_code: 1 (SEGV_MAPERR), si_addr: 0x0000000000000100

Registers:
RAX=0x0000000000000000, RBX=0x0000000000000000, RCX=0x0000000000000000, RDX=0x00000001072d01f0
RSP=0x000070000b74b140, RBP=0x000070000b74b170, RSI=0x000000079396b4a0, RDI=0x0000000122000001
R8 =0x00000001072d01e0, R9 =0x0000600000064918, R10=0x0000000000000000, R11=0x0000000021322d58
R12=0x000000079396b4a0, R13=0x00000001072d01e0, R14=0x00007ff567d055a0, R15=0x00000001233aa318
RIP=0x0000000106919a26, EFLAGS=0x0000000000010246, ERR=0x0000000000000004
  TRAPNO=0x000000000000000e


Register to memory mapping:

RAX=0x0 is NULL
RBX=0x0 is NULL
RCX=0x0 is NULL
RDX=0x00000001072d01f0: _ZN23CompressedKlassPointers13_narrow_klassE+0 in /Library/Java/JavaVirtualMachines/zulu-17.jdk/Contents/Home/lib/server/libjvm.dylib at 0x00000001065af000
RSP=0x000070000b74b140 points into unknown readable memory: 0x000070000b74b180 | 80 b1 74 0b 00 70 00 00
RBP=0x000070000b74b170 points into unknown readable memory: 0x000070000b74b1c0 | c0 b1 74 0b 00 70 00 00
RSI=0x000000079396b4a0 is pointing into object: org.gradle.internal.extensibility.DefaultExtraPropertiesExtension 
{0x000000079396b490} - klass: 'org/gradle/internal/extensibility/DefaultExtraPropertiesExtension'
 - ---- fields (total size 3 words):
 - private transient 'metaClass' 'Lgroovy/lang/MetaClass;' @12  a 'groovy/lang/MetaClassImpl'{0x00000007ac421698} (f58842d3)
 - private final 'storage' 'Ljava/util/Map;' @16  a 'java/util/HashMap'{0x000000079396b4a8} (f272d695)
RDI=0x0000000122000001 is pointing into metadata
R8 =0x00000001072d01e0: _ZN14CompressedOops11_narrow_oopE+0 in /Library/Java/JavaVirtualMachines/zulu-17.jdk/Contents/Home/lib/server/libjvm.dylib at 0x00000001065af000
R9 =0x0000600000064918 points into unknown readable memory: 0x0000000000000000 | 00 00 00 00 00 00 00 00
R10=0x0 is NULL
R11=0x0000000021322d58 is an unknown value
R12=0x000000079396b4a0 is pointing into object: org.gradle.internal.extensibility.DefaultExtraPropertiesExtension 
{0x000000079396b490} - klass: 'org/gradle/internal/extensibility/DefaultExtraPropertiesExtension'
 - ---- fields (total size 3 words):
 - private transient 'metaClass' 'Lgroovy/lang/MetaClass;' @12  a 'groovy/lang/MetaClassImpl'{0x00000007ac421698} (f58842d3)
 - private final 'storage' 'Ljava/util/Map;' @16  a 'java/util/HashMap'{0x000000079396b4a8} (f272d695)
R13=0x00000001072d01e0: _ZN14CompressedOops11_narrow_oopE+0 in /Library/Java/JavaVirtualMachines/zulu-17.jdk/Contents/Home/lib/server/libjvm.dylib at 0x00000001065af000
R14=0x00007ff567d055a0 points into unknown readable memory: 0x00000001072a5ea0 | a0 5e 2a 07 01 00 00 00
R15=0x00000001233aa318 is pointing into metadata


Top of Stack: (sp=0x000070000b74b140)
0x000070000b74b140:   000070000b74b180 0000000106919ab3
0x000070000b74b150:   000070000b74b3c8 00000007a9e933b4
0x000070000b74b160:   00000007a9e933b0 00000001233aa318
0x000070000b74b170:   000070000b74b1c0 000000010691a7a4
0x000070000b74b180:   000070000b74b1c0 00000001233aa320
0x000070000b74b190:   00000007a9e933a0 0000000000000003
0x000070000b74b1a0:   00000007a9e933a0 00000001233aa048
0x000070000b74b1b0:   0000000000000240 00000007aa1b81a0
0x000070000b74b1c0:   000070000b74b210 000000010691a5b2
0x000070000b74b1d0:   000070000b74b210 000070000b74b3c8
0x000070000b74b1e0:   0000600000779720 00007ff567d055a0
0x000070000b74b1f0:   000070000b74b3c8 000070000b74b290
0x000070000b74b200:   0000600001d6c000 000070000b74b3c8
0x000070000b74b210:   000070000b74b260 000000010691734a
0x000070000b74b220:   000070000b74b390 0000000106919cf6
0x000070000b74b230:   00000001072a5ea0 000070000b74b390
0x000070000b74b240:   000070000b74b3c8 000070000b74b290
0x000070000b74b250:   0000600001d6c000 00007ff567d055a0
0x000070000b74b260:   000070000b74b5a0 0000000106918b2e
0x000070000b74b270:   0000000000000000 00000000000005a3
0x000070000b74b280:   0000000000000003 0000000000000012
0x000070000b74b290:   000007a000000000 000013c502909a42
0x000070000b74b2a0:   00000000ffffff00 00007ff567d055a0
0x000070000b74b2b0:   000070000b74b376 0000000000000001
0x000070000b74b2c0:   000070000b74b460 00007ff804032490
0x000070000b74b2d0:   bff0000000000000 000070000b74b6d3
0x000070000b74b2e0:   000000ec00000000 bff00000ffff0208
0x000070000b74b2f0:   000070000b74b6c0 3fbbc6b8000000ff
0x000070000b74b300:   3fbd3671ac14c660 3fe1dcc857f3061d
0x000070000b74b310:   bff0000000000000 bff0000000000000
0x000070000b74b320:   bff0000000000000 bff0000000000000
0x000070000b74b330:   00006000040170c0 3fe9191ff7660000 

Instructions: (pc=0x0000000106919a26)
0x0000000106919926:   3b 8b 70 02 00 00 73 1b 48 8b 8b 98 02 00 00 48
0x0000000106919936:   89 0c c6 48 89 b3 98 02 00 00 48 ff 83 88 02 00
0x0000000106919946:   00 eb 12 48 8d 14 c5 08 00 00 00 48 8b 7d d0 48
0x0000000106919956:   8b 07 ff 50 08 4d 85 e4 4c 89 a3 90 02 00 00 48
0x0000000106919966:   8b 83 60 02 00 00 48 89 83 78 02 00 00 49 0f 44
0x0000000106919976:   c4 48 29 83 80 02 00 00 4d 89 ec 48 8b bb 50 02
0x0000000106919986:   00 00 41 80 3c 24 00 0f 84 2d ff ff ff 41 8b 57
0x0000000106919996:   08 48 8d 05 52 68 9b 00 0f b6 48 08 48 d3 e2 48
0x00000001069199a6:   03 10 e9 17 ff ff ff 48 83 c4 08 5b 41 5c 41 5d
0x00000001069199b6:   41 5e 41 5f 5d c3 0f 1f 40 00 55 48 89 e5 41 57
0x00000001069199c6:   41 56 41 54 53 48 83 ec 10 49 89 f4 49 89 fe 48
0x00000001069199d6:   8d 05 cd 0b 9f 00 8a 00 84 c0 74 2e 41 8b 7c 24
0x00000001069199e6:   08 48 8d 15 02 68 9b 00 8a 4a 08 48 d3 e7 48 03
0x00000001069199f6:   3a 8b 5f 08 85 db 7e 1e f6 c3 01 75 1d c1 eb 03
0x0000000106919a06:   49 8b 04 24 a8 01 74 28 eb 76 49 8b 7c 24 08 8b
0x0000000106919a16:   5f 08 85 db 7f e2 85 db 78 29 48 8b 07 4c 89 e6
0x0000000106919a26:   ff 90 00 01 00 00 89 c3 49 8b 04 24 a8 01 75 50
0x0000000106919a36:   49 8b 04 24 48 89 45 d8 48 8d 7d d8 e8 29 03 4b
0x0000000106919a46:   00 eb 41 31 c9 84 c0 0f 94 c1 49 63 44 8c 0c 89
0x0000000106919a56:   d9 48 d3 e0 c1 eb 10 0f b6 cb 48 01 c1 48 8d 05
0x0000000106919a66:   ea 85 9b 00 48 63 00 48 8d 4c 08 ff f7 d8 48 63
0x0000000106919a76:   d8 48 21 cb 48 c1 eb 03 49 8b 04 24 a8 01 74 b0
0x0000000106919a86:   49 8b 04 24 4c 63 fb c1 e8 03 83 e0 0f 41 3b 86
0x0000000106919a96:   f8 00 00 00 0f 83 e8 00 00 00 49 8b be f0 02 00
0x0000000106919aa6:   00 48 8b 07 4c 89 fe ff 90 a0 00 00 00 48 85 c0
0x0000000106919ab6:   0f 84 cc 00 00 00 48 89 c3 48 8d 05 3a 94 9b 00
0x0000000106919ac6:   48 8b 00 0f 18 0c 03 49 83 ff 08 0f 87 dc 00 00
0x0000000106919ad6:   00 48 8d 05 5a 01 00 00 4a 63 0c b8 48 01 c1 ff
0x0000000106919ae6:   e1 49 8b 44 24 38 48 89 43 38 49 8b 44 24 30 48
0x0000000106919af6:   89 43 30 49 8b 44 24 28 48 89 43 28 49 8b 44 24
0x0000000106919b06:   20 48 89 43 20 49 8b 44 24 18 48 89 43 18 49 8b
0x0000000106919b16:   44 24 10 48 89 43 10 49 8b 44 24 08 48 89 43 08 


Stack slot to memory mapping:
stack at sp + 0 slots: 0x000070000b74b180 points into unknown readable memory: 0x000070000b74b1c0 | c0 b1 74 0b 00 70 00 00
stack at sp + 1 slots: 0x0000000106919ab3: _ZN16DefNewGeneration22copy_to_survivor_spaceEP7oopDesc+0xf3 in /Library/Java/JavaVirtualMachines/zulu-17.jdk/Contents/Home/lib/server/libjvm.dylib at 0x00000001065af000
stack at sp + 2 slots: 0x000070000b74b3c8 points into unknown readable memory: 0x00000001072a6140 | 40 61 2a 07 01 00 00 00
stack at sp + 3 slots: 0x00000007a9e933b4 is pointing into object: org.gradle.internal.extensibility.DefaultExtraPropertiesExtension 
{0x00000007a9e933a0} - klass: 'org/gradle/internal/extensibility/DefaultExtraPropertiesExtension'
 - ---- fields (total size 3 words):
 - private transient 'metaClass' 'Lgroovy/lang/MetaClass;' @12  a 'groovy/lang/MetaClassImpl'{0x00000007ac421698} (f58842d3)
 - private final 'storage' 'Ljava/util/Map;' @16  
[error occurred during error reporting (inspecting top of stack), id 0xb, SIGSEGV (0xb) at pc=0x0000000106e4c241]

VM_Operation (0x000070000c9799a8): GenCollectForAllocation, mode: safepoint, requested by thread 0x00007ff572a8f000


---------------  P R O C E S S  ---------------

Threads class SMR info:
_java_thread_list=0x00006000020d4f60, length=82, elements={
0x00007ff569808a00, 0x00007ff569009200, 0x00007ff568008800, 0x00007ff56b008200,
0x00007ff56a00aa00, 0x00007ff56680f200, 0x00007ff56a00c000, 0x00007ff56a00c600,
0x00007ff567026800, 0x00007ff567014400, 0x00007ff56a00cc00, 0x00007ff566822a00,
0x00007ff56b809e00, 0x00007ff56b07f400, 0x00007ff568aaf800, 0x00007ff56980a000,
0x00007ff566c10e00, 0x00007ff56c837e00, 0x00007ff566ae4400, 0x00007ff56c1d0200,
0x00007ff56d0c2400, 0x00007ff5699a6e00, 0x00007ff56a4d3000, 0x00007ff56b9a0200,
0x00007ff566aa3a00, 0x00007ff56948da00, 0x00007ff5699ad200, 0x00007ff5693b1a00,
0x00007ff5672c0c00, 0x00007ff56686aa00, 0x00007ff5694e2400, 0x00007ff56d290600,
0x00007ff56949f000, 0x00007ff57033ce00, 0x00007ff56737ae00, 0x00007ff56d7a1000,
0x00007ff5715e0c00, 0x00007ff573062200, 0x00007ff5733d5a00, 0x00007ff573067a00,
0x00007ff572a8f000, 0x00007ff573366200, 0x00007ff573366800, 0x00007ff57354a400,
0x00007ff57354aa00, 0x00007ff57354b000, 0x00007ff57240be00, 0x00007ff5489b2c00,
0x00007ff56a50ea00, 0x00007ff56a2cf400, 0x00007ff55ae6f800, 0x00007ff568b63c00,
0x00007ff54883ec00, 0x00007ff56a512a00, 0x00007ff571a39000, 0x00007ff56a1ac200,
0x00007ff56a3c2800, 0x00007ff571a39600, 0x00007ff5689d0800, 0x00007ff572ca6200,
0x00007ff571a3dc00, 0x00007ff56a71f800, 0x00007ff56930b400, 0x00007ff56a4a1200,
0x00007ff56f577800, 0x00007ff56a4a1800, 0x00007ff55ae70400, 0x00007ff568b7e600,
0x00007ff57343a400, 0x00007ff55af15200, 0x00007ff55af15800, 0x00007ff57343aa00,
0x00007ff56b542800, 0x00007ff56b5d4600, 0x00007ff573388c00, 0x00007ff573389200,
0x00007ff569f58c00, 0x00007ff572c60c00, 0x00007ff572c61200, 0x00007ff56bc27000,
0x00007ff56738e600, 0x00007ff56bc27600
}

Java Threads: ( => current thread )
  0x00007ff569808a00 JavaThread "main" [_thread_blocked, id=10243, stack(0x000070000b549000,0x000070000b649000)]
  0x00007ff569009200 JavaThread "Reference Handler" daemon [_thread_blocked, id=19971, stack(0x000070000b74f000,0x000070000b84f000)]
  0x00007ff568008800 JavaThread "Finalizer" daemon [_thread_blocked, id=19715, stack(0x000070000b852000,0x000070000b952000)]
  0x00007ff56b008200 JavaThread "Signal Dispatcher" daemon [_thread_blocked, id=23043, stack(0x000070000ba5b000,0x000070000bb5b000)]
  0x00007ff56a00aa00 JavaThread "Service Thread" daemon [_thread_blocked, id=23299, stack(0x000070000bb5e000,0x000070000bc5e000)]
  0x00007ff56680f200 JavaThread "Monitor Deflation Thread" daemon [_thread_blocked, id=23811, stack(0x000070000bc61000,0x000070000bd61000)]
  0x00007ff56a00c000 JavaThread "C2 CompilerThread0" daemon [_thread_blocked, id=30467, stack(0x000070000bd64000,0x000070000be64000)]
  0x00007ff56a00c600 JavaThread "C1 CompilerThread0" daemon [_thread_blocked, id=24323, stack(0x000070000be67000,0x000070000bf67000)]
  0x00007ff567026800 JavaThread "Sweeper thread" daemon [_thread_blocked, id=24835, stack(0x000070000bf6a000,0x000070000c06a000)]
  0x00007ff567014400 JavaThread "Common-Cleaner" daemon [_thread_blocked, id=25091, stack(0x000070000c06d000,0x000070000c16d000)]
  0x00007ff56a00cc00 JavaThread "Notification Thread" daemon [_thread_blocked, id=29699, stack(0x000070000c170000,0x000070000c270000)]
  0x00007ff566822a00 JavaThread "Daemon health stats" [_thread_blocked, id=28931, stack(0x000070000c376000,0x000070000c476000)]
  0x00007ff56b809e00 JavaThread "Incoming local TCP Connector on port 62690" [_thread_in_native, id=28419, stack(0x000070000c479000,0x000070000c579000)]
  0x00007ff56b07f400 JavaThread "Daemon periodic checks" [_thread_blocked, id=25859, stack(0x000070000c57c000,0x000070000c67c000)]
  0x00007ff568aaf800 JavaThread "Cache worker for journal cache (/Users/macbook/.gradle/caches/journal-1)" [_thread_blocked, id=42499, stack(0x000070000cd94000,0x000070000ce94000)]
  0x00007ff56980a000 JavaThread "File lock request listener" [_thread_in_native, id=42243, stack(0x000070000ce97000,0x000070000cf97000)]
  0x00007ff566c10e00 JavaThread "Cache worker for file hash cache (/Users/macbook/.gradle/caches/8.13/fileHashes)" [_thread_blocked, id=33795, stack(0x000070000cf9a000,0x000070000d09a000)]
  0x00007ff56c837e00 JavaThread "File watcher server" daemon [_thread_blocked, id=34819, stack(0x000070000d3a6000,0x000070000d4a6000)]
  0x00007ff566ae4400 JavaThread "File watcher consumer" daemon [_thread_blocked, id=40963, stack(0x000070000d4a9000,0x000070000d5a9000)]
  0x00007ff56c1d0200 JavaThread "jar transforms" [_thread_blocked, id=35587, stack(0x000070000d5ac000,0x000070000d6ac000)]
  0x00007ff56d0c2400 JavaThread "Cache worker for file content cache (/Users/macbook/.gradle/caches/8.13/fileContent)" [_thread_blocked, id=40451, stack(0x000070000d7b2000,0x000070000d8b2000)]
  0x00007ff5699a6e00 JavaThread "Memory manager" [_thread_blocked, id=44291, stack(0x000070000e2d3000,0x000070000e3d3000)]
  0x00007ff56a4d3000 JavaThread "jar transforms Thread 2" [_thread_blocked, id=58627, stack(0x000070000f812000,0x000070000f912000)]
  0x00007ff56b9a0200 JavaThread "jar transforms Thread 3" [_thread_blocked, id=58115, stack(0x000070000f915000,0x000070000fa15000)]
  0x00007ff566aa3a00 JavaThread "jar transforms Thread 4" [_thread_blocked, id=57603, stack(0x000070000fa18000,0x000070000fb18000)]
  0x00007ff56948da00 JavaThread "jar transforms Thread 5" [_thread_blocked, id=51203, stack(0x000070000fb1b000,0x000070000fc1b000)]
  0x00007ff5699ad200 JavaThread "jar transforms Thread 6" [_thread_blocked, id=51715, stack(0x000070000fc1e000,0x000070000fd1e000)]
  0x00007ff5693b1a00 JavaThread "jar transforms Thread 7" [_thread_blocked, id=53507, stack(0x000070001012d000,0x000070001022d000)]
  0x00007ff5672c0c00 JavaThread "jar transforms Thread 8" [_thread_blocked, id=56579, stack(0x0000700010230000,0x0000700010330000)]
  0x00007ff56686aa00 JavaThread "jar transforms Thread 9" [_thread_blocked, id=53255, stack(0x000070001002a000,0x000070001012a000)]
  0x00007ff5694e2400 JavaThread "jar transforms Thread 10" [_thread_blocked, id=56067, stack(0x0000700010333000,0x0000700010433000)]
  0x00007ff56d290600 JavaThread "jar transforms Thread 11" [_thread_blocked, id=55555, stack(0x0000700010436000,0x0000700010536000)]
  0x00007ff56949f000 JavaThread "jar transforms Thread 12" [_thread_blocked, id=57363, stack(0x000070000fd21000,0x000070000fe21000)]
  0x00007ff57033ce00 JavaThread "pool-3-thread-1" [_thread_blocked, id=61203, stack(0x000070001063c000,0x000070001073c000)]
  0x00007ff56737ae00 JavaThread "Cache worker for Java compile cache (/Users/macbook/.gradle/caches/8.13/javaCompile)" [_thread_blocked, id=67075, stack(0x0000700010e54000,0x0000700010f54000)]
  0x00007ff56d7a1000 JavaThread "RMI Scheduler(0)" daemon [_thread_blocked, id=86291, stack(0x000070000effa000,0x000070000f0fa000)]
  0x00007ff5715e0c00 JavaThread "RMI TCP Accept-0" daemon [_thread_in_native, id=54383, stack(0x0000700010842000,0x0000700010942000)]
  0x00007ff573062200 JavaThread "Daemon Thread 2" [_thread_blocked, id=46363, stack(0x000070000b955000,0x000070000ba55000)]
  0x00007ff5733d5a00 JavaThread "Handler for socket connection from /127.0.0.1:62690 to /127.0.0.1:51945" [_thread_in_native, id=86543, stack(0x000070000c67f000,0x000070000c77f000)]
  0x00007ff573067a00 JavaThread "Cancel handler" [_thread_blocked, id=65659, stack(0x000070000c782000,0x000070000c882000)]
  0x00007ff572a8f000 JavaThread "Daemon worker Thread 2" [_thread_blocked, id=46131, stack(0x000070000c885000,0x000070000c985000)]
  0x00007ff573366200 JavaThread "Asynchronous log dispatcher for DefaultDaemonConnection: socket connection from /127.0.0.1:62690 to /127.0.0.1:51945" [_thread_blocked, id=45267, stack(0x000070000c988000,0x000070000ca88000)]
  0x00007ff573366800 JavaThread "Stdin handler" [_thread_blocked, id=49067, stack(0x000070000cb0e000,0x000070000cc0e000)]
  0x00007ff57354a400 JavaThread "Daemon client event forwarder" [_thread_blocked, id=85811, stack(0x000070000cc11000,0x000070000cd11000)]
  0x00007ff57354aa00 JavaThread "Cache worker for file hash cache (/Users/macbook/projects/Alse/android/.gradle/8.13/fileHashes)" [_thread_blocked, id=66995, stack(0x000070000d09d000,0x000070000d19d000)]
  0x00007ff57354b000 JavaThread "Cache worker for Build Output Cleanup Cache (/Users/macbook/projects/Alse/android/.gradle/buildOutputCleanup)" [_thread_blocked, id=44875, stack(0x000070000d1a0000,0x000070000d2a0000)]
  0x00007ff57240be00 JavaThread "Cache worker for checksums cache (/Users/macbook/projects/Alse/android/.gradle/8.13/checksums)" [_thread_blocked, id=32035, stack(0x000070000d2a3000,0x000070000d3a3000)]
  0x00007ff5489b2c00 JavaThread "Cache worker for cache directory md-supplier (/Users/macbook/.gradle/caches/8.13/md-supplier)" [_thread_blocked, id=26635, stack(0x000070000d6af000,0x000070000d7af000)]
  0x00007ff56a50ea00 JavaThread "Cache worker for cache directory md-rule (/Users/macbook/.gradle/caches/8.13/md-rule)" [_thread_blocked, id=27931, stack(0x000070000d8b5000,0x000070000d9b5000)]
  0x00007ff56a2cf400 JavaThread "Cache worker for Build Output Cleanup Cache (/Users/macbook/projects/Alse/node_modules/@react-native/gradle-plugin/.gradle/buildOutputCleanup)" [_thread_blocked, id=33039, stack(0x000070000d9b8000,0x000070000dab8000)]
  0x00007ff55ae6f800 JavaThread "Unconstrained build operations" [_thread_blocked, id=47763, stack(0x000070000dabb000,0x000070000dbbb000)]
  0x00007ff568b63c00 JavaThread "Unconstrained build operations Thread 2" [_thread_blocked, id=68267, stack(0x000070000dbbe000,0x000070000dcbe000)]
  0x00007ff54883ec00 JavaThread "Unconstrained build operations Thread 3" [_thread_blocked, id=61747, stack(0x000070000dcc1000,0x000070000ddc1000)]
  0x00007ff56a512a00 JavaThread "Unconstrained build operations Thread 4" [_thread_blocked, id=64523, stack(0x000070000ddc4000,0x000070000dec4000)]
  0x00007ff571a39000 JavaThread "build event listener" [_thread_blocked, id=86035, stack(0x000070000dec7000,0x000070000dfc7000)]
  0x00007ff56a1ac200 JavaThread "ForkJoinPool.commonPool-worker-24" daemon [_thread_blocked, id=83483, stack(0x000070000dfca000,0x000070000e0ca000)]
  0x00007ff56a3c2800 JavaThread "ForkJoinPool.commonPool-worker-25" daemon [_thread_blocked, id=46631, stack(0x000070000e0cd000,0x000070000e1cd000)]
  0x00007ff571a39600 JavaThread "ForkJoinPool.commonPool-worker-26" daemon [_thread_blocked, id=47179, stack(0x000070000e1d0000,0x000070000e2d0000)]
  0x00007ff5689d0800 JavaThread "ForkJoinPool.commonPool-worker-27" daemon [_thread_blocked, id=84019, stack(0x000070000e3d6000,0x000070000e4d6000)]
  0x00007ff572ca6200 JavaThread "ForkJoinPool.commonPool-worker-28" daemon [_thread_blocked, id=60523, stack(0x000070000e4d9000,0x000070000e5d9000)]
  0x00007ff571a3dc00 JavaThread "ForkJoinPool.commonPool-worker-29" daemon [_thread_blocked, id=52747, stack(0x000070000e5dc000,0x000070000e6dc000)]
  0x00007ff56a71f800 JavaThread "ForkJoinPool.commonPool-worker-30" daemon [_thread_blocked, id=27419, stack(0x000070000e6df000,0x000070000e7df000)]
  0x00007ff56930b400 JavaThread "ForkJoinPool.commonPool-worker-31" daemon [_thread_blocked, id=60711, stack(0x000070000e7e2000,0x000070000e8e2000)]
  0x00007ff56a4a1200 JavaThread "Exec process Thread 7" daemon [_thread_blocked, id=27655, stack(0x000070000e8e5000,0x000070000e9e5000)]
  0x00007ff56f577800 JavaThread "ForkJoinPool.commonPool-worker-32" daemon [_thread_blocked, id=36643, stack(0x000070000e9e8000,0x000070000eae8000)]
  0x00007ff56a4a1800 JavaThread "process reaper" daemon [_thread_blocked, id=43271, stack(0x000070000cd14000,0x000070000cd38000)]
  0x00007ff55ae70400 JavaThread "Exec process Thread 8" daemon [_thread_blocked, id=42759, stack(0x000070000eaeb000,0x000070000ebeb000)]
  0x00007ff568b7e600 JavaThread "ForkJoinPool.commonPool-worker-33" daemon [_thread_blocked, id=49419, stack(0x000070000ebee000,0x000070000ecee000)]
  0x00007ff57343a400 JavaThread "Exec process Thread 9" daemon [_thread_blocked, id=65039, stack(0x000070000ecf1000,0x000070000edf1000)]
  0x00007ff55af15200 JavaThread "included builds" [_thread_blocked, id=43795, stack(0x000070000edf4000,0x000070000eef4000)]
  0x00007ff55af15800 JavaThread "Cache worker for execution history cache (/Users/macbook/projects/Alse/node_modules/@react-native/gradle-plugin/.gradle/8.13/executionHistory)" [_thread_blocked, id=38919, stack(0x000070000eef7000,0x000070000eff7000)]
  0x00007ff57343aa00 JavaThread "Unconstrained build operations Thread 5" [_thread_blocked, id=50447, stack(0x000070000f0fd000,0x000070000f1fd000)]
  0x00007ff56b542800 JavaThread "Unconstrained build operations Thread 6" [_thread_blocked, id=38155, stack(0x000070000f200000,0x000070000f300000)]
  0x00007ff56b5d4600 JavaThread "Unconstrained build operations Thread 7" [_thread_blocked, id=37643, stack(0x000070000f303000,0x000070000f403000)]
  0x00007ff573388c00 JavaThread "Unconstrained build operations Thread 8" [_thread_blocked, id=38663, stack(0x000070000f406000,0x000070000f506000)]
  0x00007ff573389200 JavaThread "Unconstrained build operations Thread 9" [_thread_blocked, id=49931, stack(0x000070000f509000,0x000070000f609000)]
  0x00007ff569f58c00 JavaThread "Unconstrained build operations Thread 10" [_thread_blocked, id=58891, stack(0x000070000f60c000,0x000070000f70c000)]
  0x00007ff572c60c00 JavaThread "build event listener" [_thread_blocked, id=48035, stack(0x000070000f70f000,0x000070000f80f000)]
  0x00007ff572c61200 JavaThread "Problems report writer" [_thread_blocked, id=85259, stack(0x000070000fe24000,0x000070000ff24000)]
  0x00007ff56bc27000 JavaThread "Exec process Thread 7" [_thread_blocked, id=40743, stack(0x000070000ff27000,0x0000700010027000)]
  0x00007ff56738e600 JavaThread "Exec process Thread 8" [_thread_blocked, id=41235, stack(0x0000700010539000,0x0000700010639000)]
  0x00007ff56bc27600 JavaThread "Exec process Thread 9" [_thread_blocked, id=60171, stack(0x000070001073f000,0x000070001083f000)]

Other Threads:
=>0x00007ff567806b30 VMThread "VM Thread" [stack: 0x000070000b64c000,0x000070000b74c000] [id=13059]
  0x00007ff567b066a0 WatcherThread [stack: 0x000070000c273000,0x000070000c373000] [id=29187]

Threads with active compile tasks:
C2 CompilerThread0  8387800 64920       4       org.gradle.api.tasks.util.internal.PatternSpecFactory::createExcludeSpec (86 bytes)
C1 CompilerThread0  8387800 64952   !   3       com.android.build.gradle.internal.VariantManager::createVariantsFromCombination (1583 bytes)

VM state: at safepoint (normal execution)

VM Mutex/Monitor currently owned by a thread:  ([mutex/lock_event])
[0x0000600000a66280] Threads_lock - owner thread: 0x00007ff567806b30
[0x0000600000a66800] Heap_lock - owner thread: 0x00007ff572a8f000

Heap address: 0x0000000780000000, size: 2048 MB, Compressed Oops mode: Zero based, Oop shift amount: 3

CDS archive(s) mapped at: [0x0000000122000000-0x0000000122bed000-0x0000000122bed000), size 12505088, SharedBaseAddress: 0x0000000122000000, ArchiveRelocationMode: 1.
Compressed class space mapped at: 0x0000000123000000-0x0000000157000000, reserved size: 872415232
Narrow klass base: 0x0000000122000000, Narrow klass shift: 0, Narrow klass range: 0x100000000

GC Precious Log:
 CPUs: 12 total, 12 available
 Memory: 16384M
 Large Page Support: Disabled
 NUMA Support: Disabled
 Compressed Oops: Enabled (Zero based)
 Heap Min Capacity: 8M
 Heap Initial Capacity: 256M
 Heap Max Capacity: 2G
 Pre-touch: Disabled

Heap:
 def new generation   total 629120K, used 629120K [0x0000000780000000, 0x00000007aaaa0000, 0x00000007aaaa0000)
  eden space 559232K, 100% used [0x0000000780000000, 0x00000007a2220000, 0x00000007a2220000)
  from space 69888K, 100% used [0x00000007a2220000, 0x00000007a6660000, 0x00000007a6660000)
  to   space 69888K,  92% used [0x00000007a6660000, 0x00000007aa581df8, 0x00000007aaaa0000)
 tenured generation   total 1398144K, used 702599K [0x00000007aaaa0000, 0x0000000800000000, 0x0000000800000000)
   the space 1398144K,  50% used [0x00000007aaaa0000, 0x00000007d58c1c80, 0x00000007d58c1e00, 0x0000000800000000)
 Metaspace       used 209013K, committed 212224K, reserved 1048576K
  class space    used 26892K, committed 28352K, reserved 851968K

Card table byte_map: [0x000000010570b000,0x0000000105b0c000] _byte_map_base: 0x0000000101b0b000

Polling page: 0x0000000105491000

Metaspace:

Usage:
  Non-class:    177.85 MB used.
      Class:     26.26 MB used.
       Both:    204.11 MB used.

Virtual space:
  Non-class space:      192.00 MB reserved,     179.56 MB ( 94%) committed,  3 nodes.
      Class space:      832.00 MB reserved,      27.69 MB (  3%) committed,  1 nodes.
             Both:        1.00 GB reserved,     207.25 MB ( 20%) committed. 

Chunk freelists:
   Non-Class:  12.15 MB
       Class:  4.33 MB
        Both:  16.48 MB

MaxMetaspaceSize: 1.00 GB
CompressedClassSpaceSize: 832.00 MB
Initial GC threshold: 21.00 MB
Current GC threshold: 344.19 MB
CDS: on
MetaspaceReclaimPolicy: balanced
 - commit_granule_bytes: 65536.
 - commit_granule_words: 8192.
 - virtual_space_node_default_size: 8388608.
 - enlarge_chunks_in_place: 1.
 - new_chunks_are_fully_committed: 0.
 - uncommit_free_chunks: 1.
 - use_allocation_guard: 0.
 - handle_deallocations: 1.


Internal statistics:

num_allocs_failed_limit: 12.
num_arena_births: 5622.
num_arena_deaths: 1810.
num_vsnodes_births: 4.
num_vsnodes_deaths: 0.
num_space_committed: 3548.
num_space_uncommitted: 235.
num_chunks_returned_to_freelist: 3225.
num_chunks_taken_from_freelist: 17362.
num_chunk_merges: 1072.
num_chunk_splits: 10417.
num_chunks_enlarged: 6174.
num_inconsistent_stats: 0.

CodeHeap 'non-profiled nmethods': size=120028Kb used=49794Kb max_used=49794Kb free=70233Kb
 bounds [0x000000011a2cc000, 0x000000011d37c000, 0x0000000121803000]
CodeHeap 'profiled nmethods': size=120028Kb used=75852Kb max_used=77599Kb free=44175Kb
 bounds [0x0000000112803000, 0x0000000117503000, 0x0000000119d3a000]
CodeHeap 'non-nmethods': size=5704Kb used=2613Kb max_used=2742Kb free=3091Kb
 bounds [0x0000000119d3a000, 0x000000011a00a000, 0x000000011a2cc000]
 total_blobs=43400 nmethods=42211 adapters=1100
 compilation: enabled
              stopped_count=0, restarted_count=0
 full_count=0

Compilation events (20 events):
Event: 8386.184 Thread 0x00007ff56a00c600 nmethod 64942 0x00000001172db610 code [0x00000001172db7c0, 0x00000001172db930]
Event: 8386.184 Thread 0x00007ff56a00c600 64943       3       org.jetbrains.kotlin.gradle.plugin.AndroidGradlePluginVersion::access$getCurrentOrNull$cp (4 bytes)
Event: 8386.184 Thread 0x00007ff56a00c600 nmethod 64943 0x0000000115ec2e10 code [0x0000000115ec2fa0, 0x0000000115ec3090]
Event: 8386.189 Thread 0x00007ff56a00c600 64944       2       java.util.stream.Nodes$SpinedNodeBuilder::asArray (29 bytes)
Event: 8386.189 Thread 0x00007ff56a00c600 nmethod 64944 0x00000001172db290 code [0x00000001172db440, 0x00000001172db560]
Event: 8386.190 Thread 0x00007ff56a00c600 64945       3       org.gradle.internal.classpath.CallInterceptingMetaClass::invokeMethod (20 bytes)
Event: 8386.191 Thread 0x00007ff56a00c600 nmethod 64945 0x00000001172da710 code [0x00000001172da920, 0x00000001172dafb0]
Event: 8386.191 Thread 0x00007ff56a00c600 64946       3       org.gradle.internal.classpath.CallInterceptingMetaClass$$Lambda$2219/0x0000000123f47b40::<init> (26 bytes)
Event: 8386.191 Thread 0x00007ff56a00c600 nmethod 64946 0x00000001172da290 code [0x00000001172da440, 0x00000001172da610]
Event: 8386.191 Thread 0x00007ff56a00c600 64947   !   3       org.gradle.internal.classpath.CallInterceptingMetaClass::invokeIntercepted (157 bytes)
Event: 8386.193 Thread 0x00007ff56a00c600 nmethod 64947 0x00000001172d8310 code [0x00000001172d8660, 0x00000001172d9b30]
Event: 8386.193 Thread 0x00007ff56a00c600 64948       3       org.gradle.internal.classpath.CallInterceptingMetaClass$$Lambda$2219/0x0000000123f47b40::call (20 bytes)
Event: 8386.193 Thread 0x00007ff56a00c600 nmethod 64948 0x00000001172d7d90 code [0x00000001172d7f40, 0x00000001172d81a0]
Event: 8386.194 Thread 0x00007ff56a00c600 64949       3       org.gradle.internal.classpath.InstrumentedGroovyMetaClassHelper::addInvocationHooksToMetaClass (34 bytes)
Event: 8386.194 Thread 0x00007ff56a00c600 nmethod 64949 0x00000001172d7310 code [0x00000001172d7520, 0x00000001172d7b50]
Event: 8386.194 Thread 0x00007ff56a00c600 64950       3       java.util.Properties::stringPropertyNames (23 bytes)
Event: 8386.194 Thread 0x00007ff56a00c600 nmethod 64950 0x00000001172d6410 code [0x00000001172d6640, 0x00000001172d6fd0]
Event: 8386.195 Thread 0x00007ff56a00c600 64951       3       org.gradle.internal.metaobject.BeanDynamicObject::getProperties (8 bytes)
Event: 8386.195 Thread 0x00007ff56a00c600 nmethod 64951 0x00000001172d5f90 code [0x00000001172d6140, 0x00000001172d6300]
Event: 8386.199 Thread 0x00007ff56a00c600 64952   !   3       com.android.build.gradle.internal.VariantManager::createVariantsFromCombination (1583 bytes)

GC Heap History (20 events):
Event: 710.919 GC heap after
{Heap after GC invocations=114 (full 8):
 def new generation   total 629120K, used 16202K [0x0000000780000000, 0x00000007aaaa0000, 0x00000007aaaa0000)
  eden space 559232K,   0% used [0x0000000780000000, 0x0000000780000000, 0x00000007a2220000)
  from space 69888K,  23% used [0x00000007a2220000, 0x00000007a31f2b60, 0x00000007a6660000)
  to   space 69888K,   0% used [0x00000007a6660000, 0x00000007a6660000, 0x00000007aaaa0000)
 tenured generation   total 1398144K, used 1173641K [0x00000007aaaa0000, 0x0000000800000000, 0x0000000800000000)
   the space 1398144K,  83% used [0x00000007aaaa0000, 0x00000007f24c2498, 0x00000007f24c2600, 0x0000000800000000)
 Metaspace       used 197775K, committed 204544K, reserved 1048576K
  class space    used 25916K, committed 28224K, reserved 851968K
}
Event: 712.282 GC heap before
{Heap before GC invocations=114 (full 8):
 def new generation   total 629120K, used 575434K [0x0000000780000000, 0x00000007aaaa0000, 0x00000007aaaa0000)
  eden space 559232K, 100% used [0x0000000780000000, 0x00000007a2220000, 0x00000007a2220000)
  from space 69888K,  23% used [0x00000007a2220000, 0x00000007a31f2b60, 0x00000007a6660000)
  to   space 69888K,   0% used [0x00000007a6660000, 0x00000007a6660000, 0x00000007aaaa0000)
 tenured generation   total 1398144K, used 1173641K [0x00000007aaaa0000, 0x0000000800000000, 0x0000000800000000)
   the space 1398144K,  83% used [0x00000007aaaa0000, 0x00000007f24c2498, 0x00000007f24c2600, 0x0000000800000000)
 Metaspace       used 197795K, committed 204544K, reserved 1048576K
  class space    used 25916K, committed 28224K, reserved 851968K
}
Event: 712.308 GC heap after
{Heap after GC invocations=115 (full 8):
 def new generation   total 629120K, used 14313K [0x0000000780000000, 0x00000007aaaa0000, 0x00000007aaaa0000)
  eden space 559232K,   0% used [0x0000000780000000, 0x0000000780000000, 0x00000007a2220000)
  from space 69888K,  20% used [0x00000007a6660000, 0x00000007a745a548, 0x00000007aaaa0000)
  to   space 69888K,   0% used [0x00000007a2220000, 0x00000007a2220000, 0x00000007a6660000)
 tenured generation   total 1398144K, used 1173641K [0x00000007aaaa0000, 0x0000000800000000, 0x0000000800000000)
   the space 1398144K,  83% used [0x00000007aaaa0000, 0x00000007f24c2498, 0x00000007f24c2600, 0x0000000800000000)
 Metaspace       used 197795K, committed 204544K, reserved 1048576K
  class space    used 25916K, committed 28224K, reserved 851968K
}
Event: 714.287 GC heap before
{Heap before GC invocations=115 (full 8):
 def new generation   total 629120K, used 573545K [0x0000000780000000, 0x00000007aaaa0000, 0x00000007aaaa0000)
  eden space 559232K, 100% used [0x0000000780000000, 0x00000007a2220000, 0x00000007a2220000)
  from space 69888K,  20% used [0x00000007a6660000, 0x00000007a745a548, 0x00000007aaaa0000)
  to   space 69888K,   0% used [0x00000007a2220000, 0x00000007a2220000, 0x00000007a6660000)
 tenured generation   total 1398144K, used 1173641K [0x00000007aaaa0000, 0x0000000800000000, 0x0000000800000000)
   the space 1398144K,  83% used [0x00000007aaaa0000, 0x00000007f24c2498, 0x00000007f24c2600, 0x0000000800000000)
 Metaspace       used 197845K, committed 204544K, reserved 1048576K
  class space    used 25916K, committed 28224K, reserved 851968K
}
Event: 714.318 GC heap after
{Heap after GC invocations=116 (full 8):
 def new generation   total 629120K, used 19102K [0x0000000780000000, 0x00000007aaaa0000, 0x00000007aaaa0000)
  eden space 559232K,   0% used [0x0000000780000000, 0x0000000780000000, 0x00000007a2220000)
  from space 69888K,  27% used [0x00000007a2220000, 0x00000007a34c7ba8, 0x00000007a6660000)
  to   space 69888K,   0% used [0x00000007a6660000, 0x00000007a6660000, 0x00000007aaaa0000)
 tenured generation   total 1398144K, used 1173641K [0x00000007aaaa0000, 0x0000000800000000, 0x0000000800000000)
   the space 1398144K,  83% used [0x00000007aaaa0000, 0x00000007f24c2498, 0x00000007f24c2600, 0x0000000800000000)
 Metaspace       used 197845K, committed 204544K, reserved 1048576K
  class space    used 25916K, committed 28224K, reserved 851968K
}
Event: 770.745 GC heap before
{Heap before GC invocations=116 (full 8):
 def new generation   total 629120K, used 578334K [0x0000000780000000, 0x00000007aaaa0000, 0x00000007aaaa0000)
  eden space 559232K, 100% used [0x0000000780000000, 0x00000007a2220000, 0x00000007a2220000)
  from space 69888K,  27% used [0x00000007a2220000, 0x00000007a34c7ba8, 0x00000007a6660000)
  to   space 69888K,   0% used [0x00000007a6660000, 0x00000007a6660000, 0x00000007aaaa0000)
 tenured generation   total 1398144K, used 1173641K [0x00000007aaaa0000, 0x0000000800000000, 0x0000000800000000)
   the space 1398144K,  83% used [0x00000007aaaa0000, 0x00000007f24c2498, 0x00000007f24c2600, 0x0000000800000000)
 Metaspace       used 200049K, committed 204672K, reserved 1048576K
  class space    used 26193K, committed 28224K, reserved 851968K
}
Event: 771.049 GC heap after
{Heap after GC invocations=117 (full 8):
 def new generation   total 629120K, used 15792K [0x0000000780000000, 0x00000007aaaa0000, 0x00000007aaaa0000)
  eden space 559232K,   0% used [0x0000000780000000, 0x0000000780000000, 0x00000007a2220000)
  from space 69888K,  22% used [0x00000007a6660000, 0x00000007a75cc278, 0x00000007aaaa0000)
  to   space 69888K,   0% used [0x00000007a2220000, 0x00000007a2220000, 0x00000007a6660000)
 tenured generation   total 1398144K, used 1173641K [0x00000007aaaa0000, 0x0000000800000000, 0x0000000800000000)
   the space 1398144K,  83% used [0x00000007aaaa0000, 0x00000007f24c2498, 0x00000007f24c2600, 0x0000000800000000)
 Metaspace       used 200049K, committed 204672K, reserved 1048576K
  class space    used 26193K, committed 28224K, reserved 851968K
}
Event: 1259.142 GC heap before
{Heap before GC invocations=117 (full 8):
 def new generation   total 629120K, used 575019K [0x0000000780000000, 0x00000007aaaa0000, 0x00000007aaaa0000)
  eden space 559232K,  99% used [0x0000000780000000, 0x00000007a221ec38, 0x00000007a2220000)
  from space 69888K,  22% used [0x00000007a6660000, 0x00000007a75cc278, 0x00000007aaaa0000)
  to   space 69888K,   0% used [0x00000007a2220000, 0x00000007a2220000, 0x00000007a6660000)
 tenured generation   total 1398144K, used 1173641K [0x00000007aaaa0000, 0x0000000800000000, 0x0000000800000000)
   the space 1398144K,  83% used [0x00000007aaaa0000, 0x00000007f24c2498, 0x00000007f24c2600, 0x0000000800000000)
 Metaspace       used 202152K, committed 205952K, reserved 1048576K
  class space    used 26411K, committed 28224K, reserved 851968K
}
Event: 1259.913 GC heap after
{Heap after GC invocations=118 (full 8):
 def new generation   total 629120K, used 69888K [0x0000000780000000, 0x00000007aaaa0000, 0x00000007aaaa0000)
  eden space 559232K,   0% used [0x0000000780000000, 0x0000000780000000, 0x00000007a2220000)
  from space 69888K, 100% used [0x00000007a2220000, 0x00000007a6660000, 0x00000007a6660000)
  to   space 69888K,   0% used [0x00000007a6660000, 0x00000007a6660000, 0x00000007aaaa0000)
 tenured generation   total 1398144K, used 1300547K [0x00000007aaaa0000, 0x0000000800000000, 0x0000000800000000)
   the space 1398144K,  93% used [0x00000007aaaa0000, 0x00000007fa0b0c68, 0x00000007fa0b0e00, 0x0000000800000000)
 Metaspace       used 202152K, committed 205952K, reserved 1048576K
  class space    used 26411K, committed 28224K, reserved 851968K
}
Event: 1263.079 GC heap before
{Heap before GC invocations=118 (full 8):
 def new generation   total 629120K, used 628443K [0x0000000780000000, 0x00000007aaaa0000, 0x00000007aaaa0000)
  eden space 559232K,  99% used [0x0000000780000000, 0x00000007a2176dd8, 0x00000007a2220000)
  from space 69888K, 100% used [0x00000007a2220000, 0x00000007a6660000, 0x00000007a6660000)
  to   space 69888K,   0% used [0x00000007a6660000, 0x00000007a6660000, 0x00000007aaaa0000)
 tenured generation   total 1398144K, used 1300547K [0x00000007aaaa0000, 0x0000000800000000, 0x0000000800000000)
   the space 1398144K,  93% used [0x00000007aaaa0000, 0x00000007fa0b0c68, 0x00000007fa0b0e00, 0x0000000800000000)
 Metaspace       used 202344K, committed 206080K, reserved 1048576K
  class space    used 26436K, committed 28224K, reserved 851968K
}
Event: 1263.079 GC heap after
{Heap after GC invocations=119 (full 8):
 def new generation   total 629120K, used 628443K [0x0000000780000000, 0x00000007aaaa0000, 0x00000007aaaa0000)
  eden space 559232K,  99% used [0x0000000780000000, 0x00000007a2176dd8, 0x00000007a2220000)
  from space 69888K, 100% used [0x00000007a2220000, 0x00000007a6660000, 0x00000007a6660000)
  to   space 69888K,   0% used [0x00000007a6660000, 0x00000007a6660000, 0x00000007aaaa0000)
 tenured generation   total 1398144K, used 1300547K [0x00000007aaaa0000, 0x0000000800000000, 0x0000000800000000)
   the space 1398144K,  93% used [0x00000007aaaa0000, 0x00000007fa0b0c68, 0x00000007fa0b0e00, 0x0000000800000000)
 Metaspace       used 202344K, committed 206080K, reserved 1048576K
  class space    used 26436K, committed 28224K, reserved 851968K
}
Event: 1263.079 GC heap before
{Heap before GC invocations=119 (full 8):
 def new generation   total 629120K, used 628443K [0x0000000780000000, 0x00000007aaaa0000, 0x00000007aaaa0000)
  eden space 559232K,  99% used [0x0000000780000000, 0x00000007a2176dd8, 0x00000007a2220000)
  from space 69888K, 100% used [0x00000007a2220000, 0x00000007a6660000, 0x00000007a6660000)
  to   space 69888K,   0% used [0x00000007a6660000, 0x00000007a6660000, 0x00000007aaaa0000)
 tenured generation   total 1398144K, used 1300547K [0x00000007aaaa0000, 0x0000000800000000, 0x0000000800000000)
   the space 1398144K,  93% used [0x00000007aaaa0000, 0x00000007fa0b0c68, 0x00000007fa0b0e00, 0x0000000800000000)
 Metaspace       used 202344K, committed 206080K, reserved 1048576K
  class space    used 26436K, committed 28224K, reserved 851968K
}
Event: 1273.018 GC heap after
{Heap after GC invocations=119 (full 9):
 def new generation   total 629120K, used 0K [0x0000000780000000, 0x00000007aaaa0000, 0x00000007aaaa0000)
  eden space 559232K,   0% used [0x0000000780000000, 0x0000000780000000, 0x00000007a2220000)
  from space 69888K,   0% used [0x00000007a2220000, 0x00000007a2220000, 0x00000007a6660000)
  to   space 69888K,   0% used [0x00000007a6660000, 0x00000007a6660000, 0x00000007aaaa0000)
 tenured generation   total 1398144K, used 1169952K [0x00000007aaaa0000, 0x0000000800000000, 0x0000000800000000)
   the space 1398144K,  83% used [0x00000007aaaa0000, 0x00000007f2128388, 0x00000007f2128400, 0x0000000800000000)
 Metaspace       used 201713K, committed 206080K, reserved 1048576K
  class space    used 26291K, committed 28224K, reserved 851968K
}
Event: 4354.129 GC heap before
{Heap before GC invocations=119 (full 9):
 def new generation   total 629120K, used 559232K [0x0000000780000000, 0x00000007aaaa0000, 0x00000007aaaa0000)
  eden space 559232K, 100% used [0x0000000780000000, 0x00000007a2220000, 0x00000007a2220000)
  from space 69888K,   0% used [0x00000007a2220000, 0x00000007a2220000, 0x00000007a6660000)
  to   space 69888K,   0% used [0x00000007a6660000, 0x00000007a6660000, 0x00000007aaaa0000)
 tenured generation   total 1398144K, used 1169952K [0x00000007aaaa0000, 0x0000000800000000, 0x0000000800000000)
   the space 1398144K,  83% used [0x00000007aaaa0000, 0x00000007f2128388, 0x00000007f2128400, 0x0000000800000000)
 Metaspace       used 208566K, committed 211904K, reserved 1048576K
  class space    used 27013K, committed 28480K, reserved 851968K
}
Event: 4355.363 GC heap after
{Heap after GC invocations=120 (full 9):
 def new generation   total 629120K, used 2988K [0x0000000780000000, 0x00000007aaaa0000, 0x00000007aaaa0000)
  eden space 559232K,   0% used [0x0000000780000000, 0x0000000780000000, 0x00000007a2220000)
  from space 69888K,   4% used [0x00000007a6660000, 0x00000007a694b3c8, 0x00000007aaaa0000)
  to   space 69888K,   0% used [0x00000007a2220000, 0x00000007a2220000, 0x00000007a6660000)
 tenured generation   total 1398144K, used 1169952K [0x00000007aaaa0000, 0x0000000800000000, 0x0000000800000000)
   the space 1398144K,  83% used [0x00000007aaaa0000, 0x00000007f2128388, 0x00000007f2128400, 0x0000000800000000)
 Metaspace       used 208566K, committed 211904K, reserved 1048576K
  class space    used 27013K, committed 28480K, reserved 851968K
}
Event: 4872.973 GC heap before
{Heap before GC invocations=120 (full 9):
 def new generation   total 629120K, used 15715K [0x0000000780000000, 0x00000007aaaa0000, 0x00000007aaaa0000)
  eden space 559232K,   2% used [0x0000000780000000, 0x0000000780c6dbf0, 0x00000007a2220000)
  from space 69888K,   4% used [0x00000007a6660000, 0x00000007a694b3c8, 0x00000007aaaa0000)
  to   space 69888K,   0% used [0x00000007a2220000, 0x00000007a2220000, 0x00000007a6660000)
 tenured generation   total 1398144K, used 1169952K [0x00000007aaaa0000, 0x0000000800000000, 0x0000000800000000)
   the space 1398144K,  83% used [0x00000007aaaa0000, 0x00000007f2128388, 0x00000007f2128400, 0x0000000800000000)
 Metaspace       used 208566K, committed 211904K, reserved 1048576K
  class space    used 27013K, committed 28480K, reserved 851968K
}
Event: 4879.777 GC heap after
{Heap after GC invocations=121 (full 10):
 def new generation   total 629120K, used 0K [0x0000000780000000, 0x00000007aaaa0000, 0x00000007aaaa0000)
  eden space 559232K,   0% used [0x0000000780000000, 0x0000000780000000, 0x00000007a2220000)
  from space 69888K,   0% used [0x00000007a6660000, 0x00000007a6660000, 0x00000007aaaa0000)
  to   space 69888K,   0% used [0x00000007a2220000, 0x00000007a2220000, 0x00000007a6660000)
 tenured generation   total 1398144K, used 632461K [0x00000007aaaa0000, 0x0000000800000000, 0x0000000800000000)
   the space 1398144K,  45% used [0x00000007aaaa0000, 0x00000007d1443670, 0x00000007d1443800, 0x0000000800000000)
 Metaspace       used 206706K, committed 211456K, reserved 1048576K
  class space    used 26593K, committed 28352K, reserved 851968K
}
Event: 8381.281 GC heap before
{Heap before GC invocations=121 (full 10):
 def new generation   total 629120K, used 559232K [0x0000000780000000, 0x00000007aaaa0000, 0x00000007aaaa0000)
  eden space 559232K, 100% used [0x0000000780000000, 0x00000007a2220000, 0x00000007a2220000)
  from space 69888K,   0% used [0x00000007a6660000, 0x00000007a6660000, 0x00000007aaaa0000)
  to   space 69888K,   0% used [0x00000007a2220000, 0x00000007a2220000, 0x00000007a6660000)
 tenured generation   total 1398144K, used 632461K [0x00000007aaaa0000, 0x0000000800000000, 0x0000000800000000)
   the space 1398144K,  45% used [0x00000007aaaa0000, 0x00000007d1443670, 0x00000007d1443800, 0x0000000800000000)
 Metaspace       used 208159K, committed 211520K, reserved 1048576K
  class space    used 26812K, committed 28352K, reserved 851968K
}
Event: 8382.144 GC heap after
{Heap after GC invocations=122 (full 10):
 def new generation   total 629120K, used 69888K [0x0000000780000000, 0x00000007aaaa0000, 0x00000007aaaa0000)
  eden space 559232K,   0% used [0x0000000780000000, 0x0000000780000000, 0x00000007a2220000)
  from space 69888K, 100% used [0x00000007a2220000, 0x00000007a6660000, 0x00000007a6660000)
  to   space 69888K,   0% used [0x00000007a6660000, 0x00000007a6660000, 0x00000007aaaa0000)
 tenured generation   total 1398144K, used 636109K [0x00000007aaaa0000, 0x0000000800000000, 0x0000000800000000)
   the space 1398144K,  45% used [0x00000007aaaa0000, 0x00000007d17d34e0, 0x00000007d17d3600, 0x0000000800000000)
 Metaspace       used 208159K, committed 211520K, reserved 1048576K
  class space    used 26812K, committed 28352K, reserved 851968K
}
Event: 8386.203 GC heap before
{Heap before GC invocations=122 (full 10):
 def new generation   total 629120K, used 629120K [0x0000000780000000, 0x00000007aaaa0000, 0x00000007aaaa0000)
  eden space 559232K, 100% used [0x0000000780000000, 0x00000007a2220000, 0x00000007a2220000)
  from space 69888K, 100% used [0x00000007a2220000, 0x00000007a6660000, 0x00000007a6660000)
  to   space 69888K,   0% used [0x00000007a6660000, 0x00000007a6660000, 0x00000007aaaa0000)
 tenured generation   total 1398144K, used 636109K [0x00000007aaaa0000, 0x0000000800000000, 0x0000000800000000)
   the space 1398144K,  45% used [0x00000007aaaa0000, 0x00000007d17d34e0, 0x00000007d17d3600, 0x0000000800000000)
 Metaspace       used 209013K, committed 212224K, reserved 1048576K
  class space    used 26892K, committed 28352K, reserved 851968K
}

Dll operation events (14 events):
Event: 0.044 Loaded shared library /Library/Java/JavaVirtualMachines/zulu-17.jdk/Contents/Home/lib/libjava.dylib
Event: 0.187 Loaded shared library /Library/Java/JavaVirtualMachines/zulu-17.jdk/Contents/Home/lib/libzip.dylib
Event: 0.191 Loaded shared library /Library/Java/JavaVirtualMachines/zulu-17.jdk/Contents/Home/lib/libinstrument.dylib
Event: 0.199 Loaded shared library /Library/Java/JavaVirtualMachines/zulu-17.jdk/Contents/Home/lib/libnio.dylib
Event: 0.205 Loaded shared library /Library/Java/JavaVirtualMachines/zulu-17.jdk/Contents/Home/lib/libzip.dylib
Event: 0.663 Loaded shared library /Library/Java/JavaVirtualMachines/zulu-17.jdk/Contents/Home/lib/libjimage.dylib
Event: 1.011 Loaded shared library /Library/Java/JavaVirtualMachines/zulu-17.jdk/Contents/Home/lib/libverify.dylib
Event: 1.229 Loaded shared library /Library/Java/JavaVirtualMachines/zulu-17.jdk/Contents/Home/lib/libnet.dylib
Event: 1.248 Loaded shared library /Users/macbook/.gradle/native/1def1411415f61bf3af743bc5b6707747c0891f09f0c88961ee8f79bc544acac/osx-amd64/libnative-platform.dylib
Event: 1.326 Loaded shared library /Users/macbook/.gradle/native/0.2.7/x86_64-macos/libgradle-fileevents.dylib
Event: 3.466 Loaded shared library /Library/Java/JavaVirtualMachines/zulu-17.jdk/Contents/Home/lib/libmanagement.dylib
Event: 3.470 Loaded shared library /Library/Java/JavaVirtualMachines/zulu-17.jdk/Contents/Home/lib/libmanagement_ext.dylib
Event: 3.743 Loaded shared library /Library/Java/JavaVirtualMachines/zulu-17.jdk/Contents/Home/lib/libextnet.dylib
Event: 243.194 Loaded shared library /Library/Java/JavaVirtualMachines/zulu-17.jdk/Contents/Home/lib/librmi.dylib

Deoptimization events (20 events):
Event: 8385.496 Thread 0x00007ff572a8f000 Uncommon trap: trap_request=0xffffffde fr.pc=0x000000011afdb100 relative=0x0000000000000140
Event: 8385.496 Thread 0x00007ff572a8f000 Uncommon trap: reason=class_check action=maybe_recompile pc=0x000000011afdb100 method=org.gradle.api.internal.tasks.DefaultTaskContainer.findByName(Ljava/lang/String;)Lorg/gradle/api/Task; @ 5 c2
Event: 8385.496 Thread 0x00007ff572a8f000 DEOPT PACKING pc=0x000000011afdb100 sp=0x000070000c979bd0
Event: 8385.496 Thread 0x00007ff572a8f000 DEOPT UNPACKING pc=0x0000000119d90399 sp=0x000070000c979ab0 mode 2
Event: 8385.593 Thread 0x00007ff572a8f000 DEOPT PACKING pc=0x000000011289464b sp=0x000070000c979eb0
Event: 8385.593 Thread 0x00007ff572a8f000 DEOPT UNPACKING pc=0x0000000119d90b2f sp=0x000070000c9793e0 mode 0
Event: 8385.739 Thread 0x00007ff572a8f000 DEOPT PACKING pc=0x0000000116fd1d93 sp=0x000070000c97a770
Event: 8385.739 Thread 0x00007ff572a8f000 DEOPT UNPACKING pc=0x0000000119d90b2f sp=0x000070000c979dd0 mode 0
Event: 8385.748 Thread 0x00007ff572a8f000 DEOPT PACKING pc=0x0000000116fd1d93 sp=0x000070000c97a770
Event: 8385.748 Thread 0x00007ff572a8f000 DEOPT UNPACKING pc=0x0000000119d90b2f sp=0x000070000c979dd0 mode 0
Event: 8385.805 Thread 0x00007ff572a8f000 Uncommon trap: trap_request=0xffffffc6 fr.pc=0x000000011cfc544c relative=0x000000000000198c
Event: 8385.805 Thread 0x00007ff572a8f000 Uncommon trap: reason=bimorphic_or_optimized_type_check action=maybe_recompile pc=0x000000011cfc544c method=org.gradle.util.internal.GUtil.addToCollection(Ljava/util/Collection;ZLjava/lang/Iterable;)Ljava/util/Collection; @ 1 c2
Event: 8385.805 Thread 0x00007ff572a8f000 DEOPT PACKING pc=0x000000011cfc544c sp=0x000070000c9795a0
Event: 8385.805 Thread 0x00007ff572a8f000 DEOPT UNPACKING pc=0x0000000119d90399 sp=0x000070000c9795d0 mode 2
Event: 8385.989 Thread 0x00007ff572a8f000 DEOPT PACKING pc=0x0000000113a37fa8 sp=0x000070000c9791d0
Event: 8385.989 Thread 0x00007ff572a8f000 DEOPT UNPACKING pc=0x0000000119d90b2f sp=0x000070000c978708 mode 0
Event: 8386.053 Thread 0x00007ff572a8f000 Uncommon trap: trap_request=0xffffffcc fr.pc=0x000000011d337dd8 relative=0x0000000000000518
Event: 8386.053 Thread 0x00007ff572a8f000 Uncommon trap: reason=intrinsic_or_type_checked_inlining action=make_not_entrant pc=0x000000011d337dd8 method=java.util.stream.SpinedBuffer.copyInto([Ljava/lang/Object;I)V @ 125 c2
Event: 8386.053 Thread 0x00007ff572a8f000 DEOPT PACKING pc=0x000000011d337dd8 sp=0x000070000c979aa0
Event: 8386.053 Thread 0x00007ff572a8f000 DEOPT UNPACKING pc=0x0000000119d90399 sp=0x000070000c9798f8 mode 2

Classes loaded (20 events):
Event: 1471.473 Loading class java/lang/StackStreamFactory$FrameBuffer done
Event: 1471.473 Loading class java/lang/StackStreamFactory$StackFrameTraverser$StackFrameBuffer done
Event: 1471.855 Loading class java/util/logging/LogRecord
Event: 1472.037 Loading class java/util/logging/LogRecord done
Event: 4879.781 Loading class sun/rmi/transport/ObjectTable$1
Event: 4879.785 Loading class sun/rmi/transport/ObjectTable$1 done
Event: 8369.669 Loading class jdk/internal/math/FormattedFloatingDecimal$Form
Event: 8369.687 Loading class jdk/internal/math/FormattedFloatingDecimal$Form done
Event: 8369.696 Loading class jdk/internal/math/FormattedFloatingDecimal
Event: 8369.710 Loading class jdk/internal/math/FormattedFloatingDecimal done
Event: 8369.712 Loading class jdk/internal/math/FormattedFloatingDecimal$1
Event: 8369.713 Loading class jdk/internal/math/FormattedFloatingDecimal$1 done
Event: 8369.770 Loading class jdk/internal/math/FormattedFloatingDecimal$2
Event: 8369.770 Loading class jdk/internal/math/FormattedFloatingDecimal$2 done
Event: 8382.146 Loading class sun/security/ssl/Alert
Event: 8382.148 Loading class sun/security/ssl/Alert done
Event: 8382.151 Loading class sun/security/ssl/Alert$AlertConsumer
Event: 8382.152 Loading class sun/security/ssl/Alert$AlertConsumer done
Event: 8382.152 Loading class sun/security/ssl/Alert$Level
Event: 8382.152 Loading class sun/security/ssl/Alert$Level done

Classes unloaded (20 events):
Event: 4877.375 Thread 0x00007ff567806b30 Unloading class 0x000000012380b800 'java/lang/invoke/LambdaForm$MH+0x000000012380b800'
Event: 4877.375 Thread 0x00007ff567806b30 Unloading class 0x000000012380b000 'java/lang/invoke/LambdaForm$MH+0x000000012380b000'
Event: 4877.375 Thread 0x00007ff567806b30 Unloading class 0x00000001237bac00 'jdk/internal/reflect/GeneratedSerializationConstructorAccessor15'
Event: 4877.375 Thread 0x00007ff567806b30 Unloading class 0x00000001237ba800 'jdk/internal/reflect/GeneratedSerializationConstructorAccessor14'
Event: 4877.375 Thread 0x00007ff567806b30 Unloading class 0x00000001237ba400 'jdk/internal/reflect/GeneratedSerializationConstructorAccessor13'
Event: 4877.375 Thread 0x00007ff567806b30 Unloading class 0x00000001237ba000 'jdk/internal/reflect/GeneratedSerializationConstructorAccessor12'
Event: 4877.375 Thread 0x00007ff567806b30 Unloading class 0x00000001237b9000 'jdk/internal/reflect/GeneratedSerializationConstructorAccessor8'
Event: 4877.375 Thread 0x00007ff567806b30 Unloading class 0x0000000123571000 'java/lang/invoke/LambdaForm$MH+0x0000000123571000'
Event: 4877.375 Thread 0x00007ff567806b30 Unloading class 0x0000000123568c00 'java/lang/invoke/LambdaForm$MH+0x0000000123568c00'
Event: 4877.375 Thread 0x00007ff567806b30 Unloading class 0x00000001234c9400 'java/lang/invoke/LambdaForm$MH+0x00000001234c9400'
Event: 4877.376 Thread 0x00007ff567806b30 Unloading class 0x00000001234c9000 'java/lang/invoke/LambdaForm$MH+0x00000001234c9000'
Event: 4877.376 Thread 0x00007ff567806b30 Unloading class 0x00000001234c8800 'java/lang/invoke/LambdaForm$MH+0x00000001234c8800'
Event: 4877.376 Thread 0x00007ff567806b30 Unloading class 0x00000001234c0c00 'java/lang/invoke/LambdaForm$MH+0x00000001234c0c00'
Event: 4877.377 Thread 0x00007ff567806b30 Unloading class 0x00000001230e8800 'java/lang/invoke/LambdaForm$MH+0x00000001230e8800'
Event: 4877.377 Thread 0x00007ff567806b30 Unloading class 0x00000001230e8000 'java/lang/invoke/LambdaForm$MH+0x00000001230e8000'
Event: 4877.378 Thread 0x00007ff567806b30 Unloading class 0x00000001230e1c00 'java/lang/invoke/LambdaForm$MH+0x00000001230e1c00'
Event: 4877.378 Thread 0x00007ff567806b30 Unloading class 0x00000001230e1800 'java/lang/invoke/LambdaForm$MH+0x00000001230e1800'
Event: 4877.378 Thread 0x00007ff567806b30 Unloading class 0x00000001230e1400 'java/lang/invoke/LambdaForm$MH+0x00000001230e1400'
Event: 4877.378 Thread 0x00007ff567806b30 Unloading class 0x00000001230e0c00 'java/lang/invoke/LambdaForm$MH+0x00000001230e0c00'
Event: 4877.378 Thread 0x00007ff567806b30 Unloading class 0x0000000123084000 'java/lang/invoke/LambdaForm$DMH+0x0000000123084000'

Classes redefined (0 events):
No events

Internal exceptions (20 events):
Event: 8373.590 Thread 0x00007ff572a8f000 Exception <a 'java/lang/NoSuchMethodError'{0x000000078e3849b8}: static Lorg/jetbrains/kotlin/gradle/plugin/internal/DefaultArtifactTypeAttributeAccessorVariantFactory;.<clinit>()V> (0x000000078e3849b8) 
thrown [src/hotspot/share/prims/jni.cpp, line 1112]
Event: 8373.592 Thread 0x00007ff572a8f000 Exception <a 'java/lang/NoSuchMethodError'{0x000000078e39d748}: static Lorg/jetbrains/kotlin/gradle/plugin/internal/DefaultCompatibilityConventionRegistrar$Factory;.<clinit>()V> (0x000000078e39d748) 
thrown [src/hotspot/share/prims/jni.cpp, line 1112]
Event: 8373.593 Thread 0x00007ff572a8f000 Exception <a 'java/lang/NoSuchMethodError'{0x000000078e3b6408}: static Lorg/jetbrains/kotlin/gradle/plugin/internal/DefaultJavaSourceSetsAccessorVariantFactory;.<clinit>()V> (0x000000078e3b6408) 
thrown [src/hotspot/share/prims/jni.cpp, line 1112]
Event: 8373.594 Thread 0x00007ff572a8f000 Exception <a 'java/lang/NoSuchMethodError'{0x000000078e3ce918}: static Lorg/jetbrains/kotlin/gradle/plugin/internal/DefaultIdeaSyncDetectorVariantFactory;.<clinit>()V> (0x000000078e3ce918) 
thrown [src/hotspot/share/prims/jni.cpp, line 1112]
Event: 8373.595 Thread 0x00007ff572a8f000 Exception <a 'java/lang/NoSuchMethodError'{0x000000078e3e7050}: static Lorg/jetbrains/kotlin/gradle/plugin/internal/DefaultKotlinTestReportCompatibilityHelperVariantFactory;.<clinit>()V> (0x000000078e3e7050) 
thrown [src/hotspot/share/prims/jni.cpp, line 1112]
Event: 8373.596 Thread 0x00007ff572a8f000 Exception <a 'java/lang/NoSuchMethodError'{0x000000078e3ff638}: static Lorg/jetbrains/kotlin/gradle/plugin/internal/DefaultMppTestReportHelperVariantFactory;.<clinit>()V> (0x000000078e3ff638) 
thrown [src/hotspot/share/prims/jni.cpp, line 1112]
Event: 8373.599 Thread 0x00007ff572a8f000 Exception <a 'java/lang/NoSuchMethodError'{0x000000078e417b80}: static Lorg/jetbrains/kotlin/gradle/plugin/internal/DefaultConfigurationCacheStartParameterAccessorVariantFactory;.<clinit>()V> (0x000000078e417b80) 
thrown [src/hotspot/share/prims/jni.cpp, line 1112]
Event: 8373.601 Thread 0x00007ff572a8f000 Exception <a 'java/lang/NoSuchMethodError'{0x000000078e430518}: static Lorg/jetbrains/kotlin/gradle/plugin/internal/MavenPluginConfigurator$DefaultMavenPluginConfiguratorVariantFactory;.<clinit>()V> (0x000000078e430518) 
thrown [src/hotspot/share/prims/jni.cpp, line 1112]
Event: 8373.603 Thread 0x00007ff572a8f000 Exception <a 'java/lang/NoSuchMethodError'{0x000000078e448b28}: static Lorg/jetbrains/kotlin/gradle/targets/js/nodejs/DefaultUnameExecutorVariantFactory;.<clinit>()V> (0x000000078e448b28) 
thrown [src/hotspot/share/prims/jni.cpp, line 1112]
Event: 8373.604 Thread 0x00007ff572a8f000 Exception <a 'java/lang/NoSuchMethodError'{0x000000078e461098}: static Lorg/jetbrains/kotlin/gradle/plugin/internal/DefaultBasePluginConfigurationVariantFactory;.<clinit>()V> (0x000000078e461098) 
thrown [src/hotspot/share/prims/jni.cpp, line 1112]
Event: 8373.604 Thread 0x00007ff572a8f000 Exception <a 'java/lang/NoSuchMethodError'{0x000000078e479a50}: static Lorg/jetbrains/kotlin/gradle/plugin/internal/DefaultAttributeConfigurationHelperVariantFactory;.<clinit>()V> (0x000000078e479a50) 
thrown [src/hotspot/share/prims/jni.cpp, line 1112]
Event: 8373.653 Thread 0x00007ff572a8f000 Exception <a 'java/lang/NoSuchMethodError'{0x000000078e6d94b0}: static Lorg/jetbrains/kotlin/gradle/plugin/internal/DefaultIdeaSyncDetector$createIdeaPropertiesEvaluator$1;.<clinit>()V> (0x000000078e6d94b0) 
thrown [src/hotspot/share/prims/jni.cpp, line 1112]
Event: 8373.778 Thread 0x00007ff572a8f000 Implicit null exception at 0x000000011abe6c4e to 0x000000011abe7d04
Event: 8375.674 Thread 0x00007ff572a8f000 Implicit null exception at 0x000000011cdfd6c7 to 0x000000011ce037ac
Event: 8379.242 Thread 0x00007ff572a8f000 Exception <a 'java/lang/ClassNotFoundException'{0x000000079ac4c8f8}: groovy/runtime/metaclass/[Ljava/lang/String;MetaClass> (0x000000079ac4c8f8) 
thrown [src/hotspot/share/prims/jni.cpp, line 535]
Event: 8384.220 Thread 0x00007ff572a8f000 Implicit null exception at 0x000000011b01eb08 to 0x000000011b01ebac
Event: 8384.643 Thread 0x00007ff572a8f000 Implicit null exception at 0x000000011cf9f7d3 to 0x000000011cfa7eec
Event: 8384.959 Thread 0x00007ff572a8f000 Exception <a 'java/lang/NoSuchMethodError'{0x0000000792d60510}: static Lcom/android/build/gradle/internal/cxx/prefab/PrefabPackagePublication;.<clinit>()V> (0x0000000792d60510) 
thrown [src/hotspot/share/prims/jni.cpp, line 1112]
Event: 8384.963 Thread 0x00007ff572a8f000 Exception <a 'java/lang/NoSuchMethodError'{0x0000000792d9d8a0}: static Lcom/android/build/gradle/internal/cxx/prefab/PrefabModulePublication;.<clinit>()V> (0x0000000792d9d8a0) 
thrown [src/hotspot/share/prims/jni.cpp, line 1112]
Event: 8384.965 Thread 0x00007ff572a8f000 Exception <a 'java/lang/NoSuchMethodError'{0x0000000792dc08f0}: static Lcom/android/build/gradle/internal/cxx/prefab/PrefabAbiPublication;.<clinit>()V> (0x0000000792dc08f0) 
thrown [src/hotspot/share/prims/jni.cpp, line 1112]

VM Operations (20 events):
Event: 8375.645 Executing VM operation: Cleanup done
Event: 8376.647 Executing VM operation: Cleanup
Event: 8376.647 Executing VM operation: Cleanup done
Event: 8378.649 Executing VM operation: Cleanup
Event: 8378.650 Executing VM operation: Cleanup done
Event: 8379.650 Executing VM operation: Cleanup
Event: 8379.650 Executing VM operation: Cleanup done
Event: 8380.655 Executing VM operation: Cleanup
Event: 8380.655 Executing VM operation: Cleanup done
Event: 8381.281 Executing VM operation: GenCollectForAllocation
Event: 8382.144 Executing VM operation: GenCollectForAllocation done
Event: 8382.984 Executing VM operation: HandshakeAllThreads
Event: 8382.986 Executing VM operation: HandshakeAllThreads done
Event: 8383.540 Executing VM operation: ICBufferFull
Event: 8383.540 Executing VM operation: ICBufferFull done
Event: 8384.543 Executing VM operation: Cleanup
Event: 8384.544 Executing VM operation: Cleanup done
Event: 8385.544 Executing VM operation: Cleanup
Event: 8385.545 Executing VM operation: Cleanup done
Event: 8386.203 Executing VM operation: GenCollectForAllocation

Memory protections (20 events):
Event: 8372.235 Protecting memory [0x000070000e9e8000,0x000070000e9ec000] with protection modes 0
Event: 8372.519 Protecting memory [0x000070000cd14000,0x000070000cd18000] with protection modes 0
Event: 8372.519 Protecting memory [0x000070000eaeb000,0x000070000eaef000] with protection modes 0
Event: 8372.520 Protecting memory [0x000070000ebee000,0x000070000ebf2000] with protection modes 0
Event: 8372.520 Protecting memory [0x000070000ecf1000,0x000070000ecf5000] with protection modes 0
Event: 8372.585 Protecting memory [0x000070000edf4000,0x000070000edf8000] with protection modes 0
Event: 8372.589 Protecting memory [0x000070000eef7000,0x000070000eefb000] with protection modes 0
Event: 8372.649 Protecting memory [0x000070000f0fd000,0x000070000f101000] with protection modes 0
Event: 8372.672 Protecting memory [0x000070000f200000,0x000070000f204000] with protection modes 0
Event: 8372.730 Protecting memory [0x000070000f303000,0x000070000f307000] with protection modes 0
Event: 8372.784 Protecting memory [0x000070000f406000,0x000070000f40a000] with protection modes 0
Event: 8372.806 Protecting memory [0x000070000f509000,0x000070000f50d000] with protection modes 0
Event: 8373.267 Protecting memory [0x000070000f60c000,0x000070000f610000] with protection modes 0
Event: 8373.610 Protecting memory [0x000070000f70f000,0x000070000f713000] with protection modes 0
Event: 8373.732 Protecting memory [0x000070000fe24000,0x000070000fe28000] with protection modes 0
Event: 8376.242 Protecting memory [0x000070000ff27000,0x000070000ff2b000] with protection modes 0
Event: 8377.749 Protecting memory [0x000070000ff27000,0x000070000ff2b000] with protection modes 3
Event: 8383.151 Protecting memory [0x000070000ff27000,0x000070000ff2b000] with protection modes 0
Event: 8383.160 Protecting memory [0x0000700010539000,0x000070001053d000] with protection modes 0
Event: 8383.161 Protecting memory [0x000070001073f000,0x0000700010743000] with protection modes 0

Nmethod flushes (20 events):
Event: 8372.846 Thread 0x00007ff567026800 flushing  nmethod 0x0000000116da0c90
Event: 8372.846 Thread 0x00007ff567026800 flushing  nmethod 0x0000000116dd5c90
Event: 8372.847 Thread 0x00007ff567026800 flushing  nmethod 0x0000000116e99390
Event: 8372.847 Thread 0x00007ff567026800 flushing  nmethod 0x0000000116eb2c90
Event: 8372.847 Thread 0x00007ff567026800 flushing  nmethod 0x0000000116f77990
Event: 8372.847 Thread 0x00007ff567026800 flushing  nmethod 0x0000000117031590
Event: 8372.848 Thread 0x00007ff567026800 flushing  nmethod 0x0000000117372190
Event: 8372.848 Thread 0x00007ff567026800 flushing  nmethod 0x0000000117384810
Event: 8382.991 Thread 0x00007ff567026800 flushing  nmethod 0x000000011ad68690
Event: 8382.991 Thread 0x00007ff567026800 flushing  nmethod 0x000000011ad8bb90
Event: 8382.991 Thread 0x00007ff567026800 flushing  nmethod 0x000000011b025910
Event: 8382.992 Thread 0x00007ff567026800 flushing  nmethod 0x000000011b16af10
Event: 8382.993 Thread 0x00007ff567026800 flushing  nmethod 0x000000011b516a90
Event: 8382.997 Thread 0x00007ff567026800 flushing  nmethod 0x000000011c061b90
Event: 8382.999 Thread 0x00007ff567026800 flushing  nmethod 0x000000011c92ff90
Event: 8383.000 Thread 0x00007ff567026800 flushing  nmethod 0x000000011ce6cf10
Event: 8383.012 Thread 0x00007ff567026800 flushing  nmethod 0x0000000113a70490
Event: 8383.022 Thread 0x00007ff567026800 flushing  nmethod 0x0000000114aca610
Event: 8383.024 Thread 0x00007ff567026800 flushing  nmethod 0x0000000114e73c90
Event: 8383.026 Thread 0x00007ff567026800 flushing  nmethod 0x00000001151d6510

Events (20 events):
Event: 8372.235 Thread 0x00007ff571a39600 Thread added: 0x00007ff56f577800
Event: 8372.519 Thread 0x00007ff56a4a1200 Thread added: 0x00007ff56a4a1800
Event: 8372.519 Thread 0x00007ff56a4a1200 Thread added: 0x00007ff55ae70400
Event: 8372.520 Thread 0x00007ff571a39600 Thread added: 0x00007ff568b7e600
Event: 8372.520 Thread 0x00007ff56a4a1200 Thread added: 0x00007ff57343a400
Event: 8372.585 Thread 0x00007ff572a8f000 Thread added: 0x00007ff55af15200
Event: 8372.589 Thread 0x00007ff55af15200 Thread added: 0x00007ff55af15800
Event: 8372.649 Thread 0x00007ff55af15200 Thread added: 0x00007ff57343aa00
Event: 8372.672 Thread 0x00007ff55af15200 Thread added: 0x00007ff56b542800
Event: 8372.730 Thread 0x00007ff55af15200 Thread added: 0x00007ff56b5d4600
Event: 8372.784 Thread 0x00007ff572a8f000 Thread added: 0x00007ff573388c00
Event: 8372.806 Thread 0x00007ff572a8f000 Thread added: 0x00007ff573389200
Event: 8373.267 Thread 0x00007ff55af15200 Thread added: 0x00007ff569f58c00
Event: 8373.610 Thread 0x00007ff572a8f000 Thread added: 0x00007ff572c60c00
Event: 8373.732 Thread 0x00007ff572a8f000 Thread added: 0x00007ff572c61200
Event: 8376.242 Thread 0x00007ff56a00c000 Thread added: 0x00007ff55ae96800
Event: 8377.749 Thread 0x00007ff55ae96800 Thread exited: 0x00007ff55ae96800
Event: 8383.151 Thread 0x00007ff572a8f000 Thread added: 0x00007ff56bc27000
Event: 8383.160 Thread 0x00007ff56bc27000 Thread added: 0x00007ff56738e600
Event: 8383.161 Thread 0x00007ff56bc27000 Thread added: 0x00007ff56bc27600


Dynamic libraries:
0x0000000105412000 	/Library/Java/JavaVirtualMachines/zulu-17.jdk/Contents/Home/lib/libjli.dylib
0x00007ff814087000 	/usr/lib/libz.1.dylib
0x00007ff814172000 	/usr/lib/libSystem.B.dylib
0x00007ff81416c000 	/usr/lib/system/libcache.dylib
0x00007ff814125000 	/usr/lib/system/libcommonCrypto.dylib
0x00007ff81414e000 	/usr/lib/system/libcompiler_rt.dylib
0x00007ff814142000 	/usr/lib/system/libcopyfile.dylib
0x00007ff803e9d000 	/usr/lib/system/libcorecrypto.dylib
0x00007ff803fb6000 	/usr/lib/system/libdispatch.dylib
0x00007ff803d58000 	/usr/lib/system/libdyld.dylib
0x00007ff814162000 	/usr/lib/system/libkeymgr.dylib
0x00007ff81410a000 	/usr/lib/system/libmacho.dylib
0x00007ff813291000 	/usr/lib/system/libquarantine.dylib
0x00007ff81415f000 	/usr/lib/system/libremovefile.dylib
0x00007ff80a486000 	/usr/lib/system/libsystem_asl.dylib
0x00007ff803e25000 	/usr/lib/system/libsystem_blocks.dylib
0x00007ff804001000 	/usr/lib/system/libsystem_c.dylib
0x00007ff814156000 	/usr/lib/system/libsystem_collections.dylib
0x00007ff811b57000 	/usr/lib/system/libsystem_configuration.dylib
0x00007ff8106e8000 	/usr/lib/system/libsystem_containermanager.dylib
0x00007ff813ba2000 	/usr/lib/system/libsystem_coreservices.dylib
0x00007ff807bae000 	/usr/lib/system/libsystem_darwin.dylib
0x00007ffe0d26b000 	/usr/lib/system/libsystem_darwindirectory.dylib
0x00007ff814163000 	/usr/lib/system/libsystem_dnssd.dylib
0x00007ffe0d270000 	/usr/lib/system/libsystem_eligibility.dylib
0x00007ff803ffe000 	/usr/lib/system/libsystem_featureflags.dylib
0x00007ff804181000 	/usr/lib/system/libsystem_info.dylib
0x00007ff81409b000 	/usr/lib/system/libsystem_m.dylib
0x00007ff803f64000 	/usr/lib/system/libsystem_malloc.dylib
0x00007ff80a3ef000 	/usr/lib/system/libsystem_networkextension.dylib
0x00007ff807ff6000 	/usr/lib/system/libsystem_notify.dylib
0x00007ff811b5b000 	/usr/lib/system/libsystem_sandbox.dylib
0x00007ffe0d27a000 	/usr/lib/system/libsystem_sanitizers.dylib
0x00007ff81415b000 	/usr/lib/system/libsystem_secinit.dylib
0x00007ff80412c000 	/usr/lib/system/libsystem_kernel.dylib
0x00007ff804177000 	/usr/lib/system/libsystem_platform.dylib
0x00007ff80416b000 	/usr/lib/system/libsystem_pthread.dylib
0x00007ff80c270000 	/usr/lib/system/libsystem_symptoms.dylib
0x00007ff803e7d000 	/usr/lib/system/libsystem_trace.dylib
0x00007ffe0d282000 	/usr/lib/system/libsystem_trial.dylib
0x00007ff814131000 	/usr/lib/system/libunwind.dylib
0x00007ff803e29000 	/usr/lib/system/libxpc.dylib
0x00007ff803d13000 	/usr/lib/libobjc.A.dylib
0x00007ff8041b0000 	/System/Library/Frameworks/CoreFoundation.framework/Versions/A/CoreFoundation
0x00007ff817cf6000 	/usr/lib/swift/libswiftCore.dylib
0x00007ff804114000 	/usr/lib/libc++abi.dylib
0x00007ffe0b507000 	/usr/lib/libRosetta.dylib
0x00007ff804089000 	/usr/lib/libc++.1.dylib
0x00007ff80543d000 	/System/Library/Frameworks/Foundation.framework/Versions/C/Foundation
0x00007ff821bfa000 	/usr/lib/swift/libswiftObjectiveC.dylib
0x00007ffe0cb2d000 	/usr/lib/libswiftPrespecialized.dylib
0x00007ff8050d4000 	/System/Library/Frameworks/SystemConfiguration.framework/Versions/A/SystemConfiguration
0x00007ff80ead4000 	/System/Library/PrivateFrameworks/CoreAutoLayout.framework/Versions/A/CoreAutoLayout
0x00007ff814174000 	/usr/lib/libfakelink.dylib
0x00007ff81436d000 	/usr/lib/libcompression.dylib
0x00007ff80a053000 	/System/Library/Frameworks/CFNetwork.framework/Versions/A/CFNetwork
0x00007ff80dc8d000 	/System/Library/Frameworks/DiskArbitration.framework/Versions/A/DiskArbitration
0x00007ff8141c5000 	/usr/lib/libarchive.2.dylib
0x00007ff80db98000 	/usr/lib/libDiagnosticMessagesClient.dylib
0x00007ff8078f7000 	/usr/lib/libicucore.A.dylib
0x00007ff80eb1d000 	/usr/lib/libxml2.2.dylib
0x00007ff81ccbb000 	/System/Library/Frameworks/CoreServices.framework/Versions/A/CoreServices
0x00007ff811b68000 	/usr/lib/liblangid.dylib
0x00007ff807f28000 	/System/Library/Frameworks/IOKit.framework/Versions/A/IOKit
0x00007ff81a73e000 	/System/Library/Frameworks/Combine.framework/Versions/A/Combine
0x00007ffc0470d000 	/System/Library/PrivateFrameworks/CollectionsInternal.framework/Versions/A/CollectionsInternal
0x00007ffd108db000 	/System/Library/PrivateFrameworks/ReflectionInternal.framework/Versions/A/ReflectionInternal
0x00007ffd116bf000 	/System/Library/PrivateFrameworks/RuntimeInternal.framework/Versions/A/RuntimeInternal
0x00007ff814177000 	/System/Library/PrivateFrameworks/SoftLinking.framework/Versions/A/SoftLinking
0x00007ff90f8ca000 	/usr/lib/swift/libswiftCoreFoundation.dylib
0x00007ff90c946000 	/usr/lib/swift/libswiftDarwin.dylib
0x00007ff81ed02000 	/usr/lib/swift/libswiftDispatch.dylib
0x00007ff90f91f000 	/usr/lib/swift/libswiftIOKit.dylib
0x00007ffe0cf27000 	/usr/lib/swift/libswiftSystem.dylib
0x00007ff90f8da000 	/usr/lib/swift/libswiftXPC.dylib
0x00007ffe0cf55000 	/usr/lib/swift/libswift_Builtin_float.dylib
0x00007ffe0cf56000 	/usr/lib/swift/libswift_Concurrency.dylib
0x00007ffe0cfc5000 	/usr/lib/swift/libswift_DarwinFoundation1.dylib
0x00007ffe0d075000 	/usr/lib/swift/libswift_StringProcessing.dylib
0x00007ff821bfe000 	/usr/lib/swift/libswiftos.dylib
0x00007ff807ea8000 	/System/Library/PrivateFrameworks/CoreServicesInternal.framework/Versions/A/CoreServicesInternal
0x00007ff81413a000 	/usr/lib/liboah.dylib
0x00007ff8074f8000 	/System/Library/Frameworks/Security.framework/Versions/A/Security
0x00007ff821116000 	/System/Library/PrivateFrameworks/DiskImages.framework/Versions/A/DiskImages
0x00007ff90c3e9000 	/System/Library/Frameworks/NetFS.framework/Versions/A/NetFS
0x00007ff80ea9b000 	/System/Library/Frameworks/CoreServices.framework/Versions/A/Frameworks/FSEvents.framework/Versions/A/FSEvents
0x00007ff807bb9000 	/System/Library/Frameworks/CoreServices.framework/Versions/A/Frameworks/CarbonCore.framework/Versions/A/CarbonCore
0x00007ff80dc03000 	/System/Library/Frameworks/CoreServices.framework/Versions/A/Frameworks/Metadata.framework/Versions/A/Metadata
0x00007ff813ba9000 	/System/Library/Frameworks/CoreServices.framework/Versions/A/Frameworks/OSServices.framework/Versions/A/OSServices
0x00007ff8142a1000 	/System/Library/Frameworks/CoreServices.framework/Versions/A/Frameworks/SearchKit.framework/Versions/A/SearchKit
0x00007ff80c1ed000 	/System/Library/Frameworks/CoreServices.framework/Versions/A/Frameworks/AE.framework/Versions/A/AE
0x00007ff80466e000 	/System/Library/Frameworks/CoreServices.framework/Versions/A/Frameworks/LaunchServices.framework/Versions/A/LaunchServices
0x00007ff8156a8000 	/System/Library/Frameworks/CoreServices.framework/Versions/A/Frameworks/DictionaryServices.framework/Versions/A/DictionaryServices
0x00007ff80eaa9000 	/System/Library/Frameworks/CoreServices.framework/Versions/A/Frameworks/SharedFileList.framework/Versions/A/SharedFileList
0x00007ff814323000 	/usr/lib/libapple_nghttp2.dylib
0x00007ff80bdfd000 	/usr/lib/libsqlite3.dylib
0x00007ff80bfee000 	/System/Library/Frameworks/Accounts.framework/Versions/A/Accounts
0x00007ff821350000 	/System/Library/PrivateFrameworks/AppSupport.framework/Versions/A/AppSupport
0x00007ff90e6f1000 	/System/Library/Frameworks/AVFoundation.framework/Versions/A/AVFoundation
0x00007ff80db6a000 	/System/Library/PrivateFrameworks/CoreAnalytics.framework/Versions/A/CoreAnalytics
0x00007ff80aa1b000 	/System/Library/Frameworks/CoreGraphics.framework/Versions/A/CoreGraphics
0x00007ff81898b000 	/System/Library/Frameworks/GSS.framework/Versions/A/GSS
0x00007ff816da4000 	/System/Library/PrivateFrameworks/InternationalSupport.framework/Versions/A/InternationalSupport
0x00007ff80c184000 	/System/Library/PrivateFrameworks/RunningBoardServices.framework/Versions/A/RunningBoardServices
0x00007ff821b80000 	/System/Library/PrivateFrameworks/StreamingZip.framework/Versions/A/StreamingZip
0x00007ff80a409000 	/usr/lib/libenergytrace.dylib
0x00007ff80c278000 	/System/Library/Frameworks/Network.framework/Versions/A/Network
0x00007ff8132b6000 	/usr/lib/libbsm.0.dylib
0x00007ff81410e000 	/usr/lib/system/libkxld.dylib
0x00007ffb201ec000 	/System/Library/PrivateFrameworks/AppleKeyStore.framework/Versions/A/AppleKeyStore
0x00007ffe0b284000 	/usr/lib/libCoreEntitlements.dylib
0x00007ffd05dd0000 	/System/Library/PrivateFrameworks/MessageSecurity.framework/Versions/A/MessageSecurity
0x00007ff80bde1000 	/System/Library/PrivateFrameworks/ProtocolBuffer.framework/Versions/A/ProtocolBuffer
0x00007ff81dd9d000 	/System/Library/PrivateFrameworks/SymptomDiagnosticReporter.framework/Versions/A/SymptomDiagnosticReporter
0x00007ff8159e8000 	/System/Library/PrivateFrameworks/CrashReporterSupport.framework/Versions/A/CrashReporterSupport
0x00007ff80a40a000 	/usr/lib/libMobileGestalt.dylib
0x00007ff813b89000 	/System/Library/PrivateFrameworks/AppleFSCompression.framework/Versions/A/AppleFSCompression
0x00007ff81329e000 	/usr/lib/libcoretls.dylib
0x00007ff815716000 	/usr/lib/libcoretls_cfhelpers.dylib
0x00007ff814367000 	/usr/lib/libpam.2.dylib
0x00007ff815793000 	/usr/lib/libxar.1.dylib
0x00007ff815718000 	/System/Library/PrivateFrameworks/APFS.framework/Versions/A/APFS
0x00007ffd1bd14000 	/System/Library/PrivateFrameworks/SwiftASN1Internal.framework/Versions/A/SwiftASN1Internal
0x00007ff8157a1000 	/usr/lib/libutil.dylib
0x00007ff811b63000 	/System/Library/PrivateFrameworks/AppleSystemInfo.framework/Versions/A/AppleSystemInfo
0x00007ff812f80000 	/System/Library/PrivateFrameworks/IOMobileFramebuffer.framework/Versions/A/IOMobileFramebuffer
0x00007ff81071f000 	/System/Library/Frameworks/IOSurface.framework/Versions/A/IOSurface
0x00007ff820aa0000 	/System/Library/PrivateFrameworks/CoreWiFi.framework/Versions/A/CoreWiFi
0x00007ff90f792000 	/System/Library/PrivateFrameworks/LoggingSupport.framework/Versions/A/LoggingSupport
0x00007ff8189e3000 	/System/Library/PrivateFrameworks/MobileAsset.framework/Versions/A/MobileAsset
0x00007ff81ddac000 	/System/Library/PrivateFrameworks/PowerLog.framework/Versions/A/PowerLog
0x00007ff81f5e0000 	/System/Library/PrivateFrameworks/Rapport.framework/Versions/A/Rapport
0x00007ffb19641000 	/System/Library/Frameworks/SwiftData.framework/Versions/A/SwiftData
0x00007ff809a45000 	/System/Library/Frameworks/UniformTypeIdentifiers.framework/Versions/A/UniformTypeIdentifiers
0x00007ff80ecb2000 	/System/Library/PrivateFrameworks/UserManagement.framework/Versions/A/UserManagement
0x00007ff809f6e000 	/usr/lib/libboringssl.dylib
0x00007ff80c25e000 	/usr/lib/libdns_services.dylib
0x00007ff90e82b000 	/usr/lib/libquic.dylib
0x00007ff817c80000 	/usr/lib/libusrtcp.dylib
0x00007ffb21044000 	/System/Library/PrivateFrameworks/AtomicsInternal.framework/Versions/A/AtomicsInternal
0x00007ffa166cb000 	/System/Library/PrivateFrameworks/InternalSwiftProtobuf.framework/Versions/A/InternalSwiftProtobuf
0x00007ffe0cd85000 	/usr/lib/swift/libswiftDistributed.dylib
0x00007ffe0cda9000 	/usr/lib/swift/libswiftObservation.dylib
0x00007ffe0cf13000 	/usr/lib/swift/libswiftSynchronization.dylib
0x00007ff811b62000 	/System/Library/PrivateFrameworks/AggregateDictionary.framework/Versions/A/AggregateDictionary
0x00007ffc0172d000 	/System/Library/PrivateFrameworks/BiomeLibrary.framework/Versions/A/BiomeLibrary
0x00007ff91ec11000 	/System/Library/PrivateFrameworks/BiomeStreams.framework/Versions/A/BiomeStreams
0x00007ff91a9e3000 	/System/Library/PrivateFrameworks/BiomeFoundation.framework/Versions/A/BiomeFoundation
0x00007ffa05696000 	/System/Library/PrivateFrameworks/BiomePubSub.framework/Versions/A/BiomePubSub
0x00007ff80b956000 	/System/Library/Frameworks/CoreData.framework/Versions/A/CoreData
0x00007ff822c42000 	/System/Library/PrivateFrameworks/ProactiveSupport.framework/Versions/A/ProactiveSupport
0x00007ffb1b443000 	/System/Library/Frameworks/_LocationEssentials.framework/Versions/A/_LocationEssentials
0x00007ff8156f7000 	/usr/lib/liblzma.5.dylib
0x00007ff81cf33000 	/System/Library/Frameworks/Accelerate.framework/Versions/A/Accelerate
0x00007ff8131a5000 	/System/Library/PrivateFrameworks/MobileKeyBag.framework/Versions/A/MobileKeyBag
0x00007ff82165d000 	/System/Library/PrivateFrameworks/InternationalTextSearch.framework/Versions/A/InternationalTextSearch
0x00007ff91716a000 	/System/Library/PrivateFrameworks/SoftwareUpdateCoreSupport.framework/Versions/A/SoftwareUpdateCoreSupport
0x00007ff91f5bc000 	/System/Library/PrivateFrameworks/SoftwareUpdateCoreConnect.framework/Versions/A/SoftwareUpdateCoreConnect
0x00007ff821200000 	/System/Library/PrivateFrameworks/RemoteServiceDiscovery.framework/Versions/A/RemoteServiceDiscovery
0x00007ff916d33000 	/System/Library/PrivateFrameworks/MSUDataAccessor.framework/Versions/A/MSUDataAccessor
0x00007ff911b24000 	/usr/lib/libbootpolicy.dylib
0x00007ff821217000 	/System/Library/PrivateFrameworks/RemoteXPC.framework/Versions/A/RemoteXPC
0x00007ff91eac0000 	/usr/lib/libFDR.dylib
0x00007ffa052c0000 	/usr/lib/libamsupport.dylib
0x00007ffb1f9b7000 	/System/Library/PrivateFrameworks/AppleDeviceQuerySupport.framework/Versions/A/AppleDeviceQuerySupport
0x00007ffa08473000 	/usr/lib/libpartition2_dynamic.dylib
0x00007ff814301000 	/System/Library/PrivateFrameworks/AppleSauce.framework/Versions/A/AppleSauce
0x00007ffe0b108000 	/usr/lib/libAppleArchive.dylib
0x00007ff813b94000 	/usr/lib/libbz2.1.0.dylib
0x00007ff80dc95000 	/System/Library/Frameworks/Accelerate.framework/Versions/A/Frameworks/vImage.framework/Versions/A/vImage
0x00007ff81cc91000 	/System/Library/Frameworks/Accelerate.framework/Versions/A/Frameworks/vecLib.framework/Versions/A/vecLib
0x00007ff8157d5000 	/System/Library/Frameworks/Accelerate.framework/Versions/A/Frameworks/vecLib.framework/Versions/A/libvMisc.dylib
0x00007ff804b88000 	/System/Library/Frameworks/Accelerate.framework/Versions/A/Frameworks/vecLib.framework/Versions/A/libBLAS.dylib
0x00007ff82165c000 	/System/Library/Frameworks/ApplicationServices.framework/Versions/A/ApplicationServices
0x00007ff80ebfe000 	/System/Library/Frameworks/CoreVideo.framework/Versions/A/CoreVideo
0x00007ff80b336000 	/System/Library/Frameworks/ColorSync.framework/Versions/A/ColorSync
0x00007ff806b17000 	/System/Library/Frameworks/CoreText.framework/Versions/A/CoreText
0x00007ff8111fb000 	/System/Library/Frameworks/ImageIO.framework/Versions/A/ImageIO
0x00007ff81859d000 	/System/Library/Frameworks/ApplicationServices.framework/Versions/A/Frameworks/ATS.framework/Versions/A/ATS
0x00007ff80b4de000 	/System/Library/Frameworks/ApplicationServices.framework/Versions/A/Frameworks/HIServices.framework/Versions/A/HIServices
0x00007ff816c73000 	/System/Library/Frameworks/ApplicationServices.framework/Versions/A/Frameworks/PrintCore.framework/Versions/A/PrintCore
0x00007ff818955000 	/System/Library/Frameworks/ApplicationServices.framework/Versions/A/Frameworks/QD.framework/Versions/A/QD
0x00007ff818951000 	/System/Library/Frameworks/ApplicationServices.framework/Versions/A/Frameworks/ColorSyncLegacy.framework/Versions/A/ColorSyncLegacy
0x00007ff818572000 	/System/Library/Frameworks/ApplicationServices.framework/Versions/A/Frameworks/SpeechSynthesis.framework/Versions/A/SpeechSynthesis
0x00007ff80a4c0000 	/System/Library/PrivateFrameworks/SkyLight.framework/Versions/A/SkyLight
0x00007ff810bfc000 	/System/Library/PrivateFrameworks/FontServices.framework/libFontParser.dylib
0x00007ff80c092000 	/System/Library/PrivateFrameworks/BaseBoard.framework/Versions/A/BaseBoard
0x00007ff81f04f000 	/System/Library/PrivateFrameworks/BoardServices.framework/Versions/A/BoardServices
0x00007ff820f35000 	/System/Library/PrivateFrameworks/BackBoardServices.framework/Versions/A/BackBoardServices
0x00007ffc0163f000 	/System/Library/PrivateFrameworks/BackBoardHIDEventFoundation.framework/Versions/A/BackBoardHIDEventFoundation
0x00007ff806620000 	/System/Library/Frameworks/CoreDisplay.framework/Versions/A/CoreDisplay
0x00007ff8164a6000 	/System/Library/Frameworks/VideoToolbox.framework/Versions/A/VideoToolbox
0x00007ff814365000 	/System/Library/Frameworks/MetalPerformanceShaders.framework/Versions/A/MetalPerformanceShaders
0x00007ffd0f92c000 	/System/Library/PrivateFrameworks/ProDisplayLibrary.framework/Versions/A/ProDisplayLibrary
0x00007ff9023ae000 	/System/Library/PrivateFrameworks/IOSurfaceAccelerator.framework/Versions/A/IOSurfaceAccelerator
0x00007ff810743000 	/System/Library/Frameworks/Metal.framework/Versions/A/Metal
0x00007ff81073a000 	/System/Library/PrivateFrameworks/IOAccelerator.framework/Versions/A/IOAccelerator
0x00007ff810a54000 	/System/Library/Frameworks/CoreMedia.framework/Versions/A/CoreMedia
0x00007ff80a49e000 	/System/Library/PrivateFrameworks/TCC.framework/Versions/A/TCC
0x00007ff81645f000 	/System/Library/PrivateFrameworks/WatchdogClient.framework/Versions/A/WatchdogClient
0x00007ff80e363000 	/System/Library/Frameworks/QuartzCore.framework/Versions/A/QuartzCore
0x00007ff816461000 	/System/Library/PrivateFrameworks/MultitouchSupport.framework/Versions/A/MultitouchSupport
0x00007ffa08266000 	/usr/lib/swift/libswiftAccelerate.dylib
0x00007ff90f8b0000 	/usr/lib/swift/libswiftCoreAudio.dylib
0x00007ffa0c2b6000 	/usr/lib/swift/libswiftCoreMedia.dylib
0x00007ff91dbe3000 	/usr/lib/swift/libswiftMetal.dylib
0x00007ffa0daac000 	/usr/lib/swift/libswiftOSLog.dylib
0x00007ffa03718000 	/usr/lib/swift/libswiftQuartzCore.dylib
0x00007ffa08257000 	/usr/lib/swift/libswiftUniformTypeIdentifiers.dylib
0x00007ffe0cf3e000 	/usr/lib/swift/libswiftVideoToolbox.dylib
0x00007ff913619000 	/usr/lib/swift/libswiftsimd.dylib
0x00007ffa056f9000 	/System/Library/PrivateFrameworks/BiomeStorage.framework/Versions/A/BiomeStorage
0x00007ffc1c982000 	/System/Library/PrivateFrameworks/IntelligencePlatformLibrary.framework/Versions/A/IntelligencePlatformLibrary
0x00007ffd0e908000 	/System/Library/PrivateFrameworks/PoirotSchematizer.framework/Versions/A/PoirotSchematizer
0x00007ffc02103000 	/System/Library/PrivateFrameworks/BiomeSync.framework/Versions/A/BiomeSync
0x00007ffc01714000 	/System/Library/PrivateFrameworks/BiomeDSL.framework/Versions/A/BiomeDSL
0x00007ffa1e16d000 	/System/Library/PrivateFrameworks/FeatureFlags.framework/Versions/A/FeatureFlags
0x00007ffd0e97d000 	/System/Library/PrivateFrameworks/PoirotUDFs.framework/Versions/A/PoirotUDFs
0x00007ffe0cfc9000 	/usr/lib/swift/libswift_DarwinFoundation2.dylib
0x00007ffe0cfca000 	/usr/lib/swift/libswift_DarwinFoundation3.dylib
0x00007ff81f5d6000 	/System/Library/PrivateFrameworks/CoreTime.framework/Versions/A/CoreTime
0x00007ff8141ad000 	/usr/lib/libiconv.2.dylib
0x00007ff814109000 	/usr/lib/libcharset.1.dylib
0x00007ffd0e8d3000 	/System/Library/PrivateFrameworks/PoirotSQLite.framework/Versions/A/PoirotSQLite
0x00007ffe0cfcb000 	/usr/lib/swift/libswift_RegexParser.dylib
0x00007ffc03561000 	/System/Library/PrivateFrameworks/CascadeSets.framework/Versions/A/CascadeSets
0x00007ff818b5d000 	/System/Library/PrivateFrameworks/CorePhoneNumbers.framework/Versions/A/CorePhoneNumbers
0x00007ff816249000 	/System/Library/PrivateFrameworks/AppleJPEG.framework/Versions/A/AppleJPEG
0x00007ff815c4b000 	/usr/lib/libexpat.1.dylib
0x00007ff816b3d000 	/System/Library/Frameworks/ImageIO.framework/Versions/A/Resources/libPng.dylib
0x00007ff816b6b000 	/System/Library/Frameworks/ImageIO.framework/Versions/A/Resources/libTIFF.dylib
0x00007ff816c5c000 	/System/Library/Frameworks/ImageIO.framework/Versions/A/Resources/libGIF.dylib
0x00007ff816295000 	/System/Library/Frameworks/ImageIO.framework/Versions/A/Resources/libJP2.dylib
0x00007ff815949000 	/usr/lib/libate.dylib
0x00007ff816bfd000 	/System/Library/Frameworks/ImageIO.framework/Versions/A/Resources/libJPEG.dylib
0x00007ff816bf4000 	/System/Library/Frameworks/ImageIO.framework/Versions/A/Resources/libRadiance.dylib
0x00007ffc133bf000 	/System/Library/PrivateFrameworks/GPUCompiler.framework/Versions/32023/Libraries/libllvm-flatbuffers.dylib
0x00007ffc0dca9000 	/System/Library/PrivateFrameworks/FramePacing.framework/Versions/A/FramePacing
0x00007ffb0f8d9000 	/System/Library/Frameworks/OpenGL.framework/Versions/A/Libraries/libCoreFSCache.dylib
0x00007ffc0ec11000 	/System/Library/PrivateFrameworks/GPUCompiler.framework/Versions/32023/Libraries/libGPUCompilerUtils.dylib
0x00007ff81f11b000 	/System/Library/PrivateFrameworks/GraphicsServices.framework/Versions/A/GraphicsServices
0x00007ffb0f8e6000 	/System/Library/Frameworks/OpenGL.framework/Versions/A/OpenGL
0x00007ffb0f937000 	/System/Library/Frameworks/OpenGL.framework/Versions/A/Libraries/libGLU.dylib
0x00007ffb0f8f9000 	/System/Library/Frameworks/OpenGL.framework/Versions/A/Libraries/libGFXShared.dylib
0x00007ffb0faf8000 	/System/Library/Frameworks/OpenGL.framework/Versions/A/Libraries/libGL.dylib
0x00007ffb0f902000 	/System/Library/Frameworks/OpenGL.framework/Versions/A/Libraries/libGLImage.dylib
0x00007ffb0f8f6000 	/System/Library/Frameworks/OpenGL.framework/Versions/A/Libraries/libCVMSPluginSupport.dylib
0x00007ffb0f8e1000 	/System/Library/Frameworks/OpenGL.framework/Versions/A/Libraries/libCoreVMClient.dylib
0x00007ff816bed000 	/System/Library/PrivateFrameworks/GPUWrangler.framework/Versions/A/GPUWrangler
0x00007ff816bd1000 	/System/Library/PrivateFrameworks/IOPresentment.framework/Versions/A/IOPresentment
0x00007ff816bf7000 	/System/Library/PrivateFrameworks/DSExternalDisplay.framework/Versions/A/DSExternalDisplay
0x00007ffe032e0000 	/System/Library/PrivateFrameworks/VideoToolboxParavirtualizationSupport.framework/Versions/A/VideoToolboxParavirtualizationSupport
0x00007ff815bfe000 	/System/Library/PrivateFrameworks/AppleVA.framework/Versions/A/AppleVA
0x00007ffb142b0000 	/System/Library/Frameworks/ExtensionFoundation.framework/Versions/A/ExtensionFoundation
0x00007ff816c62000 	/System/Library/PrivateFrameworks/CMCaptureCore.framework/Versions/A/CMCaptureCore
0x00007ff815ee1000 	/usr/lib/libspindump.dylib
0x00007ff806d52000 	/System/Library/Frameworks/CoreAudio.framework/Versions/A/CoreAudio
0x00007ff815ed3000 	/System/Library/PrivateFrameworks/AppServerSupport.framework/Versions/A/AppServerSupport
0x00007ff81895f000 	/System/Library/PrivateFrameworks/perfdata.framework/Versions/A/perfdata
0x00007ff806749000 	/System/Library/PrivateFrameworks/AudioToolboxCore.framework/Versions/A/AudioToolboxCore
0x00007ff810a2f000 	/System/Library/PrivateFrameworks/caulk.framework/Versions/A/caulk
0x00007ff818559000 	/usr/lib/libAudioStatistics.dylib
0x00007ff90e913000 	/System/Library/PrivateFrameworks/SystemPolicy.framework/Versions/A/SystemPolicy
0x00007ff818802000 	/usr/lib/libSMC.dylib
0x00007ff916573000 	/usr/lib/swift/libswiftCoreMIDI.dylib
0x00007ff9017c4000 	/System/Library/Frameworks/CoreMIDI.framework/Versions/A/CoreMIDI
0x00007ff816b1b000 	/usr/lib/libAudioToolboxUtility.dylib
0x00007ff81896d000 	/usr/lib/libperfcheck.dylib
0x00007ffb21109000 	/System/Library/PrivateFrameworks/AudioAnalytics.framework/Versions/A/AudioAnalytics
0x00007ffa163bc000 	/System/Library/Frameworks/OSLog.framework/Versions/A/OSLog
0x00007ffd0a9d6000 	/System/Library/PrivateFrameworks/OSEligibility.framework/Versions/A/OSEligibility
0x00007ff815cd1000 	/System/Library/PrivateFrameworks/IconServices.framework/Versions/A/IconServices
0x00007ffb1545d000 	/System/Library/Frameworks/LightweightCodeRequirements.framework/Versions/A/LightweightCodeRequirements
0x00007ff815b39000 	/System/Library/PrivateFrameworks/PlugInKit.framework/Versions/A/PlugInKit
0x00007ff8131bb000 	/System/Library/PrivateFrameworks/AssertionServices.framework/Versions/A/AssertionServices
0x00007ff815c70000 	/System/Library/PrivateFrameworks/IconFoundation.framework/Versions/A/IconFoundation
0x00007ffc19b32000 	/System/Library/PrivateFrameworks/IconRendering.framework/Versions/A/IconRendering
0x00007ff80e797000 	/System/Library/PrivateFrameworks/CoreUI.framework/Versions/A/CoreUI
0x00007ff811542000 	/System/Library/Frameworks/CoreImage.framework/Versions/A/CoreImage
0x00007ffd1185e000 	/System/Library/PrivateFrameworks/SFSymbols.framework/Versions/A/SFSymbols
0x00007ffb1418d000 	/System/Library/Frameworks/DeveloperToolsSupport.framework/Versions/A/DeveloperToolsSupport
0x00007ff906b4c000 	/System/Library/PrivateFrameworks/RenderBox.framework/Versions/A/RenderBox
0x00007ff8111c0000 	/System/Library/PrivateFrameworks/CoreSVG.framework/Versions/A/CoreSVG
0x00007ff816ce6000 	/System/Library/PrivateFrameworks/TextureIO.framework/Versions/A/TextureIO
0x00007ff90f91e000 	/usr/lib/swift/libswiftCoreImage.dylib
0x00007ffb10f4a000 	/System/Library/Frameworks/OpenCL.framework/Versions/A/OpenCL
0x00007ff815e7c000 	/System/Library/PrivateFrameworks/GraphVisualizer.framework/Versions/A/GraphVisualizer
0x00007ffc0dbb4000 	/System/Library/PrivateFrameworks/FontServices.framework/Versions/A/FontServices
0x00007ff815e8f000 	/System/Library/PrivateFrameworks/OTSVG.framework/Versions/A/OTSVG
0x00007ff80e74a000 	/System/Library/Frameworks/ApplicationServices.framework/Versions/A/Frameworks/ATS.framework/Versions/A/Resources/libFontRegistry.dylib
0x00007ffe0c153000 	/usr/lib/libhvf.dylib
0x00007ffd0b527000 	/System/Library/PrivateFrameworks/ParsingInternal.framework/Versions/A/ParsingInternal
0x00007ffc0dbb8000 	/System/Library/PrivateFrameworks/FontServices.framework/libXTFontStaticRegistryData.dylib
0x00007ff811a95000 	/System/Library/Frameworks/MetalPerformanceShaders.framework/Versions/A/Frameworks/MPSCore.framework/Versions/A/MPSCore
0x00007ff813ae4000 	/System/Library/Frameworks/MetalPerformanceShaders.framework/Versions/A/Frameworks/MPSImage.framework/Versions/A/MPSImage
0x00007ff813339000 	/System/Library/Frameworks/MetalPerformanceShaders.framework/Versions/A/Frameworks/MPSNeuralNetwork.framework/Versions/A/MPSNeuralNetwork
0x00007ff813882000 	/System/Library/Frameworks/MetalPerformanceShaders.framework/Versions/A/Frameworks/MPSMatrix.framework/Versions/A/MPSMatrix
0x00007ff813638000 	/System/Library/Frameworks/MetalPerformanceShaders.framework/Versions/A/Frameworks/MPSRayIntersector.framework/Versions/A/MPSRayIntersector
0x00007ff8138c1000 	/System/Library/Frameworks/MetalPerformanceShaders.framework/Versions/A/Frameworks/MPSNDArray.framework/Versions/A/MPSNDArray
0x00007ffb162c7000 	/System/Library/Frameworks/MetalPerformanceShaders.framework/Versions/A/Frameworks/MPSFunctions.framework/Versions/A/MPSFunctions
0x00007ffb162a7000 	/System/Library/Frameworks/MetalPerformanceShaders.framework/Versions/A/Frameworks/MPSBenchmarkLoop.framework/Versions/A/MPSBenchmarkLoop
0x00007ffb162dc000 	/System/Library/Frameworks/MetalPerformanceShaders.framework/Versions/A/Frameworks/MPSHost.framework/Versions/A/MPSHost
0x00007ff804993000 	/System/Library/PrivateFrameworks/MetalTools.framework/Versions/A/MetalTools
0x00007ff914e90000 	/System/Library/PrivateFrameworks/IOAccelMemoryInfo.framework/Versions/A/IOAccelMemoryInfo
0x00007ffa03b24000 	/System/Library/PrivateFrameworks/kperf.framework/Versions/A/kperf
0x00007ff90f8ac000 	/System/Library/PrivateFrameworks/GPURawCounter.framework/Versions/A/GPURawCounter
0x00007ffa11b8c000 	/System/Library/PrivateFrameworks/Symbolication.framework/Versions/A/Symbolication
0x00007ffd0e4cc000 	/System/Library/PrivateFrameworks/PhotosensitivityProcessing.framework/Versions/A/PhotosensitivityProcessing
0x00007ff81f470000 	/System/Library/PrivateFrameworks/CoreSymbolication.framework/Versions/A/CoreSymbolication
0x00007ff90f827000 	/System/Library/PrivateFrameworks/MallocStackLogging.framework/Versions/A/MallocStackLogging
0x00007ff81f452000 	/System/Library/PrivateFrameworks/DebugSymbols.framework/Versions/A/DebugSymbols
0x00007ffa02351000 	/System/Library/PrivateFrameworks/OSAnalytics.framework/Versions/A/OSAnalytics
0x00007ffc0bc5a000 	/System/Library/PrivateFrameworks/DeviceRecovery.framework/Versions/A/DeviceRecovery
0x00007ff816c2e000 	/System/Library/Frameworks/ApplicationServices.framework/Versions/A/Frameworks/ATSUI.framework/Versions/A/ATSUI
0x00007ff818316000 	/System/Library/Frameworks/AudioToolbox.framework/Versions/A/AudioToolbox
0x00007ff813ebc000 	/System/Library/Frameworks/UserNotifications.framework/Versions/A/UserNotifications
0x00007ff91550a000 	/System/Library/PrivateFrameworks/SiriInstrumentation.framework/Versions/A/SiriInstrumentation
0x00007ffd1398f000 	/System/Library/PrivateFrameworks/SiriAnalytics.framework/Versions/A/SiriAnalytics
0x00007ff912c5e000 	/System/Library/PrivateFrameworks/FeedbackLogger.framework/Versions/A/FeedbackLogger
0x00007ffa0dd59000 	/usr/lib/swift/libswiftAVFoundation.dylib
0x00007ffe0141f000 	/System/Library/PrivateFrameworks/UnifiedAssetFramework.framework/Versions/A/UnifiedAssetFramework
0x00007ff8184dd000 	/System/Library/PrivateFrameworks/AudioSession.framework/Versions/A/AudioSession
0x00007ff815d96000 	/System/Library/PrivateFrameworks/MediaExperience.framework/Versions/A/MediaExperience
0x00007ff8182c7000 	/System/Library/PrivateFrameworks/AudioSession.framework/libSessionUtility.dylib
0x00007ff81dc8b000 	/System/Library/Frameworks/CoreBluetooth.framework/Versions/A/CoreBluetooth
0x00007ff813038000 	/System/Library/PrivateFrameworks/CoreUtils.framework/Versions/A/CoreUtils
0x00007ff90787c000 	/System/Library/PrivateFrameworks/HID.framework/Versions/A/HID
0x00007ffc0ad22000 	/System/Library/PrivateFrameworks/CoreUtilsExtras.framework/Versions/A/CoreUtilsExtras
0x00007ffc19a80000 	/System/Library/PrivateFrameworks/IO80211.framework/Versions/A/IO80211
0x00007ff81a49e000 	/System/Library/Frameworks/IOBluetooth.framework/Versions/A/IOBluetooth
0x00007ff91dbf0000 	/usr/lib/swift/libswiftCompression.dylib
0x00007ffe0cdc5000 	/usr/lib/swift/libswiftRegexBuilder.dylib
0x00007ff8159df000 	/usr/lib/libIOReport.dylib
0x00007ffa1e1ea000 	/System/Library/PrivateFrameworks/WiFiPeerToPeer.framework/Versions/A/WiFiPeerToPeer
0x00007ff8131c8000 	/System/Library/Frameworks/SecurityFoundation.framework/Versions/A/SecurityFoundation
0x00007ff804dfb000 	/System/Library/PrivateFrameworks/Lexicon.framework/Versions/A/Lexicon
0x00007ffe0c5b0000 	/usr/lib/libmrc.dylib
0x00007ffc19af2000 	/System/Library/PrivateFrameworks/IPConfiguration.framework/Versions/A/IPConfiguration
0x00007ffa122bf000 	/System/Library/PrivateFrameworks/Netrb.framework/Versions/A/Netrb
0x00007ff81ef6e000 	/System/Library/PrivateFrameworks/FrontBoardServices.framework/Versions/A/FrontBoardServices
0x00007ff813321000 	/usr/lib/libgermantok.dylib
0x00007ff811c78000 	/System/Library/PrivateFrameworks/LinguisticData.framework/Versions/A/LinguisticData
0x00007ff81de8e000 	/System/Library/PrivateFrameworks/MediaKit.framework/Versions/A/MediaKit
0x00007ff81dde8000 	/System/Library/Frameworks/DiscRecording.framework/Versions/A/DiscRecording
0x00007ff815c67000 	/usr/lib/libheimdal-asn1.dylib
0x00007ff821b5b000 	/System/Library/Frameworks/AudioUnit.framework/Versions/A/AudioUnit
0x00007ff80ea68000 	/System/Library/Frameworks/OpenDirectory.framework/Versions/A/OpenDirectory
0x00007ff80ea74000 	/System/Library/Frameworks/OpenDirectory.framework/Versions/A/Frameworks/CFOpenDirectory.framework/Versions/A/CFOpenDirectory
0x00007ff81a7fd000 	/System/Library/PrivateFrameworks/GeoServices.framework/Versions/A/GeoServices
0x00007ff818290000 	/System/Library/PrivateFrameworks/LocationSupport.framework/Versions/A/LocationSupport
0x00007ffc16965000 	/System/Library/PrivateFrameworks/GeoServicesCore.framework/Versions/A/GeoServicesCore
0x00007ff90871c000 	/System/Library/PrivateFrameworks/PhoneNumbers.framework/Versions/A/PhoneNumbers
0x00007ffc1e65a000 	/System/Library/PrivateFrameworks/LocationLogEncryption.framework/Versions/A/LocationLogEncryption
0x00007ffb1298f000 	/System/Library/Frameworks/AVFAudio.framework/Versions/A/AVFAudio
0x00007ffb12acb000 	/System/Library/Frameworks/AVRouting.framework/Versions/A/AVRouting
0x00007ff908815000 	/usr/lib/libAccessibility.dylib
0x00007ffc1d303000 	/System/Library/PrivateFrameworks/IsolatedCoreAudioClient.framework/Versions/A/IsolatedCoreAudioClient
0x00007ffd1f086000 	/System/Library/PrivateFrameworks/Tightbeam.framework/Versions/A/Tightbeam
0x00007ffc06ce7000 	/System/Library/PrivateFrameworks/CoreAudioOrchestration.framework/Versions/A/CoreAudioOrchestration
0x00007ffa08945000 	/System/Library/PrivateFrameworks/AFKUser.framework/Versions/A/AFKUser
0x00007ff81716a000 	/System/Library/Frameworks/MediaToolbox.framework/Versions/A/MediaToolbox
0x00007ff81e36b000 	/System/Library/PrivateFrameworks/CoreAVCHD.framework/Versions/A/CoreAVCHD
0x00007ff81cf80000 	/System/Library/Frameworks/MediaAccessibility.framework/Versions/A/MediaAccessibility
0x00007ff81e367000 	/System/Library/PrivateFrameworks/Mangrove.framework/Versions/A/Mangrove
0x00007ffc02d01000 	/System/Library/PrivateFrameworks/CMPhoto.framework/Versions/A/CMPhoto
0x00007ff81eb18000 	/System/Library/Frameworks/CoreTelephony.framework/Versions/A/CoreTelephony
0x00007ff81f319000 	/System/Library/PrivateFrameworks/AppleVPA.framework/Versions/A/AppleVPA
0x00007ff81dfac000 	/System/Library/PrivateFrameworks/CoreAUC.framework/Versions/A/CoreAUC
0x00007ffb1fec4000 	/System/Library/PrivateFrameworks/AppleJPEGXL.framework/Versions/A/AppleJPEGXL
0x00007ff818b6c000 	/usr/lib/libTelephonyUtilDynamic.dylib
0x00007ffa19405000 	/System/Library/Frameworks/CryptoKit.framework/Versions/A/CryptoKit
0x00007ff821b56000 	/System/Library/PrivateFrameworks/CryptoKitCBridging.framework/Versions/A/CryptoKitCBridging
0x00007ff81f12b000 	/System/Library/Frameworks/CryptoTokenKit.framework/Versions/A/CryptoTokenKit
0x00007ffc0b769000 	/System/Library/PrivateFrameworks/Dendrite.framework/Versions/A/Dendrite
0x00007ff90f478000 	/System/Library/Frameworks/NaturalLanguage.framework/Versions/A/NaturalLanguage
0x00007ffc166a9000 	/System/Library/PrivateFrameworks/GenerativeModels.framework/Versions/A/GenerativeModels
0x00007ffa1e178000 	/usr/lib/swift/libswiftNaturalLanguage.dylib
0x00007ffb20b87000 	/System/Library/PrivateFrameworks/AppleMobileFileIntegrity.framework/Versions/A/AppleMobileFileIntegrity
0x00007ffe0b56d000 	/usr/lib/libTLE.dylib
0x00007ff90f857000 	/usr/lib/libmis.dylib
0x00007ffb07962000 	/System/Library/PrivateFrameworks/ConfigProfileHelper.framework/Versions/A/ConfigProfileHelper
0x00007ff821cd7000 	/System/Library/PrivateFrameworks/Espresso.framework/Versions/A/Espresso
0x00007ff80f1c3000 	/System/Library/Frameworks/CoreML.framework/Versions/A/CoreML
0x00007ffa1c1ef000 	/usr/lib/libedit.3.dylib
0x00007ffb07f46000 	/System/Library/PrivateFrameworks/ANECompiler.framework/Versions/A/ANECompiler
0x00007ff9015ec000 	/System/Library/PrivateFrameworks/AppleNeuralEngine.framework/Versions/A/AppleNeuralEngine
0x00007ffc1e76a000 	/System/Library/PrivateFrameworks/MIL.framework/Versions/A/MIL
0x00007ffb162e3000 	/System/Library/Frameworks/MetalPerformanceShadersGraph.framework/Versions/A/MetalPerformanceShadersGraph
0x00007ffc1ef3c000 	/System/Library/PrivateFrameworks/MLCompilerServices.framework/Versions/A/MLCompilerServices
0x00007ff822c10000 	/System/Library/PrivateFrameworks/ANEServices.framework/Versions/A/ANEServices
0x00007ff914e55000 	/usr/lib/libncurses.5.4.dylib
0x00007ff808008000 	/usr/lib/libsandbox.1.dylib
0x00007ff815b7c000 	/usr/lib/libMatch.1.dylib
0x00007ffd0a793000 	/System/Library/PrivateFrameworks/ODIE.framework/Versions/A/ODIE
0x00007ffd0413c000 	/System/Library/PrivateFrameworks/MLModelAsset.framework/Versions/A/MLModelAsset
0x00007ffc1eee2000 	/System/Library/PrivateFrameworks/MLCompilerRuntime.framework/Versions/A/MLCompilerRuntime
0x00007ff81369a000 	/System/Library/Frameworks/MLCompute.framework/Versions/A/MLCompute
0x00007ffc1ee69000 	/System/Library/PrivateFrameworks/MLAssetIO.framework/Versions/A/MLAssetIO
0x00007ffe0cd9c000 	/usr/lib/swift/libswiftMLCompute.dylib
0x00007ff81ed17000 	/System/Library/PrivateFrameworks/AVFCore.framework/Versions/A/AVFCore
0x00007ff906104000 	/System/Library/PrivateFrameworks/AVFCapture.framework/Versions/A/AVFCapture
0x00007ffc02baa000 	/System/Library/PrivateFrameworks/CMImaging.framework/Versions/A/CMImaging
0x00007ff906353000 	/System/Library/PrivateFrameworks/Quagga.framework/Versions/A/Quagga
0x00007ff90647e000 	/System/Library/PrivateFrameworks/CMCapture.framework/Versions/A/CMCapture
0x00007ff8186f3000 	/System/Library/Frameworks/CoreMediaIO.framework/Versions/A/CoreMediaIO
0x00007ffc02ae2000 	/System/Library/PrivateFrameworks/CMCaptureDevice.framework/Versions/A/CMCaptureDevice
0x00007ff815fb5000 	/System/Library/PrivateFrameworks/CoreBrightness.framework/Versions/A/CoreBrightness
0x00007ffc03a28000 	/System/Library/PrivateFrameworks/CinematicFraming.framework/Versions/A/CinematicFraming
0x00007ffd070c2000 	/System/Library/PrivateFrameworks/ModelManagerServices.framework/Versions/A/ModelManagerServices
0x00007ffd1c7cd000 	/System/Library/PrivateFrameworks/SystemStatus.framework/Versions/A/SystemStatus
0x00007ff90e30e000 	/System/Library/Frameworks/CoreMotion.framework/Versions/A/CoreMotion
0x00007ff91eb88000 	/System/Library/PrivateFrameworks/TimeSync.framework/Versions/A/TimeSync
0x00007ffc0c040000 	/System/Library/PrivateFrameworks/DistributedSensing.framework/Versions/A/DistributedSensing
0x00007ff919cfd000 	/System/Library/PrivateFrameworks/MobileBluetooth.framework/Versions/A/MobileBluetooth
0x00007ff92079d000 	/System/Library/PrivateFrameworks/IOKitten.framework/Versions/A/IOKitten
0x00007ffb1fd67000 	/System/Library/PrivateFrameworks/AppleIntelligenceReporting.framework/Versions/A/AppleIntelligenceReporting
0x00007ff812f4e000 	/System/Library/PrivateFrameworks/CoreEmoji.framework/Versions/A/CoreEmoji
0x00007ff80515a000 	/usr/lib/libCRFSuite.dylib
0x00007ff806477000 	/System/Library/PrivateFrameworks/LanguageModeling.framework/Versions/A/LanguageModeling
0x00007ff811b6a000 	/System/Library/PrivateFrameworks/CoreNLP.framework/Versions/A/CoreNLP
0x00007ff80b62b000 	/System/Library/PrivateFrameworks/Montreal.framework/Versions/A/Montreal
0x00007ff8141b4000 	/usr/lib/libcmph.dylib
0x00007ff8132c6000 	/usr/lib/libmecab.dylib
0x00007ff8142f9000 	/usr/lib/libThaiTokenizer.dylib
0x00007ffc16768000 	/System/Library/PrivateFrameworks/GenerativeModelsFoundation.framework/Versions/A/GenerativeModelsFoundation
0x00007ffd1f500000 	/System/Library/PrivateFrameworks/TokenGeneration.framework/Versions/A/TokenGeneration
0x00007ffc16597000 	/System/Library/PrivateFrameworks/GenerativeFunctions.framework/Versions/A/GenerativeFunctions
0x00007ffc165da000 	/System/Library/PrivateFrameworks/GenerativeFunctionsFoundation.framework/Versions/A/GenerativeFunctionsFoundation
0x00007ffd06d74000 	/System/Library/PrivateFrameworks/ModelCatalog.framework/Versions/A/ModelCatalog
0x00007ffd12d16000 	/System/Library/PrivateFrameworks/SensitiveContentAnalysisML.framework/Versions/A/SensitiveContentAnalysisML
0x00007ffc16654000 	/System/Library/PrivateFrameworks/GenerativeFunctionsInstrumentation.framework/Versions/A/GenerativeFunctionsInstrumentation
0x00007ffd1001e000 	/System/Library/PrivateFrameworks/PromptKit.framework/Versions/A/PromptKit
0x00007ffd0facd000 	/System/Library/PrivateFrameworks/ProactiveDaemonSupport.framework/Versions/A/ProactiveDaemonSupport
0x00007ffd1f6d1000 	/System/Library/PrivateFrameworks/TokenGenerationCore.framework/Versions/A/TokenGenerationCore
0x00007ff9103f0000 	/System/Library/PrivateFrameworks/Trial.framework/Versions/A/Trial
0x00007ff910372000 	/System/Library/PrivateFrameworks/TrialProto.framework/Versions/A/TrialProto
0x00007ffb1fa1f000 	/System/Library/PrivateFrameworks/AppleFlatBuffers.framework/Versions/A/AppleFlatBuffers
0x00007ffd12f7c000 	/System/Library/PrivateFrameworks/SentencePieceInternal.framework/Versions/A/SentencePieceInternal
0x00007ff81cfd4000 	/System/Library/Frameworks/Vision.framework/Versions/A/Vision
0x00007ffc0aa21000 	/System/Library/PrivateFrameworks/CoreSceneUnderstanding.framework/Versions/A/CoreSceneUnderstanding
0x00007ffe03e41000 	/System/Library/PrivateFrameworks/VisionCore.framework/Versions/A/VisionCore
0x00007ff8170ae000 	/System/Library/PrivateFrameworks/DataDetectorsCore.framework/Versions/A/DataDetectorsCore
0x00007ff918a3b000 	/System/Library/Frameworks/Vision.framework/libfaceCore.dylib
0x00007ff91975a000 	/System/Library/PrivateFrameworks/Futhark.framework/Versions/A/Futhark
0x00007ff91d99f000 	/System/Library/PrivateFrameworks/InertiaCam.framework/Versions/A/InertiaCam
0x00007ff9194c2000 	/System/Library/PrivateFrameworks/TextRecognition.framework/Versions/A/TextRecognition
0x00007ffb14178000 	/System/Library/Frameworks/DataDetection.framework/Versions/A/DataDetection
0x00007ff913868000 	/System/Library/PrivateFrameworks/TextInput.framework/Versions/A/TextInput
0x00007ff815a1b000 	/System/Library/PrivateFrameworks/CVNLP.framework/Versions/A/CVNLP
0x00007ffa1689e000 	/System/Library/PrivateFrameworks/HIDDisplay.framework/Versions/A/HIDDisplay
0x00007ff8188e3000 	/usr/lib/libcups.2.dylib
0x00007ff81897c000 	/System/Library/Frameworks/Kerberos.framework/Versions/A/Kerberos
0x00007ff8185e0000 	/usr/lib/libresolv.9.dylib
0x00007ff815ee8000 	/System/Library/PrivateFrameworks/Heimdal.framework/Versions/A/Heimdal
0x00007ff821b5a000 	/System/Library/Frameworks/Kerberos.framework/Versions/A/Libraries/libHeimdalProxy.dylib
0x00007ff8189d4000 	/System/Library/PrivateFrameworks/CommonAuth.framework/Versions/A/CommonAuth
0x00007ff908726000 	/System/Library/PrivateFrameworks/AXCoreUtilities.framework/Versions/A/AXCoreUtilities
0x00007ff918896000 	/System/Library/PrivateFrameworks/AttributeGraph.framework/Versions/A/AttributeGraph
0x00007ffe0b0d3000 	/usr/lib/libAXSafeCategoryBundle.dylib
0x00007ffb1a675000 	/System/Library/Frameworks/TabularData.framework/Versions/A/TabularData
0x00007ffb20d28000 	/System/Library/PrivateFrameworks/ArgumentParserInternal.framework/Versions/A/ArgumentParserInternal
0x00007ff812d5e000 	/System/Library/Frameworks/Accelerate.framework/Versions/A/Frameworks/vecLib.framework/Versions/A/libvDSP.dylib
0x00007ff814456000 	/System/Library/Frameworks/Accelerate.framework/Versions/A/Frameworks/vecLib.framework/Versions/A/libLAPACK.dylib
0x00007ff813324000 	/System/Library/Frameworks/Accelerate.framework/Versions/A/Frameworks/vecLib.framework/Versions/A/libLinearAlgebra.dylib
0x00007ff81433d000 	/System/Library/Frameworks/Accelerate.framework/Versions/A/Frameworks/vecLib.framework/Versions/A/libSparseBLAS.dylib
0x00007ff814450000 	/System/Library/Frameworks/Accelerate.framework/Versions/A/Frameworks/vecLib.framework/Versions/A/libQuadrature.dylib
0x00007ff811c7e000 	/System/Library/Frameworks/Accelerate.framework/Versions/A/Frameworks/vecLib.framework/Versions/A/libBNNS.dylib
0x00007ff804f01000 	/System/Library/Frameworks/Accelerate.framework/Versions/A/Frameworks/vecLib.framework/Versions/A/libSparse.dylib
0x00007ffb13d1c000 	/System/Library/Frameworks/CoreTransferable.framework/Versions/A/CoreTransferable
0x00007ff818946000 	/System/Library/PrivateFrameworks/NetAuth.framework/Versions/A/NetAuth
0x00007ff80ec72000 	/System/Library/PrivateFrameworks/login.framework/Versions/A/Frameworks/loginsupport.framework/Versions/A/loginsupport
0x00007ff809860000 	/System/Library/PrivateFrameworks/UIFoundation.framework/Versions/A/UIFoundation
0x00007ff813294000 	/usr/lib/libCheckFix.dylib
0x00007ff80db9a000 	/System/Library/PrivateFrameworks/MetadataUtilities.framework/Versions/A/MetadataUtilities
0x00007ffc1a47f000 	/System/Library/PrivateFrameworks/InstalledContentLibrary.framework/Versions/A/InstalledContentLibrary
0x00007ff807eea000 	/System/Library/PrivateFrameworks/CoreServicesStore.framework/Versions/A/CoreServicesStore
0x00007ff80ead1000 	/usr/lib/libapp_launch_measurement.dylib
0x00007ffa03c2e000 	/System/Library/PrivateFrameworks/MobileSystemServices.framework/Versions/A/MobileSystemServices
0x00007ff8157a5000 	/usr/lib/libxslt.1.dylib
0x00007ff813257000 	/System/Library/PrivateFrameworks/BackgroundTaskManagement.framework/Versions/A/BackgroundTaskManagement
0x00007ff8212c6000 	/usr/lib/libcurl.4.dylib
0x00007ffe0befd000 	/usr/lib/libcrypto.46.dylib
0x00007ffe0caba000 	/usr/lib/libssl.48.dylib
0x00007ff820fa6000 	/System/Library/Frameworks/LDAP.framework/Versions/A/LDAP
0x00007ff820fe0000 	/System/Library/PrivateFrameworks/TrustEvaluationAgent.framework/Versions/A/TrustEvaluationAgent
0x00007ff8185fd000 	/usr/lib/libsasl2.2.dylib
0x00007ff9019e3000 	/System/Library/Frameworks/Cocoa.framework/Versions/A/Cocoa
0x00007ff808063000 	/System/Library/Frameworks/AppKit.framework/Versions/C/AppKit
0x00007ffc046e6000 	/System/Library/PrivateFrameworks/CollectionViewCore.framework/Versions/A/CollectionViewCore
0x00007ff8111bb000 	/System/Library/PrivateFrameworks/XCTTargetBootstrap.framework/Versions/A/XCTTargetBootstrap
0x00007ff8170f8000 	/System/Library/PrivateFrameworks/UserActivity.framework/Versions/A/UserActivity
0x00007ffc0dcb7000 	/System/Library/PrivateFrameworks/FrontBoard.framework/Versions/A/FrontBoard
0x00007ffd20f0f000 	/System/Library/PrivateFrameworks/UIIntelligenceSupport.framework/Versions/A/UIIntelligenceSupport
0x00007ffb197a0000 	/System/Library/Frameworks/SwiftUICore.framework/Versions/A/SwiftUICore
0x00007ffe072f1000 	/System/Library/PrivateFrameworks/WritingTools.framework/Versions/A/WritingTools
0x00007ffe06212000 	/System/Library/PrivateFrameworks/WindowManagement.framework/Versions/A/WindowManagement
0x00007ffc0da09000 	/System/Library/PrivateFrameworks/FocusEngine.framework/Versions/A/FocusEngine
0x00007ffc0b7cd000 	/System/Library/PrivateFrameworks/DesignLibrary.framework/Versions/A/DesignLibrary
0x00007ff8111a8000 	/System/Library/PrivateFrameworks/DFRFoundation.framework/Versions/A/DFRFoundation
0x00007ffe01bd9000 	/System/Library/PrivateFrameworks/UpdateCycle.framework/Versions/A/UpdateCycle
0x00007ff810ecb000 	/System/Library/Frameworks/Carbon.framework/Versions/A/Frameworks/HIToolbox.framework/Versions/A/HIToolbox
0x00007ff81c89b000 	/System/Library/Frameworks/Carbon.framework/Versions/A/Frameworks/SpeechRecognition.framework/Versions/A/SpeechRecognition
0x00007ff80ea5d000 	/System/Library/PrivateFrameworks/PerformanceAnalysis.framework/Versions/A/PerformanceAnalysis
0x00007ff81cc31000 	/System/Library/Frameworks/Accessibility.framework/Versions/A/Accessibility
0x00007ffb1a65c000 	/System/Library/Frameworks/Symbols.framework/Versions/A/Symbols
0x00007ffc16b3a000 	/System/Library/PrivateFrameworks/Gestures.framework/Versions/A/Gestures
0x00007ffe0ce64000 	/usr/lib/swift/libswiftSpatial.dylib
0x00007ff90c945000 	/usr/lib/swift/libswiftCoreGraphics.dylib
0x00007ff81d640000 	/usr/lib/swift/libswiftFoundation.dylib
0x00007ffb0732e000 	/usr/lib/swift/libswiftSwiftOnoneSupport.dylib
0x00007ffe0d0fe000 	/usr/lib/swift/libswiftsys_time.dylib
0x00007ffa122fa000 	/System/Library/PrivateFrameworks/CoreMaterial.framework/Versions/A/CoreMaterial
0x00007ffe0b56c000 	/usr/lib/libSpatial.dylib
0x00007ffe0afeb000 	/System/Library/SubFrameworks/UIUtilities.framework/Versions/A/UIUtilities
0x00000001065af000 	/Library/Java/JavaVirtualMachines/zulu-17.jdk/Contents/Home/lib/server/libjvm.dylib
0x00000001054a0000 	/Library/Java/JavaVirtualMachines/zulu-17.jdk/Contents/Home/lib/libjimage.dylib
0x00000001054c3000 	/Library/Java/JavaVirtualMachines/zulu-17.jdk/Contents/Home/lib/libinstrument.dylib
0x0000000105505000 	/Library/Java/JavaVirtualMachines/zulu-17.jdk/Contents/Home/lib/libjava.dylib
0x0000000105db7000 	/Library/Java/JavaVirtualMachines/zulu-17.jdk/Contents/Home/lib/libzip.dylib
0x0000000105de6000 	/Library/Java/JavaVirtualMachines/zulu-17.jdk/Contents/Home/lib/libnio.dylib
0x0000000105e20000 	/Library/Java/JavaVirtualMachines/zulu-17.jdk/Contents/Home/lib/libnet.dylib
0x0000000105dcb000 	/Library/Java/JavaVirtualMachines/zulu-17.jdk/Contents/Home/lib/libverify.dylib
0x00000001054ef000 	/Users/macbook/.gradle/native/1def1411415f61bf3af743bc5b6707747c0891f09f0c88961ee8f79bc544acac/osx-amd64/libnative-platform.dylib
0x0000000105eae000 	/Users/macbook/.gradle/native/0.2.7/x86_64-macos/libgradle-fileevents.dylib
0x0000000105e02000 	/Library/Java/JavaVirtualMachines/zulu-17.jdk/Contents/Home/lib/libmanagement.dylib
0x0000000105e40000 	/Library/Java/JavaVirtualMachines/zulu-17.jdk/Contents/Home/lib/libmanagement_ext.dylib
0x0000000105e50000 	/Library/Java/JavaVirtualMachines/zulu-17.jdk/Contents/Home/lib/libextnet.dylib
0x0000000105e60000 	/Library/Java/JavaVirtualMachines/zulu-17.jdk/Contents/Home/lib/librmi.dylib


VM Arguments:
jvm_args: --add-opens=java.base/java.lang=ALL-UNNAMED --add-opens=java.base/java.lang.invoke=ALL-UNNAMED --add-opens=java.base/java.util=ALL-UNNAMED --add-opens=java.prefs/java.util.prefs=ALL-UNNAMED --add-exports=jdk.compiler/com.sun.tools.javac.api=ALL-UNNAMED --add-exports=jdk.compiler/com.sun.tools.javac.util=ALL-UNNAMED --add-opens=java.base/java.util=ALL-UNNAMED --add-opens=java.prefs/java.util.prefs=ALL-UNNAMED --add-opens=java.base/java.nio.charset=ALL-UNNAMED --add-opens=java.base/java.net=ALL-UNNAMED --add-opens=java.base/java.util.concurrent.atomic=ALL-UNNAMED --add-opens=java.xml/javax.xml.namespace=ALL-UNNAMED -XX:MaxMetaspaceSize=1024m -XX:+HeapDumpOnOutOfMemoryError -XX:+UseSerialGC -XX:MaxHeapFreeRatio=70 -Xmx2048m -Dfile.encoding=UTF-8 -Duser.country=US -Duser.language=en -Duser.variant -javaagent:/Users/macbook/.gradle/wrapper/dists/gradle-8.13-bin/5xuhj0ry160q40clulazy9h7d/gradle-8.13/lib/agents/gradle-instrumentation-agent-8.13.jar 
java_command: org.gradle.launcher.daemon.bootstrap.GradleDaemon 8.13
java_class_path (initial): /Users/macbook/.gradle/wrapper/dists/gradle-8.13-bin/5xuhj0ry160q40clulazy9h7d/gradle-8.13/lib/gradle-daemon-main-8.13.jar
Launcher Type: SUN_STANDARD

[Global flags]
     intx CICompilerCount                          = 4                                         {product} {ergonomic}
   size_t CompressedClassSpaceSize                 = 872415232                                 {product} {ergonomic}
     bool HeapDumpOnOutOfMemoryError               = true                                   {manageable} {command line}
   size_t InitialHeapSize                          = 268435456                                 {product} {ergonomic}
    uintx MaxHeapFreeRatio                         = 70                                     {manageable} {command line}
   size_t MaxHeapSize                              = 2147483648                                {product} {command line}
   size_t MaxMetaspaceSize                         = 1073741824                                {product} {command line}
   size_t MaxNewSize                               = 715784192                                 {product} {ergonomic}
   size_t MinHeapDeltaBytes                        = 196608                                    {product} {ergonomic}
   size_t MinHeapSize                              = 8388608                                   {product} {ergonomic}
   size_t NewSize                                  = 89456640                                  {product} {ergonomic}
    uintx NonNMethodCodeHeapSize                   = 5839372                                {pd product} {ergonomic}
    uintx NonProfiledCodeHeapSize                  = 122909434                              {pd product} {ergonomic}
   size_t OldSize                                  = 178978816                                 {product} {ergonomic}
    uintx ProfiledCodeHeapSize                     = 122909434                              {pd product} {ergonomic}
    uintx ReservedCodeCacheSize                    = 251658240                              {pd product} {ergonomic}
     bool SegmentedCodeCache                       = true                                      {product} {ergonomic}
   size_t SoftMaxHeapSize                          = 2147483648                             {manageable} {ergonomic}
     bool UseCompressedClassPointers               = true                           {product lp64_product} {ergonomic}
     bool UseCompressedOops                        = true                           {product lp64_product} {ergonomic}
     bool UseNUMA                                  = false                                     {product} {ergonomic}
     bool UseNUMAInterleaving                      = false                                     {product} {ergonomic}
     bool UseSerialGC                              = true                                      {product} {command line}

Logging:
Log output configuration:
 #0: stdout all=warning uptime,level,tags
 #1: stderr all=off uptime,level,tags

Environment Variables:
JAVA_HOME=/Library/Java/JavaVirtualMachines/zulu-17.jdk/Contents/Home
PATH=/var/folders/fl/b3xdcrns4d5055k9vfj459nm0000gn/T/yarn--1788966893134-0.338300638750447:/Users/macbook/projects/Alse/node_modules/.bin:/Users/macbook/.config/yarn/link/node_modules/.bin:/Users/macbook/.nvm/versions/node/v22.23.2/libexec/lib/node_modules/npm/bin/node-gyp-bin:/Users/macbook/.nvm/versions/node/v22.23.2/lib/node_modules/npm/bin/node-gyp-bin:/Users/macbook/.nvm/versions/node/v22.23.2/bin/node_modules/npm/bin/node-gyp-bin:/Users/macbook/.pyenv/shims:/Users/macbook/.pyenv/bin:/Users/macbook/.opencode/bin:/Users/macbook/.bun/bin:/Users/macbook/.nvm/versions/node/v22.23.2/bin:/Users/macbook/.antigravity/antigravity/bin:/Applications/Postgres.app/Contents/Versions/latest/bin:/Users/macbook/.local/bin:/usr/local/bin:/System/Cryptexes/App/usr/bin:/usr/bin:/bin:/usr/sbin:/sbin:/var/run/com.apple.security.cryptexd/codex.system/bootstrap/usr/local/bin:/var/run/com.apple.security.cryptexd/codex.system/bootstrap/usr/bin:/var/run/com.apple.security.cryptexd/codex.system/bootstrap/usr/appleinternal/bin:/pkg/env/global/bin:/Library/Apple/usr/bin:/usr/local/share/dotnet:~/.dotnet/tools:/Applications/Postgres.app/Contents/Versions/latest/bin:/Users/macbook/Library/Android/sdk/emulator:/Users/macbook/Library/Android/sdk/platform-tools:/Users/macbook/.maestro/bin
SHELL=/bin/zsh
LANG=en_US.UTF-8
TERM=xterm-256color
TMPDIR=/var/folders/fl/b3xdcrns4d5055k9vfj459nm0000gn/T/

Active Locale:
LC_ALL=en_US.UTF-8
LC_COLLATE=en_US.UTF-8
LC_CTYPE=en_US.UTF-8
LC_MESSAGES=en_US.UTF-8
LC_MONETARY=en_US.UTF-8
LC_NUMERIC=en_US.UTF-8
LC_TIME=en_US.UTF-8

Signal Handlers:
   SIGSEGV: crash_handler in libjvm.dylib, mask=11100110000111110111111111111111, flags=SA_RESTART|SA_SIGINFO, unblocked
    SIGBUS: crash_handler in libjvm.dylib, mask=11100110000111110111111111111111, flags=SA_RESTART|SA_SIGINFO, unblocked
    SIGFPE: crash_handler in libjvm.dylib, mask=11100110000111110111111111111111, flags=SA_RESTART|SA_SIGINFO, unblocked
   SIGPIPE: javaSignalHandler in libjvm.dylib, mask=11100110000111110111111111111111, flags=SA_RESTART|SA_SIGINFO, blocked
   SIGXFSZ: javaSignalHandler in libjvm.dylib, mask=11100110000111110111111111111111, flags=SA_RESTART|SA_SIGINFO, blocked
    SIGILL: crash_handler in libjvm.dylib, mask=11100110000111110111111111111111, flags=SA_RESTART|SA_SIGINFO, unblocked
   SIGUSR2: SR_handler in libjvm.dylib, mask=00100000000000000000000000000000, flags=SA_RESTART|SA_SIGINFO, blocked
    SIGHUP: UserHandler in libjvm.dylib, mask=11100110000111110111111111111111, flags=SA_RESTART|SA_SIGINFO, blocked
    SIGINT: UserHandler in libjvm.dylib, mask=11100110000111110111111111111111, flags=SA_RESTART|SA_SIGINFO, blocked
   SIGTERM: UserHandler in libjvm.dylib, mask=11100110000111110111111111111111, flags=SA_RESTART|SA_SIGINFO, blocked
   SIGQUIT: UserHandler in libjvm.dylib, mask=11100110000111110111111111111111, flags=SA_RESTART|SA_SIGINFO, blocked
   SIGTRAP: crash_handler in libjvm.dylib, mask=11100110000111110111111111111111, flags=SA_RESTART|SA_SIGINFO, unblocked


Periodic native trim disabled


---------------  S Y S T E M  ---------------

OS:
uname: Darwin 25.5.0 Darwin Kernel Version 25.5.0: Tue Jun  9 22:26:23 PDT 2026; root:xnu-12377.121.10~1/RELEASE_X86_64 x86_64
OS uptime: 1 days 4:59 hours
rlimit (soft/hard): STACK 8192k/65532k , CORE 0k/infinity , NPROC 2784/4176 , NOFILE 1048576/infinity , AS infinity/infinity , CPU infinity/infinity , DATA infinity/infinity , FSIZE infinity/infinity , MEMLOCK infinity/infinity , RSS infinity/infinity
load average: 3.34 4.15 4.39

CPU: total 12 (initial active 12) (6 cores per cpu, 2 threads per core) family 6 model 158 stepping 10 microcode 0xfa, cx8, cmov, fxsr, ht, mmx, 3dnowpref, sse, sse2, sse3, ssse3, sse4.1, sse4.2, popcnt, lzcnt, tsc, tscinvbit, avx, avx2, aes, erms, clmul, bmi1, bmi2, adx, fma, vzeroupper, clflush, clflushopt
machdep.cpu.brand_string:Intel(R) Core(TM) i7-9750H CPU @ 2.60GHz
hw.cpufrequency:2600000000
hw.cpufrequency_min:2600000000
hw.cpufrequency_max:2600000000
hw.cachelinesize:64
hw.l1icachesize:32768
hw.l1dcachesize:32768
hw.l2cachesize:262144
hw.l3cachesize:12582912

Memory: 4k page, physical 16777216k(83024k free), swap 7340032k(1562368k free)

vm_info: OpenJDK 64-Bit Server VM (17.0.16+8-LTS) for bsd-amd64 JRE (17.0.16+8-LTS) (Zulu17.60+17-CA), built on Jun 30 2025 10:41:51 by "zulu_re" with clang Apple LLVM 12.0.5 (clang-1205.0.22.11)

END.
