#
# A fatal error has been detected by the Java Runtime Environment:
#
#  SIGSEGV (0xb) at pc=0x0000000110138dba, pid=43831, tid=14083
#
# JRE version: OpenJDK Runtime Environment Zulu17.60+17-CA (17.0.16+8) (build 17.0.16+8-LTS)
# Java VM: OpenJDK 64-Bit Server VM Zulu17.60+17-CA (17.0.16+8-LTS, mixed mode, sharing, tiered, compressed oops, compressed class ptrs, serial gc, bsd-amd64)
# Problematic frame:
# V  [libjvm.dylib+0x81adba]  markWord::displaced_mark_helper() const+0x4a
#
# No core dump will be written. Core dumps have been disabled. To enable core dumping, try "ulimit -c unlimited" before starting Java again
#
# If you would like to submit a bug report, please visit:
#   http://www.azul.com/support/
#

---------------  S U M M A R Y ------------

Command Line: --add-opens=java.base/java.lang=ALL-UNNAMED --add-opens=java.base/java.lang.invoke=ALL-UNNAMED --add-opens=java.base/java.util=ALL-UNNAMED --add-opens=java.prefs/java.util.prefs=ALL-UNNAMED --add-exports=jdk.compiler/com.sun.tools.javac.api=ALL-UNNAMED --add-exports=jdk.compiler/com.sun.tools.javac.util=ALL-UNNAMED --add-opens=java.base/java.util=ALL-UNNAMED --add-opens=java.prefs/java.util.prefs=ALL-UNNAMED --add-opens=java.base/java.nio.charset=ALL-UNNAMED --add-opens=java.base/java.net=ALL-UNNAMED --add-opens=java.base/java.util.concurrent.atomic=ALL-UNNAMED --add-opens=java.xml/javax.xml.namespace=ALL-UNNAMED -XX:MaxMetaspaceSize=1024m -XX:+HeapDumpOnOutOfMemoryError -XX:+UseSerialGC -XX:MaxHeapFreeRatio=70 -Xmx2048m -Dfile.encoding=UTF-8 -Duser.country=US -Duser.language=en -Duser.variant -javaagent:/var/folders/fl/b3xdcrns4d5055k9vfj459nm0000gn/T/cursor-sandbox-cache/ed5b8ac86e8f5bd265d87730eb3350a3/gradle/wrapper/dists/gradle-8.13-bin/5xuhj0ry160q40clulazy9h7d/gradle-8.13/lib/agents/gradle-instrumentation-agent-8.13.jar org.gradle.launcher.daemon.bootstrap.GradleDaemon 8.13

Host: "MacBookPro16,1" x86_64 2600 MHz, 12 cores, 16G, Darwin 25.6.0, macOS 26.6.2 (25G83)
Time: Thu Sep 17 18:18:54 2026 PKT elapsed time: 1333.517738 seconds (0d 0h 22m 13s)

---------------  T H R E A D  ---------------

Current thread (0x00007fafc9d0eef0):  VMThread "VM Thread" [stack: 0x0000700002bd7000,0x0000700002cd7000] [id=14083]

Stack: [0x0000700002bd7000,0x0000700002cd7000],  sp=0x0000700002cd6120,  free space=1020k
Native frames: (J=compiled Java code, j=interpreted, Vv=VM code, C=native code)
V  [libjvm.dylib+0x81adba]  markWord::displaced_mark_helper() const+0x4a
V  [libjvm.dylib+0x36aa47]  DefNewGeneration::copy_to_survivor_space(oopDesc*)+0x87
V  [libjvm.dylib+0x36b7a4]  void OopOopIterateDispatch<DefNewScanClosure>::Table::oop_oop_iterate<InstanceKlass, narrowOop>(DefNewScanClosure*, oopDesc*, Klass*)+0xf4
V  [libjvm.dylib+0x36b5b2]  void ContiguousSpace::oop_since_save_marks_iterate<DefNewScanClosure>(DefNewScanClosure*)+0xa2
V  [libjvm.dylib+0x36834a]  void SerialHeap::oop_since_save_marks_iterate<DefNewScanClosure, DefNewYoungerGenClosure>(DefNewScanClosure*, DefNewYoungerGenClosure*)+0x3a
V  [libjvm.dylib+0x369b2e]  DefNewGeneration::collect(bool, bool, unsigned long, bool)+0x39e
V  [libjvm.dylib+0x4953a9]  GenCollectedHeap::collect_generation(Generation*, bool, unsigned long, bool, bool, bool, bool)+0x329
V  [libjvm.dylib+0x4959dd]  GenCollectedHeap::do_collection(bool, bool, unsigned long, bool, GenCollectedHeap::GenerationType)+0x4dd
V  [libjvm.dylib+0x4961fd]  GenCollectedHeap::satisfy_failed_allocation(unsigned long, bool)+0x10d
V  [libjvm.dylib+0x48d5ae]  VM_GenCollectForAllocation::doit()+0x4e
V  [libjvm.dylib+0xb13ca0]  VM_Operation::evaluate()+0xd0
V  [libjvm.dylib+0xb253c5]  VMThread::evaluate_operation(VM_Operation*)+0x105
V  [libjvm.dylib+0xb25ce6]  VMThread::inner_execute(VM_Operation*)+0x1f6
V  [libjvm.dylib+0xb2508a]  VMThread::run()+0xca
V  [libjvm.dylib+0xa95c17]  Thread::call_run()+0xa7
V  [libjvm.dylib+0x8adb18]  thread_native_entry(Thread*)+0x148
C  [libsystem_pthread.dylib+0x5d49]  _pthread_start+0x73
C  [libsystem_pthread.dylib+0x182f]  thread_start+0xf


siginfo: si_signo: 11 (SIGSEGV), si_code: 1 (SEGV_MAPERR), si_addr: 0x0000000000000020

Registers:
RAX=0x0000000000000020, RBX=0x0000000000000005, RCX=0x0000000000000000, RDX=0x000000011063f1f0
RSP=0x0000700002cd6120, RBP=0x0000700002cd6130, RSI=0x00000007a8baa3b0, RDI=0x0000700002cd6148
R8 =0x0000000000000020, R9 =0x00007fafc9d0c778, R10=0x0000000000000000, R11=0xfffffffffd0415e0
R12=0x00000007a8baa3b0, R13=0x000000011063f1e0, R14=0x00007fafc9a0b830, R15=0x00000001291b2ae0
RIP=0x0000000110138dba, EFLAGS=0x0000000000010246, ERR=0x0000000000000004
  TRAPNO=0x000000000000000e


Register to memory mapping:

RAX=0x0000000000000020 is an unknown value
RBX=0x0000000000000005 is an unknown value
RCX=0x0 is NULL
RDX=0x000000011063f1f0: _ZN23CompressedKlassPointers13_narrow_klassE+0 in /Library/Java/JavaVirtualMachines/zulu-17.jdk/Contents/Home/lib/server/libjvm.dylib at 0x000000010f91e000
RSP=0x0000700002cd6120 points into unknown readable memory: 0x0000000000000020 | 20 00 00 00 00 00 00 00
RBP=0x0000700002cd6130 points into unknown readable memory: 0x0000700002cd6170 | 70 61 cd 02 00 70 00 00
RSI=0x00000007a8baa3b0 is an oop: java.util.TreeMap$Entry 
{0x00000007a8baa3b0} - klass: 'java/util/TreeMap$Entry'
 - ---- fields (total size 5 words):
 - 'color' 'Z' @12  true
 - 'key' 'Ljava/lang/Object;' @16  "org/gradle/testing/jacoco/plugins/JacocoTaskExtension"{0x00000007b7532a68} (f6ea654d)
 - 'value' 'Ljava/lang/Object;' @20  a 'java/util/TreeSet'{0x00000007a8bfdcf0} (f517fb9e)
 - 'left' 'Ljava/util/TreeMap$Entry;' @24  NULL (0)
 - 'right' 'Ljava/util/TreeMap$Entry;' @28  NULL (0)
 - 'parent' 'Ljava/util/TreeMap$Entry;' @32  a 'java/util/TreeMap$Entry'{0x00000007a8b37700} (f5166ee0)
RDI=0x0000700002cd6148 points into unknown readable memory: 0x0000000000000020 | 20 00 00 00 00 00 00 00
R8 =0x0000000000000020 is an unknown value
R9 =0x00007fafc9d0c778 points into unknown readable memory: 0x0000000000000000 | 00 00 00 00 00 00 00 00
R10=0x0 is NULL
R11=0xfffffffffd0415e0 is an unknown value
R12=0x00000007a8baa3b0 is an oop: java.util.TreeMap$Entry 
{0x00000007a8baa3b0} - klass: 'java/util/TreeMap$Entry'
 - ---- fields (total size 5 words):
 - 'color' 'Z' @12  true
 - 'key' 'Ljava/lang/Object;' @16  "org/gradle/testing/jacoco/plugins/JacocoTaskExtension"{0x00000007b7532a68} (f6ea654d)
 - 'value' 'Ljava/lang/Object;' @20  a 'java/util/TreeSet'{0x00000007a8bfdcf0} (f517fb9e)
 - 'left' 'Ljava/util/TreeMap$Entry;' @24  NULL (0)
 - 'right' 'Ljava/util/TreeMap$Entry;' @28  NULL (0)
 - 'parent' 'Ljava/util/TreeMap$Entry;' @32  a 'java/util/TreeMap$Entry'{0x00000007a8b37700} (f5166ee0)
R13=0x000000011063f1e0: _ZN14CompressedOops11_narrow_oopE+0 in /Library/Java/JavaVirtualMachines/zulu-17.jdk/Contents/Home/lib/server/libjvm.dylib at 0x000000010f91e000
R14=0x00007fafc9a0b830 points into unknown readable memory: 0x0000000110614ea0 | a0 4e 61 10 01 00 00 00
R15=0x00000001291b2ae0 is pointing into metadata


Top of Stack: (sp=0x0000700002cd6120)
0x0000700002cd6120:   0000000000000020 0000000000000005
0x0000700002cd6130:   0000700002cd6170 000000010fc88a47
0x0000700002cd6140:   0000700002cd6180 0000000000000020
0x0000700002cd6150:   0000700002cd63c8 00000007a50f8dec
0x0000700002cd6160:   00000007a50f8de0 00000001291b2ae0
0x0000700002cd6170:   0000700002cd61c0 000000010fc897a4
0x0000700002cd6180:   0000700002cd61c0 00000001291b2ae8
0x0000700002cd6190:   00000007a50f8dc8 0000000000000005
0x0000700002cd61a0:   00000007a50f8dc8 00000001291b2898
0x0000700002cd61b0:   0000000000000240 00000007a50f8ee0
0x0000700002cd61c0:   0000700002cd6210 000000010fc895b2
0x0000700002cd61d0:   0000700002cd6210 0000700002cd63c8
0x0000700002cd61e0:   00007fafc9a0c310 00007fafc9a0b830
0x0000700002cd61f0:   0000700002cd63c8 0000700002cd6290
0x0000700002cd6200:   00007fafc9a0ae40 0000700002cd63c8
0x0000700002cd6210:   0000700002cd6260 000000010fc8634a
0x0000700002cd6220:   0000700002cd6390 000000010fc88cf6
0x0000700002cd6230:   0000000110614ea0 0000700002cd6390
0x0000700002cd6240:   0000700002cd63c8 0000700002cd6290
0x0000700002cd6250:   00007fafc9a0ae40 00007fafc9a0b830
0x0000700002cd6260:   0000700002cd65a0 000000010fc87b2e
0x0000700002cd6270:   0000000000000000 00000000000016cf
0x0000700002cd6280:   0000000000000000 000000000000000d
0x0000700002cd6290:   0000013600000000 0000032491af74de
0x0000700002cd62a0:   00000000ffffff00 00007fafc9a0b830
0x0000700002cd62b0:   0000700002cd6376 0000000000000001
0x0000700002cd62c0:   0000700002cd6460 00007ff806d3b4c0
0x0000700002cd62d0:   bff0000000000000 0000700002cd66d3
0x0000700002cd62e0:   000000ec00000000 bff00000ffff0208
0x0000700002cd62f0:   0000700002cd66c0 3fdc60bb000000ff
0x0000700002cd6300:   3f2626b2f23033a4 3f7afc04c8bc9cd4
0x0000700002cd6310:   bff0000000000000 bff0000000000000 

Instructions: (pc=0x0000000110138dba)
0x0000000110138cba:   48 8d 3d 7f db ff ff 48 89 da e8 53 fb 36 00 48
0x0000000110138cca:   c7 05 04 57 54 00 00 00 00 00 48 8d 05 45 e7 4e
0x0000000110138cda:   00 48 89 05 ee 56 54 00 48 c7 05 fb 56 54 00 00
0x0000000110138cea:   00 00 00 48 8d 05 ec 56 54 00 48 8d 0d a5 e6 4e
0x0000000110138cfa:   00 48 89 0d de 56 54 00 48 8d 0d 2f 51 4e 00 48
0x0000000110138d0a:   83 c1 10 48 89 0d dc 56 54 00 48 89 05 dd 56 54
0x0000000110138d1a:   00 c7 05 db 56 54 00 03 00 00 00 48 89 0d dc 56
0x0000000110138d2a:   54 00 48 8d 05 ed 56 54 00 48 89 05 d6 56 54 00
0x0000000110138d3a:   c7 05 d4 56 54 00 03 00 00 00 48 c7 05 d9 56 54
0x0000000110138d4a:   00 00 00 00 00 48 8d 05 8a e6 4e 00 48 89 05 c3
0x0000000110138d5a:   56 54 00 48 83 c4 08 5b 41 5e 41 5f 5d c3 90 90
0x0000000110138d6a:   90 90 90 90 90 90 55 48 89 e5 53 50 4c 8b 07 41
0x0000000110138d7a:   f6 c0 02 75 37 41 f6 c0 03 74 35 48 89 fb 48 8d
0x0000000110138d8a:   35 22 52 3c 00 48 8d 0d 3f 52 3c 00 bf 00 00 00
0x0000000110138d9a:   e0 ba 2b 00 00 00 31 c0 e8 69 77 b4 ff e8 94 28
0x0000000110138daa:   09 00 48 8b 03 48 83 c4 08 5b 5d c3 49 83 f0 02
0x0000000110138dba:   49 8b 00 48 83 c4 08 5b 5d c3 66 2e 0f 1f 84 00
0x0000000110138dca:   00 00 00 00 66 90 55 48 89 e5 4c 8b 07 41 f6 c0
0x0000000110138dda:   02 75 2b 41 f6 c0 03 74 29 48 8d 35 c7 51 3c 00
0x0000000110138dea:   48 8d 0d e4 51 3c 00 bf 00 00 00 e0 ba 3d 00 00
0x0000000110138dfa:   00 31 c0 e8 0e 77 b4 ff 5d e9 38 28 09 00 49 83
0x0000000110138e0a:   f0 02 49 89 30 5d c3 66 2e 0f 1f 84 00 00 00 00
0x0000000110138e1a:   00 0f 1f 44 00 00 55 48 89 e5 41 57 41 56 53 50
0x0000000110138e2a:   89 d3 49 89 f6 48 8b 17 89 d0 83 e0 03 48 83 f8
0x0000000110138e3a:   03 75 1b 48 8d 35 a5 51 3c 00 4c 89 f7 31 c0 48
0x0000000110138e4a:   83 c4 08 5b 41 5e 41 5f 5d e9 48 b5 09 00 49 89
0x0000000110138e5a:   ff f6 c2 02 75 7a 83 f8 01 0f 85 a1 00 00 00 48
0x0000000110138e6a:   8d 35 d3 51 3c 00 4c 89 f7 31 c0 e8 26 b5 09 00
0x0000000110138e7a:   49 8b 07 83 e0 07 48 83 f8 05 0f 84 b2 00 00 00
0x0000000110138e8a:   83 f8 01 0f 85 e0 00 00 00 48 8d 35 b0 51 3c 00
0x0000000110138e9a:   4c 89 f7 31 c0 e8 fc b4 09 00 49 8b 17 48 b8 00
0x0000000110138eaa:   ff ff ff 7f 00 00 00 48 85 c2 0f 84 c2 00 00 00 


Stack slot to memory mapping:
stack at sp + 0 slots: 0x0000000000000020 is an unknown value
stack at sp + 1 slots: 0x0000000000000005 is an unknown value
stack at sp + 2 slots: 0x0000700002cd6170 points into unknown readable memory: 0x0000700002cd61c0 | c0 61 cd 02 00 70 00 00
stack at sp + 3 slots: 0x000000010fc88a47: _ZN16DefNewGeneration22copy_to_survivor_spaceEP7oopDesc+0x87 in /Library/Java/JavaVirtualMachines/zulu-17.jdk/Contents/Home/lib/server/libjvm.dylib at 0x000000010f91e000
stack at sp + 4 slots: 0x0000700002cd6180 points into unknown readable memory: 0x0000700002cd61c0 | c0 61 cd 02 00 70 00 00
stack at sp + 5 slots: 0x0000000000000020 is an unknown value
stack at sp + 6 slots: 0x0000700002cd63c8 points into unknown readable memory: 0x0000000110615140 | 40 51 61 10 01 00 00 00
stack at sp + 7 slots: 0x00000007a50f8dec is pointing into object: java.util.TreeMap$Entry 
{0x00000007a50f8dc8} - klass: 'java/util/TreeMap$Entry'
 - ---- fields (total size 5 words):
 - 'color' 'Z' @12  true
 - 'key' 'Ljava/lang/Object;' @16  "org/gradle/tooling/BuildException"{0x00000007b752f470} (f6ea5e8e)
 - 'value' 'Ljava/lang/Object;' @20  a 'java/util/TreeSet'{0x00000007a50fa890} (f4a1f512)
 - 'left' 'Ljava/util/TreeMap$Entry;' @24  a 'java/util/TreeMap$Entry'{0x00000007a8baa3b0} (f5175476)
 - 'right' 'Ljava/util/TreeMap$Entry;' @28  a 'java/util/TreeMap$Entry'{0x00000007a8baa3d8} (f517547b)
 - 'parent' 'Ljava/util/TreeMap$Entry;' @32  a 'java/util/TreeMap$Entry'{0x00000007a8ab43c8} (f5156879)

VM_Operation (0x0000700003b01d38): GenCollectForAllocation, mode: safepoint, requested by thread 0x00007fafca83c200


---------------  P R O C E S S  ---------------

Threads class SMR info:
_java_thread_list=0x00007fafd69c3d70, length=67, elements={
0x00007fafcb808a00, 0x00007fafca011400, 0x00007fafca00f200, 0x00007fafca015c00,
0x00007fafc9008200, 0x00007fafc901ae00, 0x00007fafc901b400, 0x00007fafc9021600,
0x00007fafc9029c00, 0x00007fafcc016600, 0x00007fafca016200, 0x00007fafca83c200,
0x00007fafcb32a000, 0x00007fafcaa0b400, 0x00007fafcb1b8e00, 0x00007fafcb1b9400,
0x00007fafcc3eaa00, 0x00007fafca2b5200, 0x00007fafcc2d7600, 0x00007fafcbc51800,
0x00007fafcbb45e00, 0x00007fafca9a0600, 0x00007fafcaa4f000, 0x00007fafc91e0400,
0x00007fafcb86c600, 0x00007fafc942d400, 0x00007fafcb7ff200, 0x00007fafcc078800,
0x00007fafc96e4a00, 0x00007fafd2a8ac00, 0x00007fafd0db2a00, 0x00007fafd40c5e00,
0x00007fafcbe05000, 0x00007fafd3b1ba00, 0x00007fafd0e37600, 0x00007fafcbdc1400,
0x00007fafc916ba00, 0x00007fafd19c1a00, 0x00007fafcb5eac00, 0x00007fafd28e1400,
0x00007fafcb880e00, 0x00007fafd187a000, 0x00007fafc909d000, 0x00007fafd3f85c00,
0x00007fafd2a52400, 0x00007fafd3f7e000, 0x00007fafd3e9b800, 0x00007fafd7333400,
0x00007fafd3ad4c00, 0x00007fafd3b34200, 0x00007fafd3976a00, 0x00007fafd1d52e00,
0x00007fafca046800, 0x00007fafd1e71400, 0x00007fafd19ee000, 0x00007fafd1c14000,
0x00007fafd3c19e00, 0x00007fafd3b90400, 0x00007fafcc6da000, 0x00007fafcb5e1400,
0x00007fafd3b32600, 0x00007fafd0d62a00, 0x00007fafd28af400, 0x00007fafc91cf600,
0x00007fafbe996600, 0x00007fafd3a43600, 0x00007fafcb297e00
}

Java Threads: ( => current thread )
  0x00007fafcb808a00 JavaThread "main" [_thread_blocked, id=8451, stack(0x0000700002ad4000,0x0000700002bd4000)]
  0x00007fafca011400 JavaThread "Reference Handler" daemon [_thread_blocked, id=17923, stack(0x0000700002cda000,0x0000700002dda000)]
  0x00007fafca00f200 JavaThread "Finalizer" daemon [_thread_blocked, id=18179, stack(0x0000700002ddd000,0x0000700002edd000)]
  0x00007fafca015c00 JavaThread "Signal Dispatcher" daemon [_thread_blocked, id=23299, stack(0x0000700002fe6000,0x00007000030e6000)]
  0x00007fafc9008200 JavaThread "Service Thread" daemon [_thread_blocked, id=30979, stack(0x00007000030e9000,0x00007000031e9000)]
  0x00007fafc901ae00 JavaThread "Monitor Deflation Thread" daemon [_thread_blocked, id=23811, stack(0x00007000031ec000,0x00007000032ec000)]
  0x00007fafc901b400 JavaThread "C2 CompilerThread0" daemon [_thread_blocked, id=24067, stack(0x00007000032ef000,0x00007000033ef000)]
  0x00007fafc9021600 JavaThread "C1 CompilerThread0" daemon [_thread_blocked, id=30211, stack(0x00007000033f2000,0x00007000034f2000)]
  0x00007fafc9029c00 JavaThread "Sweeper thread" daemon [_thread_blocked, id=29699, stack(0x00007000034f5000,0x00007000035f5000)]
  0x00007fafcc016600 JavaThread "Common-Cleaner" daemon [_thread_blocked, id=24579, stack(0x00007000035f8000,0x00007000036f8000)]
  0x00007fafca016200 JavaThread "Notification Thread" daemon [_thread_blocked, id=25091, stack(0x00007000036fb000,0x00007000037fb000)]
  0x00007fafca83c200 JavaThread "Daemon health stats" [_thread_blocked, id=29195, stack(0x0000700003a04000,0x0000700003b04000)]
  0x00007fafcb32a000 JavaThread "Incoming local TCP Connector on port 52979" [_thread_in_native, id=28931, stack(0x0000700003b07000,0x0000700003c07000)]
  0x00007fafcaa0b400 JavaThread "Daemon periodic checks" [_thread_blocked, id=26627, stack(0x0000700003c0a000,0x0000700003d0a000)]
  0x00007fafcb1b8e00 JavaThread "Daemon" [_thread_blocked, id=27139, stack(0x0000700003d0d000,0x0000700003e0d000)]
  0x00007fafcb1b9400 JavaThread "Handler for socket connection from /127.0.0.1:52979 to /127.0.0.1:52980" [_thread_in_native, id=27395, stack(0x0000700003e10000,0x0000700003f10000)]
  0x00007fafcc3eaa00 JavaThread "Cancel handler" [_thread_blocked, id=27651, stack(0x0000700003f13000,0x0000700004013000)]
  0x00007fafca2b5200 JavaThread "Daemon worker" [_thread_blocked, id=32771, stack(0x0000700004016000,0x0000700004116000)]
  0x00007fafcc2d7600 JavaThread "Asynchronous log dispatcher for DefaultDaemonConnection: socket connection from /127.0.0.1:52979 to /127.0.0.1:52980" [_thread_blocked, id=43011, stack(0x0000700004119000,0x0000700004219000)]
  0x00007fafcbc51800 JavaThread "Stdin handler" [_thread_blocked, id=33283, stack(0x000070000421c000,0x000070000431c000)]
  0x00007fafcbb45e00 JavaThread "Daemon client event forwarder" [_thread_blocked, id=42755, stack(0x000070000431f000,0x000070000441f000)]
  0x00007fafca9a0600 JavaThread "Cache worker for journal cache (/private/var/folders/fl/b3xdcrns4d5055k9vfj459nm0000gn/T/cursor-sandbox-cache/ed5b8ac86e8f5bd265d87730eb3350a3/gradle/caches/journal-1)" [_thread_blocked, id=42243, stack(0x0000700004422000,0x0000700004522000)]
  0x00007fafcaa4f000 JavaThread "File lock request listener" [_thread_in_native, id=41987, stack(0x0000700004525000,0x0000700004625000)]
  0x00007fafc91e0400 JavaThread "Cache worker for file hash cache (/private/var/folders/fl/b3xdcrns4d5055k9vfj459nm0000gn/T/cursor-sandbox-cache/ed5b8ac86e8f5bd265d87730eb3350a3/gradle/caches/8.13/fileHashes)" [_thread_blocked, id=34051, stack(0x0000700004628000,0x0000700004728000)]
  0x00007fafcb86c600 JavaThread "Cache worker for file hash cache (/Users/macbook/projects/Alse/android/.gradle/8.13/fileHashes)" [_thread_blocked, id=34307, stack(0x000070000472b000,0x000070000482b000)]
  0x00007fafc942d400 JavaThread "Cache worker for Build Output Cleanup Cache (/Users/macbook/projects/Alse/android/.gradle/buildOutputCleanup)" [_thread_blocked, id=34819, stack(0x000070000482e000,0x000070000492e000)]
  0x00007fafcb7ff200 JavaThread "File watcher server" daemon [_thread_in_native, id=35331, stack(0x0000700004a34000,0x0000700004b34000)]
  0x00007fafcc078800 JavaThread "File watcher consumer" daemon [_thread_blocked, id=35587, stack(0x0000700004b37000,0x0000700004c37000)]
  0x00007fafc96e4a00 JavaThread "jar transforms" [_thread_blocked, id=35843, stack(0x0000700004c3a000,0x0000700004d3a000)]
  0x00007fafd2a8ac00 JavaThread "Cache worker for checksums cache (/Users/macbook/projects/Alse/android/.gradle/8.13/checksums)" [_thread_blocked, id=36099, stack(0x0000700004d3d000,0x0000700004e3d000)]
  0x00007fafd0db2a00 JavaThread "Cache worker for file content cache (/private/var/folders/fl/b3xdcrns4d5055k9vfj459nm0000gn/T/cursor-sandbox-cache/ed5b8ac86e8f5bd265d87730eb3350a3/gradle/caches/8.13/fileContent)" [_thread_blocked, id=36355, stack(0x0000700004e40000,0x0000700004f40000)]
  0x00007fafd40c5e00 JavaThread "Cache worker for cache directory md-supplier (/private/var/folders/fl/b3xdcrns4d5055k9vfj459nm0000gn/T/cursor-sandbox-cache/ed5b8ac86e8f5bd265d87730eb3350a3/gradle/caches/8.13/md-supplier)" [_thread_blocked, id=39683, stack(0x0000700004f43000,0x0000700005043000)]
  0x00007fafcbe05000 JavaThread "Cache worker for cache directory md-rule (/private/var/folders/fl/b3xdcrns4d5055k9vfj459nm0000gn/T/cursor-sandbox-cache/ed5b8ac86e8f5bd265d87730eb3350a3/gradle/caches/8.13/md-rule)" [_thread_blocked, id=36867, stack(0x0000700005046000,0x0000700005146000)]
  0x00007fafd3b1ba00 JavaThread "Cache worker for Build Output Cleanup Cache (/Users/macbook/projects/Alse/node_modules/@react-native/gradle-plugin/.gradle/buildOutputCleanup)" [_thread_blocked, id=37123, stack(0x0000700005149000,0x0000700005249000)]
  0x00007fafd0e37600 JavaThread "Unconstrained build operations" [_thread_blocked, id=35107, stack(0x0000700004931000,0x0000700004a31000)]
  0x00007fafcbdc1400 JavaThread "Unconstrained build operations Thread 2" [_thread_blocked, id=38915, stack(0x000070000524c000,0x000070000534c000)]
  0x00007fafc916ba00 JavaThread "Unconstrained build operations Thread 3" [_thread_blocked, id=38659, stack(0x000070000534f000,0x000070000544f000)]
  0x00007fafd19c1a00 JavaThread "Kotlin DSL Writer" [_thread_blocked, id=43523, stack(0x0000700005555000,0x0000700005655000)]
  0x00007fafcb5eac00 JavaThread "Unconstrained build operations Thread 4" [_thread_blocked, id=43779, stack(0x0000700005658000,0x0000700005758000)]
  0x00007fafd28e1400 JavaThread "Unconstrained build operations Thread 5" [_thread_blocked, id=38439, stack(0x0000700005452000,0x0000700005552000)]
  0x00007fafcb880e00 JavaThread "Unconstrained build operations Thread 6" [_thread_blocked, id=44035, stack(0x000070000575b000,0x000070000585b000)]
  0x00007fafd187a000 JavaThread "Unconstrained build operations Thread 7" [_thread_blocked, id=26247, stack(0x0000700003901000,0x0000700003a01000)]
  0x00007fafc909d000 JavaThread "Unconstrained build operations Thread 8" [_thread_blocked, id=64771, stack(0x000070000585e000,0x000070000595e000)]
  0x00007fafd3f85c00 JavaThread "Unconstrained build operations Thread 9" [_thread_blocked, id=44803, stack(0x0000700005961000,0x0000700005a61000)]
  0x00007fafd2a52400 JavaThread "Unconstrained build operations Thread 10" [_thread_blocked, id=64259, stack(0x0000700005a64000,0x0000700005b64000)]
  0x00007fafd3f7e000 JavaThread "build event listener" [_thread_blocked, id=63747, stack(0x0000700005b67000,0x0000700005c67000)]
  0x00007fafd3e9b800 JavaThread "Memory manager" [_thread_blocked, id=45059, stack(0x0000700005c6a000,0x0000700005d6a000)]
  0x00007fafd7333400 JavaThread "Cache worker for execution history cache (/Users/macbook/projects/Alse/node_modules/@react-native/gradle-plugin/.gradle/8.13/executionHistory)" [_thread_blocked, id=49667, stack(0x0000700006c9a000,0x0000700006d9a000)]
  0x00007fafd3ad4c00 JavaThread "jar transforms Thread 2" [_thread_blocked, id=58371, stack(0x0000700006d9d000,0x0000700006e9d000)]
  0x00007fafd3b34200 JavaThread "jar transforms Thread 3" [_thread_blocked, id=58115, stack(0x0000700006ea0000,0x0000700006fa0000)]
  0x00007fafd3976a00 JavaThread "jar transforms Thread 4" [_thread_blocked, id=62475, stack(0x0000700006076000,0x0000700006176000)]
  0x00007fafd1d52e00 JavaThread "jar transforms Thread 5" [_thread_blocked, id=59911, stack(0x000070000688e000,0x000070000698e000)]
  0x00007fafca046800 JavaThread "jar transforms Thread 6" [_thread_blocked, id=49419, stack(0x0000700006991000,0x0000700006a91000)]
  0x00007fafd1e71400 JavaThread "Problems report writer" [_thread_blocked, id=48903, stack(0x0000700006a94000,0x0000700006b94000)]
  0x00007fafd19ee000 JavaThread "build event listener" [_thread_blocked, id=60175, stack(0x0000700006fa3000,0x00007000070a3000)]
  0x00007fafd1c14000 JavaThread "jar transforms Thread 7" [_thread_blocked, id=51203, stack(0x00007000070a6000,0x00007000071a6000)]
  0x00007fafd3c19e00 JavaThread "jar transforms Thread 8" [_thread_blocked, id=51715, stack(0x00007000071a9000,0x00007000072a9000)]
  0x00007fafd3b90400 JavaThread "jar transforms Thread 9" [_thread_blocked, id=57603, stack(0x00007000072ac000,0x00007000073ac000)]
  0x00007fafcc6da000 JavaThread "jar transforms Thread 10" [_thread_blocked, id=46351, stack(0x00007000073af000,0x00007000074af000)]
  0x00007fafcb5e1400 JavaThread "jar transforms Thread 11" [_thread_blocked, id=57091, stack(0x00007000074b2000,0x00007000075b2000)]
  0x00007fafd3b32600 JavaThread "jar transforms Thread 12" [_thread_blocked, id=59723, stack(0x0000700006482000,0x0000700006582000)]
  0x00007fafd0d62a00 JavaThread "process reaper" daemon [_thread_blocked, id=45347, stack(0x0000700005d6d000,0x0000700005d91000)]
  0x00007fafd28af400 JavaThread "Exec process Thread 4" [_thread_blocked, id=32275, stack(0x0000700005e97000,0x0000700005f97000)]
  0x00007fafc91cf600 JavaThread "Exec process Thread 5" [_thread_blocked, id=60715, stack(0x0000700006179000,0x0000700006279000)]
  0x00007fafbe996600 JavaThread "Exec process Thread 6" [_thread_blocked, id=61283, stack(0x000070000627c000,0x000070000637c000)]
  0x00007fafd3a43600 JavaThread "C2 CompilerThread1" daemon [_thread_blocked, id=18711, stack(0x0000700005d94000,0x0000700005e94000)]
  0x00007fafcb297e00 JavaThread "C2 CompilerThread2" daemon [_thread_in_native, id=47911, stack(0x000070000637f000,0x000070000647f000)]

Other Threads:
=>0x00007fafc9d0eef0 VMThread "VM Thread" [stack: 0x0000700002bd7000,0x0000700002cd7000] [id=14083]
  0x00007fafc9a15490 WatcherThread [stack: 0x00007000037fe000,0x00007000038fe000] [id=25603]

Threads with active compile tasks:
C2 CompilerThread0  1333581 47578   !   4       org.codehaus.groovy.ast.decompiled.AsmDecompiler::parseClass (144 bytes)
C2 CompilerThread2  1333581 47610       4       com.android.build.gradle.internal.cxx.settings.NameTable::environments (605 bytes)

VM state: at safepoint (normal execution)

VM Mutex/Monitor currently owned by a thread:  ([mutex/lock_event])
[0x00007fafc8f16b70] Threads_lock - owner thread: 0x00007fafc9d0eef0
[0x00007fafc8f17840] Heap_lock - owner thread: 0x00007fafca83c200

Heap address: 0x0000000780000000, size: 2048 MB, Compressed Oops mode: Zero based, Oop shift amount: 3

CDS archive(s) mapped at: [0x0000000129000000-0x0000000129bed000-0x0000000129bed000), size 12505088, SharedBaseAddress: 0x0000000129000000, ArchiveRelocationMode: 1.
Compressed class space mapped at: 0x000000012a000000-0x000000015e000000, reserved size: 872415232
Narrow klass base: 0x0000000129000000, Narrow klass shift: 0, Narrow klass range: 0x100000000

GC Precious Log:
 CPUs: 12 total, 12 available
 Memory: 16384M
 Large Page Support: Disabled
 NUMA Support: Disabled
 Compressed Oops: Enabled (Zero based)
 Heap Min Capacity: 8M
 Heap Initial Capacity: 256M
 Heap Max Capacity: 2G
 Pre-touch: Disabled

Heap:
 def new generation   total 629120K, used 599949K [0x0000000780000000, 0x00000007aaaa0000, 0x00000007aaaa0000)
  eden space 559232K, 100% used [0x0000000780000000, 0x00000007a2220000, 0x00000007a2220000)
  from space 69888K,  58% used [0x00000007a6660000, 0x00000007a8e23480, 0x00000007aaaa0000)
  to   space 69888K,  68% used [0x00000007a2220000, 0x00000007a50fa8a0, 0x00000007a6660000)
 tenured generation   total 1398144K, used 1192843K [0x00000007aaaa0000, 0x0000000800000000, 0x0000000800000000)
   the space 1398144K,  85% used [0x00000007aaaa0000, 0x00000007f3782ce8, 0x00000007f3782e00, 0x0000000800000000)
 Metaspace       used 225020K, committed 228032K, reserved 1114112K
  class space    used 28599K, committed 29888K, reserved 851968K

Card table byte_map: [0x000000010e8eb000,0x000000010ecec000] _byte_map_base: 0x000000010aceb000

Polling page: 0x0000000108625000

Metaspace:

Usage:
  Non-class:    191.82 MB used.
      Class:     27.93 MB used.
       Both:    219.75 MB used.

Virtual space:
  Non-class space:      256.00 MB reserved,     193.50 MB ( 76%) committed,  4 nodes.
      Class space:      832.00 MB reserved,      29.19 MB (  4%) committed,  1 nodes.
             Both:        1.06 GB reserved,     222.69 MB ( 20%) committed. 

Chunk freelists:
   Non-Class:  14.12 MB
       Class:  2.77 MB
        Both:  16.89 MB

MaxMetaspaceSize: 1.00 GB
CompressedClassSpaceSize: 832.00 MB
Initial GC threshold: 21.00 MB
Current GC threshold: 369.06 MB
CDS: on
MetaspaceReclaimPolicy: balanced
 - commit_granule_bytes: 65536.
 - commit_granule_words: 8192.
 - virtual_space_node_default_size: 8388608.
 - enlarge_chunks_in_place: 1.
 - new_chunks_are_fully_committed: 0.
 - uncommit_free_chunks: 1.
 - use_allocation_guard: 0.
 - handle_deallocations: 1.


Internal statistics:

num_allocs_failed_limit: 12.
num_arena_births: 3682.
num_arena_deaths: 212.
num_vsnodes_births: 5.
num_vsnodes_deaths: 0.
num_space_committed: 3568.
num_space_uncommitted: 7.
num_chunks_returned_to_freelist: 655.
num_chunks_taken_from_freelist: 14204.
num_chunk_merges: 90.
num_chunk_splits: 9464.
num_chunks_enlarged: 6506.
num_inconsistent_stats: 0.

CodeHeap 'non-profiled nmethods': size=120028Kb used=33907Kb max_used=33941Kb free=86120Kb
 bounds [0x0000000120b99000, 0x0000000122cc9000, 0x00000001280d0000]
CodeHeap 'profiled nmethods': size=120028Kb used=70765Kb max_used=71897Kb free=49262Kb
 bounds [0x00000001190d0000, 0x000000011d710000, 0x0000000120607000]
CodeHeap 'non-nmethods': size=5704Kb used=2683Kb max_used=2789Kb free=3020Kb
 bounds [0x0000000120607000, 0x00000001208d7000, 0x0000000120b99000]
 total_blobs=36863 nmethods=35590 adapters=1185
 compilation: enabled
              stopped_count=0, restarted_count=0
 full_count=0

Compilation events (20 events):
Event: 1333.107 Thread 0x00007fafc9021600 nmethod 47651 0x000000011912e590 code [0x000000011912e920, 0x0000000119130570]
Event: 1333.107 Thread 0x00007fafc9021600 47652       3       org.jetbrains.kotlin.gradle.plugin.KotlinPlatformType::getName (5 bytes)
Event: 1333.107 Thread 0x00007fafc9021600 nmethod 47652 0x000000011ab5e190 code [0x000000011ab5e320, 0x000000011ab5e430]
Event: 1333.109 Thread 0x00007fafd3a43600 nmethod 47649 0x0000000122656490 code [0x0000000122656620, 0x0000000122656918]
Event: 1333.109 Thread 0x00007fafd3a43600 47653       4       org.gradle.api.services.internal.RegisteredBuildServiceProvider::calculateOwnValue (8 bytes)
Event: 1333.114 Thread 0x00007fafd3a43600 nmethod 47653 0x0000000122655a90 code [0x0000000122655c40, 0x00000001226560c8]
Event: 1333.115 Thread 0x00007fafc9021600 47656       3       org.gradle.model.internal.core.ModelPath$1::compareTo (9 bytes)
Event: 1333.116 Thread 0x00007fafc9021600 nmethod 47656 0x00000001191b2290 code [0x00000001191b2440, 0x00000001191b2720]
Event: 1333.116 Thread 0x00007fafc9021600 47654       3       org.gradle.model.internal.core.ModelNode$State::values (10 bytes)
Event: 1333.116 Thread 0x00007fafc9021600 nmethod 47654 0x00000001197b1590 code [0x00000001197b1740, 0x00000001197b19e0]
Event: 1333.117 Thread 0x00007fafc9021600 47655       3       org.gradle.model.internal.registry.NodeAtState::<init> (15 bytes)
Event: 1333.117 Thread 0x00007fafc9021600 nmethod 47655 0x000000011a2c1390 code [0x000000011a2c1540, 0x000000011a2c16d0]
Event: 1333.117 Thread 0x00007fafc9021600 47657       1       org.gradle.model.internal.core.ModelPath::getParent (5 bytes)
Event: 1333.117 Thread 0x00007fafc9021600 nmethod 47657 0x000000012207cc10 code [0x000000012207cda0, 0x000000012207ce70]
Event: 1333.117 Thread 0x00007fafc9021600 47658       1       org.gradle.model.internal.registry.DefaultModelRegistry$ModelGoal::isAchieved (2 bytes)
Event: 1333.117 Thread 0x00007fafc9021600 nmethod 47658 0x00000001225e7e90 code [0x00000001225e8020, 0x00000001225e80f0]
Event: 1333.117 Thread 0x00007fafc9021600 47659       1       org.gradle.model.internal.registry.DefaultModelRegistry::access$300 (5 bytes)
Event: 1333.117 Thread 0x00007fafc9021600 nmethod 47659 0x0000000122a04d10 code [0x0000000122a04ea0, 0x0000000122a04f50]
Event: 1333.117 Thread 0x00007fafc9021600 47660       1       org.gradle.model.internal.registry.ModelNodeInternal::setState (6 bytes)
Event: 1333.117 Thread 0x00007fafc9021600 nmethod 47660 0x0000000122a04a10 code [0x0000000122a04ba0, 0x0000000122a04c70]

GC Heap History (20 events):
Event: 1276.697 GC heap after
{Heap after GC invocations=587 (full 9):
 def new generation   total 517184K, used 38777K [0x0000000780000000, 0x00000007a3120000, 0x00000007aaaa0000)
  eden space 459776K,   0% used [0x0000000780000000, 0x0000000780000000, 0x000000079c100000)
  from space 57408K,  67% used [0x000000079c100000, 0x000000079e6de718, 0x000000079f910000)
  to   space 57408K,   0% used [0x000000079f910000, 0x000000079f910000, 0x00000007a3120000)
 tenured generation   total 1148576K, used 1127332K [0x00000007aaaa0000, 0x00000007f0c48000, 0x0000000800000000)
   the space 1148576K,  98% used [0x00000007aaaa0000, 0x00000007ef789078, 0x00000007ef789200, 0x00000007f0c48000)
 Metaspace       used 224211K, committed 227200K, reserved 1114112K
  class space    used 28598K, committed 29888K, reserved 851968K
}
Event: 1277.502 GC heap before
{Heap before GC invocations=587 (full 9):
 def new generation   total 517184K, used 498553K [0x0000000780000000, 0x00000007a3120000, 0x00000007aaaa0000)
  eden space 459776K, 100% used [0x0000000780000000, 0x000000079c100000, 0x000000079c100000)
  from space 57408K,  67% used [0x000000079c100000, 0x000000079e6de718, 0x000000079f910000)
  to   space 57408K,   0% used [0x000000079f910000, 0x000000079f910000, 0x00000007a3120000)
 tenured generation   total 1148576K, used 1127332K [0x00000007aaaa0000, 0x00000007f0c48000, 0x0000000800000000)
   the space 1148576K,  98% used [0x00000007aaaa0000, 0x00000007ef789078, 0x00000007ef789200, 0x00000007f0c48000)
 Metaspace       used 224211K, committed 227200K, reserved 1114112K
  class space    used 28598K, committed 29888K, reserved 851968K
}
Event: 1277.581 GC heap after
{Heap after GC invocations=588 (full 9):
 def new generation   total 517184K, used 19990K [0x0000000780000000, 0x00000007a3120000, 0x00000007aaaa0000)
  eden space 459776K,   0% used [0x0000000780000000, 0x0000000780000000, 0x000000079c100000)
  from space 57408K,  34% used [0x000000079f910000, 0x00000007a0c95928, 0x00000007a3120000)
  to   space 57408K,   0% used [0x000000079c100000, 0x000000079c100000, 0x000000079f910000)
 tenured generation   total 1149728K, used 1149556K [0x00000007aaaa0000, 0x00000007f0d68000, 0x0000000800000000)
   the space 1149728K,  99% used [0x00000007aaaa0000, 0x00000007f0d3d1f0, 0x00000007f0d3d200, 0x00000007f0d68000)
 Metaspace       used 224211K, committed 227200K, reserved 1114112K
  class space    used 28598K, committed 29888K, reserved 851968K
}
Event: 1277.581 GC heap before
{Heap before GC invocations=588 (full 9):
 def new generation   total 517184K, used 19990K [0x0000000780000000, 0x00000007a3120000, 0x00000007aaaa0000)
  eden space 459776K,   0% used [0x0000000780000000, 0x0000000780000000, 0x000000079c100000)
  from space 57408K,  34% used [0x000000079f910000, 0x00000007a0c95928, 0x00000007a3120000)
  to   space 57408K,   0% used [0x000000079c100000, 0x000000079c100000, 0x000000079f910000)
 tenured generation   total 1149728K, used 1149556K [0x00000007aaaa0000, 0x00000007f0d68000, 0x0000000800000000)
   the space 1149728K,  99% used [0x00000007aaaa0000, 0x00000007f0d3d1f0, 0x00000007f0d3d200, 0x00000007f0d68000)
 Metaspace       used 224211K, committed 227200K, reserved 1114112K
  class space    used 28598K, committed 29888K, reserved 851968K
}
Event: 1287.045 GC heap after
{Heap after GC invocations=588 (full 10):
 def new generation   total 629120K, used 19818K [0x0000000780000000, 0x00000007aaaa0000, 0x00000007aaaa0000)
  eden space 559232K,   3% used [0x0000000780000000, 0x000000078135aa28, 0x00000007a2220000)
  from space 69888K,   0% used [0x00000007a2220000, 0x00000007a2220000, 0x00000007a6660000)
  to   space 69888K,   0% used [0x00000007a6660000, 0x00000007a6660000, 0x00000007aaaa0000)
 tenured generation   total 1398144K, used 1149727K [0x00000007aaaa0000, 0x0000000800000000, 0x0000000800000000)
   the space 1398144K,  82% used [0x00000007aaaa0000, 0x00000007f0d67fe0, 0x00000007f0d68000, 0x0000000800000000)
 Metaspace       used 222381K, committed 226752K, reserved 1114112K
  class space    used 28132K, committed 29824K, reserved 851968K
}
Event: 1289.575 GC heap before
{Heap before GC invocations=588 (full 10):
 def new generation   total 629120K, used 559232K [0x0000000780000000, 0x00000007aaaa0000, 0x00000007aaaa0000)
  eden space 559232K, 100% used [0x0000000780000000, 0x00000007a2220000, 0x00000007a2220000)
  from space 69888K,   0% used [0x00000007a2220000, 0x00000007a2220000, 0x00000007a6660000)
  to   space 69888K,   0% used [0x00000007a6660000, 0x00000007a6660000, 0x00000007aaaa0000)
 tenured generation   total 1398144K, used 1149727K [0x00000007aaaa0000, 0x0000000800000000, 0x0000000800000000)
   the space 1398144K,  82% used [0x00000007aaaa0000, 0x00000007f0d67fe0, 0x00000007f0d68000, 0x0000000800000000)
 Metaspace       used 222384K, committed 226752K, reserved 1114112K
  class space    used 28132K, committed 29824K, reserved 851968K
}
Event: 1290.142 GC heap after
{Heap after GC invocations=589 (full 10):
 def new generation   total 629120K, used 24866K [0x0000000780000000, 0x00000007aaaa0000, 0x00000007aaaa0000)
  eden space 559232K,   0% used [0x0000000780000000, 0x0000000780000000, 0x00000007a2220000)
  from space 69888K,  35% used [0x00000007a6660000, 0x00000007a7ea8bc8, 0x00000007aaaa0000)
  to   space 69888K,   0% used [0x00000007a2220000, 0x00000007a2220000, 0x00000007a6660000)
 tenured generation   total 1398144K, used 1149727K [0x00000007aaaa0000, 0x0000000800000000, 0x0000000800000000)
   the space 1398144K,  82% used [0x00000007aaaa0000, 0x00000007f0d67fe0, 0x00000007f0d68000, 0x0000000800000000)
 Metaspace       used 222384K, committed 226752K, reserved 1114112K
  class space    used 28132K, committed 29824K, reserved 851968K
}
Event: 1291.227 GC heap before
{Heap before GC invocations=589 (full 10):
 def new generation   total 629120K, used 584098K [0x0000000780000000, 0x00000007aaaa0000, 0x00000007aaaa0000)
  eden space 559232K, 100% used [0x0000000780000000, 0x00000007a2220000, 0x00000007a2220000)
  from space 69888K,  35% used [0x00000007a6660000, 0x00000007a7ea8bc8, 0x00000007aaaa0000)
  to   space 69888K,   0% used [0x00000007a2220000, 0x00000007a2220000, 0x00000007a6660000)
 tenured generation   total 1398144K, used 1149727K [0x00000007aaaa0000, 0x0000000800000000, 0x0000000800000000)
   the space 1398144K,  82% used [0x00000007aaaa0000, 0x00000007f0d67fe0, 0x00000007f0d68000, 0x0000000800000000)
 Metaspace       used 222717K, committed 226752K, reserved 1114112K
  class space    used 28193K, committed 29824K, reserved 851968K
}
Event: 1291.365 GC heap after
{Heap after GC invocations=590 (full 10):
 def new generation   total 629120K, used 37433K [0x0000000780000000, 0x00000007aaaa0000, 0x00000007aaaa0000)
  eden space 559232K,   0% used [0x0000000780000000, 0x0000000780000000, 0x00000007a2220000)
  from space 69888K,  53% used [0x00000007a2220000, 0x00000007a46ae730, 0x00000007a6660000)
  to   space 69888K,   0% used [0x00000007a6660000, 0x00000007a6660000, 0x00000007aaaa0000)
 tenured generation   total 1398144K, used 1149727K [0x00000007aaaa0000, 0x0000000800000000, 0x0000000800000000)
   the space 1398144K,  82% used [0x00000007aaaa0000, 0x00000007f0d67fe0, 0x00000007f0d68000, 0x0000000800000000)
 Metaspace       used 222717K, committed 226752K, reserved 1114112K
  class space    used 28193K, committed 29824K, reserved 851968K
}
Event: 1292.362 GC heap before
{Heap before GC invocations=590 (full 10):
 def new generation   total 629120K, used 596665K [0x0000000780000000, 0x00000007aaaa0000, 0x00000007aaaa0000)
  eden space 559232K, 100% used [0x0000000780000000, 0x00000007a2220000, 0x00000007a2220000)
  from space 69888K,  53% used [0x00000007a2220000, 0x00000007a46ae730, 0x00000007a6660000)
  to   space 69888K,   0% used [0x00000007a6660000, 0x00000007a6660000, 0x00000007aaaa0000)
 tenured generation   total 1398144K, used 1149727K [0x00000007aaaa0000, 0x0000000800000000, 0x0000000800000000)
   the space 1398144K,  82% used [0x00000007aaaa0000, 0x00000007f0d67fe0, 0x00000007f0d68000, 0x0000000800000000)
 Metaspace       used 222717K, committed 226752K, reserved 1114112K
  class space    used 28193K, committed 29824K, reserved 851968K
}
Event: 1292.477 GC heap after
{Heap after GC invocations=591 (full 10):
 def new generation   total 629120K, used 22451K [0x0000000780000000, 0x00000007aaaa0000, 0x00000007aaaa0000)
  eden space 559232K,   0% used [0x0000000780000000, 0x0000000780000000, 0x00000007a2220000)
  from space 69888K,  32% used [0x00000007a6660000, 0x00000007a7c4cf00, 0x00000007aaaa0000)
  to   space 69888K,   0% used [0x00000007a2220000, 0x00000007a2220000, 0x00000007a6660000)
 tenured generation   total 1398144K, used 1172707K [0x00000007aaaa0000, 0x0000000800000000, 0x0000000800000000)
   the space 1398144K,  83% used [0x00000007aaaa0000, 0x00000007f23d8c80, 0x00000007f23d8e00, 0x0000000800000000)
 Metaspace       used 222717K, committed 226752K, reserved 1114112K
  class space    used 28193K, committed 29824K, reserved 851968K
}
Event: 1294.042 GC heap before
{Heap before GC invocations=591 (full 10):
 def new generation   total 629120K, used 581683K [0x0000000780000000, 0x00000007aaaa0000, 0x00000007aaaa0000)
  eden space 559232K, 100% used [0x0000000780000000, 0x00000007a2220000, 0x00000007a2220000)
  from space 69888K,  32% used [0x00000007a6660000, 0x00000007a7c4cf00, 0x00000007aaaa0000)
  to   space 69888K,   0% used [0x00000007a2220000, 0x00000007a2220000, 0x00000007a6660000)
 tenured generation   total 1398144K, used 1172707K [0x00000007aaaa0000, 0x0000000800000000, 0x0000000800000000)
   the space 1398144K,  83% used [0x00000007aaaa0000, 0x00000007f23d8c80, 0x00000007f23d8e00, 0x0000000800000000)
 Metaspace       used 223078K, committed 226752K, reserved 1114112K
  class space    used 28252K, committed 29824K, reserved 851968K
}
Event: 1294.089 GC heap after
{Heap after GC invocations=592 (full 10):
 def new generation   total 629120K, used 28635K [0x0000000780000000, 0x00000007aaaa0000, 0x00000007aaaa0000)
  eden space 559232K,   0% used [0x0000000780000000, 0x0000000780000000, 0x00000007a2220000)
  from space 69888K,  40% used [0x00000007a2220000, 0x00000007a3e16fa8, 0x00000007a6660000)
  to   space 69888K,   0% used [0x00000007a6660000, 0x00000007a6660000, 0x00000007aaaa0000)
 tenured generation   total 1398144K, used 1172707K [0x00000007aaaa0000, 0x0000000800000000, 0x0000000800000000)
   the space 1398144K,  83% used [0x00000007aaaa0000, 0x00000007f23d8c80, 0x00000007f23d8e00, 0x0000000800000000)
 Metaspace       used 223078K, committed 226752K, reserved 1114112K
  class space    used 28252K, committed 29824K, reserved 851968K
}
Event: 1298.130 GC heap before
{Heap before GC invocations=592 (full 10):
 def new generation   total 629120K, used 587867K [0x0000000780000000, 0x00000007aaaa0000, 0x00000007aaaa0000)
  eden space 559232K, 100% used [0x0000000780000000, 0x00000007a2220000, 0x00000007a2220000)
  from space 69888K,  40% used [0x00000007a2220000, 0x00000007a3e16fa8, 0x00000007a6660000)
  to   space 69888K,   0% used [0x00000007a6660000, 0x00000007a6660000, 0x00000007aaaa0000)
 tenured generation   total 1398144K, used 1172707K [0x00000007aaaa0000, 0x0000000800000000, 0x0000000800000000)
   the space 1398144K,  83% used [0x00000007aaaa0000, 0x00000007f23d8c80, 0x00000007f23d8e00, 0x0000000800000000)
 Metaspace       used 223427K, committed 226752K, reserved 1114112K
  class space    used 28317K, committed 29824K, reserved 851968K
}
Event: 1298.209 GC heap after
{Heap after GC invocations=593 (full 10):
 def new generation   total 629120K, used 37583K [0x0000000780000000, 0x00000007aaaa0000, 0x00000007aaaa0000)
  eden space 559232K,   0% used [0x0000000780000000, 0x0000000780000000, 0x00000007a2220000)
  from space 69888K,  53% used [0x00000007a6660000, 0x00000007a8b13f20, 0x00000007aaaa0000)
  to   space 69888K,   0% used [0x00000007a2220000, 0x00000007a2220000, 0x00000007a6660000)
 tenured generation   total 1398144K, used 1172707K [0x00000007aaaa0000, 0x0000000800000000, 0x0000000800000000)
   the space 1398144K,  83% used [0x00000007aaaa0000, 0x00000007f23d8c80, 0x00000007f23d8e00, 0x0000000800000000)
 Metaspace       used 223427K, committed 226752K, reserved 1114112K
  class space    used 28317K, committed 29824K, reserved 851968K
}
Event: 1299.302 GC heap before
{Heap before GC invocations=593 (full 10):
 def new generation   total 629120K, used 596815K [0x0000000780000000, 0x00000007aaaa0000, 0x00000007aaaa0000)
  eden space 559232K, 100% used [0x0000000780000000, 0x00000007a2220000, 0x00000007a2220000)
  from space 69888K,  53% used [0x00000007a6660000, 0x00000007a8b13f20, 0x00000007aaaa0000)
  to   space 69888K,   0% used [0x00000007a2220000, 0x00000007a2220000, 0x00000007a6660000)
 tenured generation   total 1398144K, used 1172707K [0x00000007aaaa0000, 0x0000000800000000, 0x0000000800000000)
   the space 1398144K,  83% used [0x00000007aaaa0000, 0x00000007f23d8c80, 0x00000007f23d8e00, 0x0000000800000000)
 Metaspace       used 223427K, committed 226752K, reserved 1114112K
  class space    used 28317K, committed 29824K, reserved 851968K
}
Event: 1299.372 GC heap after
{Heap after GC invocations=594 (full 10):
 def new generation   total 629120K, used 29878K [0x0000000780000000, 0x00000007aaaa0000, 0x00000007aaaa0000)
  eden space 559232K,   0% used [0x0000000780000000, 0x0000000780000000, 0x00000007a2220000)
  from space 69888K,  42% used [0x00000007a2220000, 0x00000007a3f4d938, 0x00000007a6660000)
  to   space 69888K,   0% used [0x00000007a6660000, 0x00000007a6660000, 0x00000007aaaa0000)
 tenured generation   total 1398144K, used 1184551K [0x00000007aaaa0000, 0x0000000800000000, 0x0000000800000000)
   the space 1398144K,  84% used [0x00000007aaaa0000, 0x00000007f2f69fb8, 0x00000007f2f6a000, 0x0000000800000000)
 Metaspace       used 223427K, committed 226752K, reserved 1114112K
  class space    used 28317K, committed 29824K, reserved 851968K
}
Event: 1300.461 GC heap before
{Heap before GC invocations=594 (full 10):
 def new generation   total 629120K, used 589110K [0x0000000780000000, 0x00000007aaaa0000, 0x00000007aaaa0000)
  eden space 559232K, 100% used [0x0000000780000000, 0x00000007a2220000, 0x00000007a2220000)
  from space 69888K,  42% used [0x00000007a2220000, 0x00000007a3f4d938, 0x00000007a6660000)
  to   space 69888K,   0% used [0x00000007a6660000, 0x00000007a6660000, 0x00000007aaaa0000)
 tenured generation   total 1398144K, used 1184551K [0x00000007aaaa0000, 0x0000000800000000, 0x0000000800000000)
   the space 1398144K,  84% used [0x00000007aaaa0000, 0x00000007f2f69fb8, 0x00000007f2f6a000, 0x0000000800000000)
 Metaspace       used 224286K, committed 227328K, reserved 1114112K
  class space    used 28472K, committed 29824K, reserved 851968K
}
Event: 1300.550 GC heap after
{Heap after GC invocations=595 (full 10):
 def new generation   total 629120K, used 40717K [0x0000000780000000, 0x00000007aaaa0000, 0x00000007aaaa0000)
  eden space 559232K,   0% used [0x0000000780000000, 0x0000000780000000, 0x00000007a2220000)
  from space 69888K,  58% used [0x00000007a6660000, 0x00000007a8e23480, 0x00000007aaaa0000)
  to   space 69888K,   0% used [0x00000007a2220000, 0x00000007a2220000, 0x00000007a6660000)
 tenured generation   total 1398144K, used 1184551K [0x00000007aaaa0000, 0x0000000800000000, 0x0000000800000000)
   the space 1398144K,  84% used [0x00000007aaaa0000, 0x00000007f2f69fb8, 0x00000007f2f6a000, 0x0000000800000000)
 Metaspace       used 224286K, committed 227328K, reserved 1114112K
  class space    used 28472K, committed 29824K, reserved 851968K
}
Event: 1333.218 GC heap before
{Heap before GC invocations=595 (full 10):
 def new generation   total 629120K, used 599949K [0x0000000780000000, 0x00000007aaaa0000, 0x00000007aaaa0000)
  eden space 559232K, 100% used [0x0000000780000000, 0x00000007a2220000, 0x00000007a2220000)
  from space 69888K,  58% used [0x00000007a6660000, 0x00000007a8e23480, 0x00000007aaaa0000)
  to   space 69888K,   0% used [0x00000007a2220000, 0x00000007a2220000, 0x00000007a6660000)
 tenured generation   total 1398144K, used 1184551K [0x00000007aaaa0000, 0x0000000800000000, 0x0000000800000000)
   the space 1398144K,  84% used [0x00000007aaaa0000, 0x00000007f2f69fb8, 0x00000007f2f6a000, 0x0000000800000000)
 Metaspace       used 225020K, committed 228032K, reserved 1114112K
  class space    used 28599K, committed 29888K, reserved 851968K
}

Dll operation events (13 events):
Event: 0.029 Loaded shared library /Library/Java/JavaVirtualMachines/zulu-17.jdk/Contents/Home/lib/libjava.dylib
Event: 0.081 Loaded shared library /Library/Java/JavaVirtualMachines/zulu-17.jdk/Contents/Home/lib/libzip.dylib
Event: 0.083 Loaded shared library /Library/Java/JavaVirtualMachines/zulu-17.jdk/Contents/Home/lib/libinstrument.dylib
Event: 0.087 Loaded shared library /Library/Java/JavaVirtualMachines/zulu-17.jdk/Contents/Home/lib/libnio.dylib
Event: 0.090 Loaded shared library /Library/Java/JavaVirtualMachines/zulu-17.jdk/Contents/Home/lib/libzip.dylib
Event: 0.230 Loaded shared library /Library/Java/JavaVirtualMachines/zulu-17.jdk/Contents/Home/lib/libjimage.dylib
Event: 0.303 Loaded shared library /Library/Java/JavaVirtualMachines/zulu-17.jdk/Contents/Home/lib/libverify.dylib
Event: 0.351 Loaded shared library /Library/Java/JavaVirtualMachines/zulu-17.jdk/Contents/Home/lib/libnet.dylib
Event: 0.359 Loaded shared library /private/var/folders/fl/b3xdcrns4d5055k9vfj459nm0000gn/T/cursor-sandbox-cache/ed5b8ac86e8f5bd265d87730eb3350a3/gradle/native/1def1411415f61bf3af743bc5b6707747c0891f09f0c88961ee8f79bc544acac/osx-amd64/libnative-platform.dylib
Event: 0.761 Loaded shared library /private/var/folders/fl/b3xdcrns4d5055k9vfj459nm0000gn/T/cursor-sandbox-cache/ed5b8ac86e8f5bd265d87730eb3350a3/gradle/native/0.2.7/x86_64-macos/libgradle-fileevents.dylib
Event: 1.193 Loaded shared library /Library/Java/JavaVirtualMachines/zulu-17.jdk/Contents/Home/lib/libmanagement.dylib
Event: 1.194 Loaded shared library /Library/Java/JavaVirtualMachines/zulu-17.jdk/Contents/Home/lib/libmanagement_ext.dylib
Event: 1.274 Loaded shared library /Library/Java/JavaVirtualMachines/zulu-17.jdk/Contents/Home/lib/libextnet.dylib

Deoptimization events (20 events):
Event: 1328.623 Thread 0x00007fafca2b5200 DEOPT PACKING pc=0x00000001224c68f4 sp=0x0000700004108760
Event: 1328.623 Thread 0x00007fafca2b5200 DEOPT UNPACKING pc=0x000000012065d399 sp=0x0000700004108520 mode 2
Event: 1328.719 Thread 0x00007fafca2b5200 Uncommon trap: trap_request=0xffffffbe fr.pc=0x00000001224c68f4 relative=0x00000000000003b4
Event: 1328.719 Thread 0x00007fafca2b5200 Uncommon trap: reason=profile_predicate action=maybe_recompile pc=0x00000001224c68f4 method=java.util.concurrent.ConcurrentHashMap$Traverser.advance()Ljava/util/concurrent/ConcurrentHashMap$Node; @ 15 c2
Event: 1328.719 Thread 0x00007fafca2b5200 DEOPT PACKING pc=0x00000001224c68f4 sp=0x0000700004108760
Event: 1328.719 Thread 0x00007fafca2b5200 DEOPT UNPACKING pc=0x000000012065d399 sp=0x0000700004108520 mode 2
Event: 1328.749 Thread 0x00007fafca2b5200 Uncommon trap: trap_request=0xffffffbe fr.pc=0x00000001224c68f4 relative=0x00000000000003b4
Event: 1328.749 Thread 0x00007fafca2b5200 Uncommon trap: reason=profile_predicate action=maybe_recompile pc=0x00000001224c68f4 method=java.util.concurrent.ConcurrentHashMap$Traverser.advance()Ljava/util/concurrent/ConcurrentHashMap$Node; @ 15 c2
Event: 1328.749 Thread 0x00007fafca2b5200 DEOPT PACKING pc=0x00000001224c68f4 sp=0x0000700004108760
Event: 1328.750 Thread 0x00007fafca2b5200 DEOPT UNPACKING pc=0x000000012065d399 sp=0x0000700004108520 mode 2
Event: 1328.841 Thread 0x00007fafca2b5200 Uncommon trap: trap_request=0xffffffbe fr.pc=0x00000001224c68f4 relative=0x00000000000003b4
Event: 1328.841 Thread 0x00007fafca2b5200 Uncommon trap: reason=profile_predicate action=maybe_recompile pc=0x00000001224c68f4 method=java.util.concurrent.ConcurrentHashMap$Traverser.advance()Ljava/util/concurrent/ConcurrentHashMap$Node; @ 15 c2
Event: 1328.841 Thread 0x00007fafca2b5200 DEOPT PACKING pc=0x00000001224c68f4 sp=0x0000700004108760
Event: 1328.841 Thread 0x00007fafca2b5200 DEOPT UNPACKING pc=0x000000012065d399 sp=0x0000700004108520 mode 2
Event: 1330.738 Thread 0x00007fafca2b5200 Uncommon trap: trap_request=0xffffff5c fr.pc=0x000000012266c5c4 relative=0x0000000000001064
Event: 1330.738 Thread 0x00007fafca2b5200 Uncommon trap: reason=speculate_null_check action=make_not_entrant pc=0x000000012266c5c4 method=sun.net.spi.DefaultProxySelector.select(Ljava/net/URI;)Ljava/util/List; @ 240 c2
Event: 1330.738 Thread 0x00007fafca2b5200 DEOPT PACKING pc=0x000000012266c5c4 sp=0x0000700004109b70
Event: 1330.738 Thread 0x00007fafca2b5200 DEOPT UNPACKING pc=0x000000012065d399 sp=0x0000700004109b38 mode 2
Event: 1332.957 Thread 0x00007fafca2b5200 DEOPT PACKING pc=0x000000011ca7f660 sp=0x000070000410b520
Event: 1332.957 Thread 0x00007fafca2b5200 DEOPT UNPACKING pc=0x000000012065db2f sp=0x000070000410aa58 mode 0

Classes loaded (20 events):
Event: 1294.451 Loading class java/io/InputStreamCustomizer
Event: 1294.451 Loading class java/io/InputStreamCustomizer done
Event: 1294.451 Loading class java/io/InputStreamCustomizer
Event: 1294.451 Loading class java/io/InputStreamCustomizer done
Event: 1294.451 Loading class java/io/FilterInputStreamCustomizer
Event: 1294.451 Loading class java/io/FilterInputStreamCustomizer done
Event: 1294.451 Loading class java/io/FilterInputStreamCustomizer
Event: 1294.451 Loading class java/io/FilterInputStreamCustomizer done
Event: 1294.451 Loading class java/io/BufferedInputStreamCustomizer
Event: 1294.451 Loading class java/io/BufferedInputStreamCustomizer done
Event: 1294.451 Loading class java/io/BufferedInputStreamCustomizer
Event: 1294.451 Loading class java/io/BufferedInputStreamCustomizer done
Event: 1299.748 Loading class java/lang/MathBeanInfo
Event: 1299.748 Loading class java/lang/MathBeanInfo done
Event: 1299.748 Loading class java/lang/MathBeanInfo
Event: 1299.748 Loading class java/lang/MathBeanInfo done
Event: 1299.748 Loading class java/lang/MathCustomizer
Event: 1299.748 Loading class java/lang/MathCustomizer done
Event: 1299.749 Loading class java/lang/MathCustomizer
Event: 1299.749 Loading class java/lang/MathCustomizer done

Classes unloaded (20 events):
Event: 1285.245 Thread 0x00007fafc9d0eef0 Unloading class 0x000000012bb2a3f8 '_BuildScript_$_run_closure3$_closure8'
Event: 1285.245 Thread 0x00007fafc9d0eef0 Unloading class 0x000000012bb2a000 '_BuildScript_$_run_closure3'
Event: 1285.245 Thread 0x00007fafc9d0eef0 Unloading class 0x000000012ba893f8 '_BuildScript_$_run_closure2'
Event: 1285.245 Thread 0x00007fafc9d0eef0 Unloading class 0x000000012ba89000 '_BuildScript_$_run_closure1'
Event: 1285.245 Thread 0x00007fafc9d0eef0 Unloading class 0x000000012baa3000 '_BuildScript_'
Event: 1285.245 Thread 0x00007fafc9d0eef0 Unloading class 0x000000012bb2e000 '_BuildScript_$_run_closure1$_closure3'
Event: 1285.245 Thread 0x00007fafc9d0eef0 Unloading class 0x000000012bababf8 '_BuildScript_$_run_closure1$_closure2'
Event: 1285.245 Thread 0x00007fafc9d0eef0 Unloading class 0x000000012baba800 '_BuildScript_$_run_closure1'
Event: 1285.245 Thread 0x00007fafc9d0eef0 Unloading class 0x000000012bac4800 '_BuildScript_'
Event: 1285.245 Thread 0x00007fafc9d0eef0 Unloading class 0x000000012bb3f3f8 '_BuildScript_$_run_closure2'
Event: 1285.245 Thread 0x00007fafc9d0eef0 Unloading class 0x000000012bb3f000 '_BuildScript_$_run_closure1$_closure4'
Event: 1285.245 Thread 0x00007fafc9d0eef0 Unloading class 0x000000012bb06bf8 '_BuildScript_$_run_closure1$_closure3'
Event: 1285.245 Thread 0x00007fafc9d0eef0 Unloading class 0x000000012bb06800 '_BuildScript_$_run_closure1'
Event: 1285.245 Thread 0x00007fafc9d0eef0 Unloading class 0x000000012bb09800 '_BuildScript_'
Event: 1285.245 Thread 0x00007fafc9d0eef0 Unloading class 0x000000012bb10000 '_BuildScript_'
Event: 1285.245 Thread 0x00007fafc9d0eef0 Unloading class 0x000000012bb503f8 '_BuildScript_$_run_closure2'
Event: 1285.245 Thread 0x00007fafc9d0eef0 Unloading class 0x000000012bb50000 '_BuildScript_$_run_closure1$_closure4'
Event: 1285.245 Thread 0x00007fafc9d0eef0 Unloading class 0x000000012bb1cbf8 '_BuildScript_$_run_closure1$_closure3'
Event: 1285.246 Thread 0x00007fafc9d0eef0 Unloading class 0x000000012bb1c800 '_BuildScript_$_run_closure1'
Event: 1285.246 Thread 0x00007fafc9d0eef0 Unloading class 0x000000012bb4f800 '_BuildScript_'

Classes redefined (0 events):
No events

Internal exceptions (20 events):
Event: 1332.814 Thread 0x00007fafcc6da000 Exception <a 'sun/nio/fs/UnixException'{0x000000079f7a2cb0}> (0x000000079f7a2cb0) 
thrown [src/hotspot/share/prims/jni.cpp, line 516]
Event: 1332.815 Thread 0x00007fafcc6da000 Exception <a 'sun/nio/fs/UnixException'{0x000000079f7b3188}> (0x000000079f7b3188) 
thrown [src/hotspot/share/prims/jni.cpp, line 516]
Event: 1332.816 Thread 0x00007fafcc6da000 Exception <a 'sun/nio/fs/UnixException'{0x000000079f7c2a00}> (0x000000079f7c2a00) 
thrown [src/hotspot/share/prims/jni.cpp, line 516]
Event: 1332.817 Thread 0x00007fafcc6da000 Exception <a 'sun/nio/fs/UnixException'{0x000000079f7d8dc0}> (0x000000079f7d8dc0) 
thrown [src/hotspot/share/prims/jni.cpp, line 516]
Event: 1332.818 Thread 0x00007fafcc6da000 Exception <a 'sun/nio/fs/UnixException'{0x000000079f7eab70}> (0x000000079f7eab70) 
thrown [src/hotspot/share/prims/jni.cpp, line 516]
Event: 1332.819 Thread 0x00007fafcc6da000 Exception <a 'sun/nio/fs/UnixException'{0x000000079f8007e8}> (0x000000079f8007e8) 
thrown [src/hotspot/share/prims/jni.cpp, line 516]
Event: 1332.819 Thread 0x00007fafcc6da000 Exception <a 'sun/nio/fs/UnixException'{0x000000079f81a808}> (0x000000079f81a808) 
thrown [src/hotspot/share/prims/jni.cpp, line 516]
Event: 1332.820 Thread 0x00007fafcc6da000 Exception <a 'sun/nio/fs/UnixException'{0x000000079f830b80}> (0x000000079f830b80) 
thrown [src/hotspot/share/prims/jni.cpp, line 516]
Event: 1332.821 Thread 0x00007fafcc6da000 Exception <a 'sun/nio/fs/UnixException'{0x000000079f8421c8}> (0x000000079f8421c8) 
thrown [src/hotspot/share/prims/jni.cpp, line 516]
Event: 1332.823 Thread 0x00007fafcc6da000 Exception <a 'sun/nio/fs/UnixException'{0x000000079f852db0}> (0x000000079f852db0) 
thrown [src/hotspot/share/prims/jni.cpp, line 516]
Event: 1332.824 Thread 0x00007fafcc6da000 Exception <a 'sun/nio/fs/UnixException'{0x000000079f861c48}> (0x000000079f861c48) 
thrown [src/hotspot/share/prims/jni.cpp, line 516]
Event: 1332.824 Thread 0x00007fafcc6da000 Exception <a 'sun/nio/fs/UnixException'{0x000000079f875be8}> (0x000000079f875be8) 
thrown [src/hotspot/share/prims/jni.cpp, line 516]
Event: 1332.825 Thread 0x00007fafcc6da000 Exception <a 'sun/nio/fs/UnixException'{0x000000079f885c18}> (0x000000079f885c18) 
thrown [src/hotspot/share/prims/jni.cpp, line 516]
Event: 1332.826 Thread 0x00007fafcc6da000 Exception <a 'sun/nio/fs/UnixException'{0x000000079f8959f8}> (0x000000079f8959f8) 
thrown [src/hotspot/share/prims/jni.cpp, line 516]
Event: 1332.827 Thread 0x00007fafcc6da000 Exception <a 'sun/nio/fs/UnixException'{0x000000079f8a9a40}> (0x000000079f8a9a40) 
thrown [src/hotspot/share/prims/jni.cpp, line 516]
Event: 1332.828 Thread 0x00007fafcc6da000 Exception <a 'sun/nio/fs/UnixException'{0x000000079f8cdef8}> (0x000000079f8cdef8) 
thrown [src/hotspot/share/prims/jni.cpp, line 516]
Event: 1332.835 Thread 0x00007fafca2b5200 Exception <a 'java/lang/ClassNotFoundException'{0x000000079eef8620}: build_clboxvmdybyez8mmlmit28rw5BeanInfo> (0x000000079eef8620) 
thrown [src/hotspot/share/classfile/systemDictionary.cpp, line 259]
Event: 1332.835 Thread 0x00007fafca2b5200 Exception <a 'java/lang/ClassNotFoundException'{0x000000079ef03f30}: build_clboxvmdybyez8mmlmit28rw5Customizer> (0x000000079ef03f30) 
thrown [src/hotspot/share/classfile/systemDictionary.cpp, line 259]
Event: 1332.893 Thread 0x00007fafca2b5200 Exception <a 'java/lang/ClassNotFoundException'{0x000000079f307758}: build_clboxvmdybyez8mmlmit28rw5$_run_closure2BeanInfo> (0x000000079f307758) 
thrown [src/hotspot/share/classfile/systemDictionary.cpp, line 259]
Event: 1332.895 Thread 0x00007fafca2b5200 Exception <a 'java/lang/ClassNotFoundException'{0x000000079f31c400}: build_clboxvmdybyez8mmlmit28rw5$_run_closure2Customizer> (0x000000079f31c400) 
thrown [src/hotspot/share/classfile/systemDictionary.cpp, line 259]

VM Operations (20 events):
Event: 1300.550 Executing VM operation: GenCollectForAllocation done
Event: 1301.553 Executing VM operation: Cleanup
Event: 1301.553 Executing VM operation: Cleanup done
Event: 1302.558 Executing VM operation: Cleanup
Event: 1302.558 Executing VM operation: Cleanup done
Event: 1318.602 Executing VM operation: Cleanup
Event: 1318.602 Executing VM operation: Cleanup done
Event: 1319.572 Executing VM operation: HandshakeAllThreads
Event: 1319.575 Executing VM operation: HandshakeAllThreads done
Event: 1320.575 Executing VM operation: Cleanup
Event: 1320.575 Executing VM operation: Cleanup done
Event: 1322.771 Executing VM operation: HandshakeAllThreads
Event: 1322.771 Executing VM operation: HandshakeAllThreads done
Event: 1324.776 Executing VM operation: Cleanup
Event: 1324.776 Executing VM operation: Cleanup done
Event: 1330.662 Executing VM operation: HandshakeAllThreads
Event: 1330.666 Executing VM operation: HandshakeAllThreads done
Event: 1332.670 Executing VM operation: Cleanup
Event: 1332.670 Executing VM operation: Cleanup done
Event: 1333.218 Executing VM operation: GenCollectForAllocation

Memory protections (20 events):
Event: 1156.096 Protecting memory [0x0000700005d6d000,0x0000700005d71000] with protection modes 0
Event: 1156.230 Protecting memory [0x0000700005d6d000,0x0000700005d71000] with protection modes 3
Event: 1156.716 Protecting memory [0x0000700005d6d000,0x0000700005d71000] with protection modes 0
Event: 1157.364 Protecting memory [0x0000700005d6d000,0x0000700005d71000] with protection modes 3
Event: 1187.177 Protecting memory [0x0000700005d6d000,0x0000700005d71000] with protection modes 0
Event: 1188.498 Protecting memory [0x0000700005d6d000,0x0000700005d71000] with protection modes 3
Event: 1267.658 Protecting memory [0x0000700005d6d000,0x0000700005d71000] with protection modes 0
Event: 1293.791 Protecting memory [0x0000700005d94000,0x0000700005d98000] with protection modes 0
Event: 1294.149 Protecting memory [0x0000700005d94000,0x0000700005d98000] with protection modes 3
Event: 1294.308 Protecting memory [0x0000700005d94000,0x0000700005d98000] with protection modes 0
Event: 1294.311 Protecting memory [0x0000700005e97000,0x0000700005e9b000] with protection modes 0
Event: 1294.318 Protecting memory [0x0000700006179000,0x000070000617d000] with protection modes 0
Event: 1294.318 Protecting memory [0x000070000627c000,0x0000700006280000] with protection modes 0
Event: 1294.446 Protecting memory [0x0000700005d94000,0x0000700005d98000] with protection modes 3
Event: 1299.437 Protecting memory [0x0000700005d94000,0x0000700005d98000] with protection modes 0
Event: 1299.581 Protecting memory [0x0000700005d94000,0x0000700005d98000] with protection modes 3
Event: 1299.694 Protecting memory [0x0000700005d94000,0x0000700005d98000] with protection modes 0
Event: 1299.864 Protecting memory [0x0000700005d94000,0x0000700005d98000] with protection modes 3
Event: 1332.964 Protecting memory [0x0000700005d94000,0x0000700005d98000] with protection modes 0
Event: 1332.989 Protecting memory [0x000070000637f000,0x0000700006383000] with protection modes 0

Nmethod flushes (20 events):
Event: 1330.768 Thread 0x00007fafc9029c00 flushing  nmethod 0x000000011ce92b90
Event: 1330.769 Thread 0x00007fafc9029c00 flushing  nmethod 0x000000011ceb5a10
Event: 1330.769 Thread 0x00007fafc9029c00 flushing  nmethod 0x000000011cebd810
Event: 1330.769 Thread 0x00007fafc9029c00 flushing  nmethod 0x000000011cec1d10
Event: 1330.769 Thread 0x00007fafc9029c00 flushing  nmethod 0x000000011cf11110
Event: 1330.769 Thread 0x00007fafc9029c00 flushing  nmethod 0x000000011cf22410
Event: 1330.769 Thread 0x00007fafc9029c00 flushing  nmethod 0x000000011cf41390
Event: 1330.769 Thread 0x00007fafc9029c00 flushing  nmethod 0x000000011cf7b590
Event: 1330.771 Thread 0x00007fafc9029c00 flushing  nmethod 0x000000011d068990
Event: 1330.771 Thread 0x00007fafc9029c00 flushing  nmethod 0x000000011d0ac810
Event: 1330.772 Thread 0x00007fafc9029c00 flushing  nmethod 0x000000011d185c10
Event: 1330.772 Thread 0x00007fafc9029c00 flushing  nmethod 0x000000011d195890
Event: 1330.774 Thread 0x00007fafc9029c00 flushing  nmethod 0x000000011d247390
Event: 1330.774 Thread 0x00007fafc9029c00 flushing  nmethod 0x000000011d317e10
Event: 1330.774 Thread 0x00007fafc9029c00 flushing  nmethod 0x000000011d31b090
Event: 1330.775 Thread 0x00007fafc9029c00 flushing  nmethod 0x000000011d379f90
Event: 1330.775 Thread 0x00007fafc9029c00 flushing  nmethod 0x000000011d396310
Event: 1330.775 Thread 0x00007fafc9029c00 flushing  nmethod 0x000000011d3ccf90
Event: 1330.775 Thread 0x00007fafc9029c00 flushing  nmethod 0x000000011d405e90
Event: 1330.775 Thread 0x00007fafc9029c00 flushing  nmethod 0x000000011d426c90

Events (20 events):
Event: 1156.096 Thread 0x00007fafc9021600 Thread added: 0x00007fafcabcd400
Event: 1156.230 Thread 0x00007fafcabcd400 Thread exited: 0x00007fafcabcd400
Event: 1156.716 Thread 0x00007fafc9021600 Thread added: 0x00007fafd3b2c800
Event: 1157.364 Thread 0x00007fafd3b2c800 Thread exited: 0x00007fafd3b2c800
Event: 1187.177 Thread 0x00007fafc9021600 Thread added: 0x00007fafd8694a00
Event: 1188.498 Thread 0x00007fafd8694a00 Thread exited: 0x00007fafd8694a00
Event: 1267.658 Thread 0x00007fafca2b5200 Thread added: 0x00007fafd0d62a00
Event: 1293.791 Thread 0x00007fafc9021600 Thread added: 0x00007fafbf206800
Event: 1294.149 Thread 0x00007fafbf206800 Thread exited: 0x00007fafbf206800
Event: 1294.308 Thread 0x00007fafc9021600 Thread added: 0x00007fafc9428c00
Event: 1294.311 Thread 0x00007fafca2b5200 Thread added: 0x00007fafd28af400
Event: 1294.318 Thread 0x00007fafd28af400 Thread added: 0x00007fafc91cf600
Event: 1294.318 Thread 0x00007fafd28af400 Thread added: 0x00007fafbe996600
Event: 1294.446 Thread 0x00007fafc9428c00 Thread exited: 0x00007fafc9428c00
Event: 1299.437 Thread 0x00007fafc9021600 Thread added: 0x00007fafcc397200
Event: 1299.581 Thread 0x00007fafcc397200 Thread exited: 0x00007fafcc397200
Event: 1299.694 Thread 0x00007fafc901b400 Thread added: 0x00007fafce84e200
Event: 1299.864 Thread 0x00007fafce84e200 Thread exited: 0x00007fafce84e200
Event: 1332.964 Thread 0x00007fafc9021600 Thread added: 0x00007fafd3a43600
Event: 1332.989 Thread 0x00007fafc9021600 Thread added: 0x00007fafcb297e00


Dynamic libraries:
0x00000001085ae000 	/Library/Java/JavaVirtualMachines/zulu-17.jdk/Contents/Home/lib/libjli.dylib
0x00007ff816d99000 	/usr/lib/libz.1.dylib
0x00007ff816e84000 	/usr/lib/libSystem.B.dylib
0x00007ff816e7e000 	/usr/lib/system/libcache.dylib
0x00007ff816e37000 	/usr/lib/system/libcommonCrypto.dylib
0x00007ff816e60000 	/usr/lib/system/libcompiler_rt.dylib
0x00007ff816e54000 	/usr/lib/system/libcopyfile.dylib
0x00007ff806ba6000 	/usr/lib/system/libcorecrypto.dylib
0x00007ff806cbf000 	/usr/lib/system/libdispatch.dylib
0x00007ff806a52000 	/usr/lib/system/libdyld.dylib
0x00007ff816e74000 	/usr/lib/system/libkeymgr.dylib
0x00007ff816e1c000 	/usr/lib/system/libmacho.dylib
0x00007ff815f9f000 	/usr/lib/system/libquarantine.dylib
0x00007ff816e71000 	/usr/lib/system/libremovefile.dylib
0x00007ff80d198000 	/usr/lib/system/libsystem_asl.dylib
0x00007ff806b2e000 	/usr/lib/system/libsystem_blocks.dylib
0x00007ff806d0a000 	/usr/lib/system/libsystem_c.dylib
0x00007ff816e68000 	/usr/lib/system/libsystem_collections.dylib
0x00007ff814865000 	/usr/lib/system/libsystem_configuration.dylib
0x00007ff8133f6000 	/usr/lib/system/libsystem_containermanager.dylib
0x00007ff8168b0000 	/usr/lib/system/libsystem_coreservices.dylib
0x00007ff80a8bf000 	/usr/lib/system/libsystem_darwin.dylib
0x00007ffe10319000 	/usr/lib/system/libsystem_darwindirectory.dylib
0x00007ff816e75000 	/usr/lib/system/libsystem_dnssd.dylib
0x00007ffe1031e000 	/usr/lib/system/libsystem_eligibility.dylib
0x00007ff806d07000 	/usr/lib/system/libsystem_featureflags.dylib
0x00007ff806e8a000 	/usr/lib/system/libsystem_info.dylib
0x00007ff816dad000 	/usr/lib/system/libsystem_m.dylib
0x00007ff806c6d000 	/usr/lib/system/libsystem_malloc.dylib
0x00007ff80d101000 	/usr/lib/system/libsystem_networkextension.dylib
0x00007ff80ad07000 	/usr/lib/system/libsystem_notify.dylib
0x00007ff814869000 	/usr/lib/system/libsystem_sandbox.dylib
0x00007ffe10329000 	/usr/lib/system/libsystem_sanitizers.dylib
0x00007ff816e6d000 	/usr/lib/system/libsystem_secinit.dylib
0x00007ff806e35000 	/usr/lib/system/libsystem_kernel.dylib
0x00007ff806e80000 	/usr/lib/system/libsystem_platform.dylib
0x00007ff806e74000 	/usr/lib/system/libsystem_pthread.dylib
0x00007ff80ef7f000 	/usr/lib/system/libsystem_symptoms.dylib
0x00007ff806b86000 	/usr/lib/system/libsystem_trace.dylib
0x00007ffe10331000 	/usr/lib/system/libsystem_trial.dylib
0x00007ff816e43000 	/usr/lib/system/libunwind.dylib
0x00007ff806b32000 	/usr/lib/system/libxpc.dylib
0x00007ff806a0d000 	/usr/lib/libobjc.A.dylib
0x00007ff806eb9000 	/System/Library/Frameworks/CoreFoundation.framework/Versions/A/CoreFoundation
0x00007ff81aa88000 	/usr/lib/swift/libswiftCore.dylib
0x00007ff806e1d000 	/usr/lib/libc++abi.dylib
0x00007ffe0e5a2000 	/usr/lib/libRosetta.dylib
0x00007ff806d92000 	/usr/lib/libc++.1.dylib
0x00007ff808149000 	/System/Library/Frameworks/Foundation.framework/Versions/C/Foundation
0x00007ff8249eb000 	/usr/lib/swift/libswiftObjectiveC.dylib
0x00007ffe0fbda000 	/usr/lib/libswiftPrespecialized.dylib
0x00007ff807de0000 	/System/Library/Frameworks/SystemConfiguration.framework/Versions/A/SystemConfiguration
0x00007ff8117e2000 	/System/Library/PrivateFrameworks/CoreAutoLayout.framework/Versions/A/CoreAutoLayout
0x00007ff816e86000 	/usr/lib/libfakelink.dylib
0x00007ff8170fc000 	/usr/lib/libcompression.dylib
0x00007ff80cd65000 	/System/Library/Frameworks/CFNetwork.framework/Versions/A/CFNetwork
0x00007ff81099c000 	/System/Library/Frameworks/DiskArbitration.framework/Versions/A/DiskArbitration
0x00007ff816ed7000 	/usr/lib/libarchive.2.dylib
0x00007ff8108a7000 	/usr/lib/libDiagnosticMessagesClient.dylib
0x00007ff80a608000 	/usr/lib/libicucore.A.dylib
0x00007ff81182b000 	/usr/lib/libxml2.2.dylib
0x00007ff81fa9c000 	/System/Library/Frameworks/CoreServices.framework/Versions/A/CoreServices
0x00007ff814876000 	/usr/lib/liblangid.dylib
0x00007ff80ac39000 	/System/Library/Frameworks/IOKit.framework/Versions/A/IOKit
0x00007ff81d4de000 	/System/Library/Frameworks/Combine.framework/Versions/A/Combine
0x00007ffc073f9000 	/System/Library/PrivateFrameworks/CollectionsInternal.framework/Versions/A/CollectionsInternal
0x00007ffd13616000 	/System/Library/PrivateFrameworks/ReflectionInternal.framework/Versions/A/ReflectionInternal
0x00007ffd143fb000 	/System/Library/PrivateFrameworks/RuntimeInternal.framework/Versions/A/RuntimeInternal
0x00007ff816e89000 	/System/Library/PrivateFrameworks/SoftLinking.framework/Versions/A/SoftLinking
0x00007ff912dc8000 	/usr/lib/swift/libswiftCoreFoundation.dylib
0x00007ff90fc90000 	/usr/lib/swift/libswiftDarwin.dylib
0x00007ff821aee000 	/usr/lib/swift/libswiftDispatch.dylib
0x00007ff912e1d000 	/usr/lib/swift/libswiftIOKit.dylib
0x00007ffe0ffd5000 	/usr/lib/swift/libswiftSystem.dylib
0x00007ff912dd8000 	/usr/lib/swift/libswiftXPC.dylib
0x00007ffe10003000 	/usr/lib/swift/libswift_Builtin_float.dylib
0x00007ffe10004000 	/usr/lib/swift/libswift_Concurrency.dylib
0x00007ffe10073000 	/usr/lib/swift/libswift_DarwinFoundation1.dylib
0x00007ffe10123000 	/usr/lib/swift/libswift_StringProcessing.dylib
0x00007ff8249ef000 	/usr/lib/swift/libswiftos.dylib
0x00007ff80abb9000 	/System/Library/PrivateFrameworks/CoreServicesInternal.framework/Versions/A/CoreServicesInternal
0x00007ff816e4c000 	/usr/lib/liboah.dylib
0x00007ff80a208000 	/System/Library/Frameworks/Security.framework/Versions/A/Security
0x00007ff823f07000 	/System/Library/PrivateFrameworks/DiskImages.framework/Versions/A/DiskImages
0x00007ff90f731000 	/System/Library/Frameworks/NetFS.framework/Versions/A/NetFS
0x00007ff8117a9000 	/System/Library/Frameworks/CoreServices.framework/Versions/A/Frameworks/FSEvents.framework/Versions/A/FSEvents
0x00007ff80a8ca000 	/System/Library/Frameworks/CoreServices.framework/Versions/A/Frameworks/CarbonCore.framework/Versions/A/CarbonCore
0x00007ff810912000 	/System/Library/Frameworks/CoreServices.framework/Versions/A/Frameworks/Metadata.framework/Versions/A/Metadata
0x00007ff8168b7000 	/System/Library/Frameworks/CoreServices.framework/Versions/A/Frameworks/OSServices.framework/Versions/A/OSServices
0x00007ff816fb3000 	/System/Library/Frameworks/CoreServices.framework/Versions/A/Frameworks/SearchKit.framework/Versions/A/SearchKit
0x00007ff80eefc000 	/System/Library/Frameworks/CoreServices.framework/Versions/A/Frameworks/AE.framework/Versions/A/AE
0x00007ff807377000 	/System/Library/Frameworks/CoreServices.framework/Versions/A/Frameworks/LaunchServices.framework/Versions/A/LaunchServices
0x00007ff818437000 	/System/Library/Frameworks/CoreServices.framework/Versions/A/Frameworks/DictionaryServices.framework/Versions/A/DictionaryServices
0x00007ff8117b7000 	/System/Library/Frameworks/CoreServices.framework/Versions/A/Frameworks/SharedFileList.framework/Versions/A/SharedFileList
0x00007ff817035000 	/usr/lib/libapple_nghttp2.dylib
0x00007ff80eb10000 	/usr/lib/libsqlite3.dylib
0x00007ff80ed01000 	/System/Library/Frameworks/Accounts.framework/Versions/A/Accounts
0x00007ff824141000 	/System/Library/PrivateFrameworks/AppSupport.framework/Versions/A/AppSupport
0x00007ff911bdc000 	/System/Library/Frameworks/AVFoundation.framework/Versions/A/AVFoundation
0x00007ff810879000 	/System/Library/PrivateFrameworks/CoreAnalytics.framework/Versions/A/CoreAnalytics
0x00007ff80d72e000 	/System/Library/Frameworks/CoreGraphics.framework/Versions/A/CoreGraphics
0x00007ff81b727000 	/System/Library/Frameworks/GSS.framework/Versions/A/GSS
0x00007ff819b34000 	/System/Library/PrivateFrameworks/InternationalSupport.framework/Versions/A/InternationalSupport
0x00007ff80ee93000 	/System/Library/PrivateFrameworks/RunningBoardServices.framework/Versions/A/RunningBoardServices
0x00007ff824971000 	/System/Library/PrivateFrameworks/StreamingZip.framework/Versions/A/StreamingZip
0x00007ff80d11b000 	/usr/lib/libenergytrace.dylib
0x00007ff80ef87000 	/System/Library/Frameworks/Network.framework/Versions/A/Network
0x00007ff815fc4000 	/usr/lib/libbsm.0.dylib
0x00007ff816e20000 	/usr/lib/system/libkxld.dylib
0x00007ffb22f82000 	/System/Library/PrivateFrameworks/AppleKeyStore.framework/Versions/A/AppleKeyStore
0x00007ffe0e31f000 	/usr/lib/libCoreEntitlements.dylib
0x00007ffd08af1000 	/System/Library/PrivateFrameworks/MessageSecurity.framework/Versions/A/MessageSecurity
0x00007ff80eaf4000 	/System/Library/PrivateFrameworks/ProtocolBuffer.framework/Versions/A/ProtocolBuffer
0x00007ff820b88000 	/System/Library/PrivateFrameworks/SymptomDiagnosticReporter.framework/Versions/A/SymptomDiagnosticReporter
0x00007ff818777000 	/System/Library/PrivateFrameworks/CrashReporterSupport.framework/Versions/A/CrashReporterSupport
0x00007ff80d11c000 	/usr/lib/libMobileGestalt.dylib
0x00007ff816897000 	/System/Library/PrivateFrameworks/AppleFSCompression.framework/Versions/A/AppleFSCompression
0x00007ff815fac000 	/usr/lib/libcoretls.dylib
0x00007ff8184a5000 	/usr/lib/libcoretls_cfhelpers.dylib
0x00007ff8170f6000 	/usr/lib/libpam.2.dylib
0x00007ff818522000 	/usr/lib/libxar.1.dylib
0x00007ff8184a7000 	/System/Library/PrivateFrameworks/APFS.framework/Versions/A/APFS
0x00007ffd1eaa2000 	/System/Library/PrivateFrameworks/SwiftASN1Internal.framework/Versions/A/SwiftASN1Internal
0x00007ff818530000 	/usr/lib/libutil.dylib
0x00007ff814871000 	/System/Library/PrivateFrameworks/AppleSystemInfo.framework/Versions/A/AppleSystemInfo
0x00007ff815c8e000 	/System/Library/PrivateFrameworks/IOMobileFramebuffer.framework/Versions/A/IOMobileFramebuffer
0x00007ff81342d000 	/System/Library/Frameworks/IOSurface.framework/Versions/A/IOSurface
0x00007ff823891000 	/System/Library/PrivateFrameworks/CoreWiFi.framework/Versions/A/CoreWiFi
0x00007ff912c8e000 	/System/Library/PrivateFrameworks/LoggingSupport.framework/Versions/A/LoggingSupport
0x00007ff81b77f000 	/System/Library/PrivateFrameworks/MobileAsset.framework/Versions/A/MobileAsset
0x00007ff820b97000 	/System/Library/PrivateFrameworks/PowerLog.framework/Versions/A/PowerLog
0x00007ff8223cc000 	/System/Library/PrivateFrameworks/Rapport.framework/Versions/A/Rapport
0x00007ffb1c35e000 	/System/Library/Frameworks/SwiftData.framework/Versions/A/SwiftData
0x00007ff80c757000 	/System/Library/Frameworks/UniformTypeIdentifiers.framework/Versions/A/UniformTypeIdentifiers
0x00007ff8119c0000 	/System/Library/PrivateFrameworks/UserManagement.framework/Versions/A/UserManagement
0x00007ff80cc80000 	/usr/lib/libboringssl.dylib
0x00007ff80ef6d000 	/usr/lib/libdns_services.dylib
0x00007ff911d16000 	/usr/lib/libquic.dylib
0x00007ff81aa12000 	/usr/lib/libusrtcp.dylib
0x00007ffb23ddb000 	/System/Library/PrivateFrameworks/AtomicsInternal.framework/Versions/A/AtomicsInternal
0x00007ffa1943d000 	/System/Library/PrivateFrameworks/InternalSwiftProtobuf.framework/Versions/A/InternalSwiftProtobuf
0x00007ffe0fe33000 	/usr/lib/swift/libswiftDistributed.dylib
0x00007ffe0fe57000 	/usr/lib/swift/libswiftObservation.dylib
0x00007ffe0ffc1000 	/usr/lib/swift/libswiftSynchronization.dylib
0x00007ff814870000 	/System/Library/PrivateFrameworks/AggregateDictionary.framework/Versions/A/AggregateDictionary
0x00007ffc04406000 	/System/Library/PrivateFrameworks/BiomeLibrary.framework/Versions/A/BiomeLibrary
0x00007ff92215b000 	/System/Library/PrivateFrameworks/BiomeStreams.framework/Versions/A/BiomeStreams
0x00007ff91df16000 	/System/Library/PrivateFrameworks/BiomeFoundation.framework/Versions/A/BiomeFoundation
0x00007ffa08389000 	/System/Library/PrivateFrameworks/BiomePubSub.framework/Versions/A/BiomePubSub
0x00007ff80e669000 	/System/Library/Frameworks/CoreData.framework/Versions/A/CoreData
0x00007ff825a34000 	/System/Library/PrivateFrameworks/ProactiveSupport.framework/Versions/A/ProactiveSupport
0x00007ffb1e165000 	/System/Library/Frameworks/_LocationEssentials.framework/Versions/A/_LocationEssentials
0x00007ff818486000 	/usr/lib/liblzma.5.dylib
0x00007ff81fd14000 	/System/Library/Frameworks/Accelerate.framework/Versions/A/Accelerate
0x00007ff815eb3000 	/System/Library/PrivateFrameworks/MobileKeyBag.framework/Versions/A/MobileKeyBag
0x00007ff82444e000 	/System/Library/PrivateFrameworks/InternationalTextSearch.framework/Versions/A/InternationalTextSearch
0x00007ff91a696000 	/System/Library/PrivateFrameworks/SoftwareUpdateCoreSupport.framework/Versions/A/SoftwareUpdateCoreSupport
0x00007ff922b06000 	/System/Library/PrivateFrameworks/SoftwareUpdateCoreConnect.framework/Versions/A/SoftwareUpdateCoreConnect
0x00007ff823ff1000 	/System/Library/PrivateFrameworks/RemoteServiceDiscovery.framework/Versions/A/RemoteServiceDiscovery
0x00007ff91a25e000 	/System/Library/PrivateFrameworks/MSUDataAccessor.framework/Versions/A/MSUDataAccessor
0x00007ff915028000 	/usr/lib/libbootpolicy.dylib
0x00007ff824008000 	/System/Library/PrivateFrameworks/RemoteXPC.framework/Versions/A/RemoteXPC
0x00007ff92200a000 	/usr/lib/libFDR.dylib
0x00007ffa07fb3000 	/usr/lib/libamsupport.dylib
0x00007ffb2274c000 	/System/Library/PrivateFrameworks/AppleDeviceQuerySupport.framework/Versions/A/AppleDeviceQuerySupport
0x00007ffa0b16d000 	/usr/lib/libpartition2_dynamic.dylib
0x00007ff817013000 	/System/Library/PrivateFrameworks/AppleSauce.framework/Versions/A/AppleSauce
0x00007ffe0e1a3000 	/usr/lib/libAppleArchive.dylib
0x00007ff8168a2000 	/usr/lib/libbz2.1.0.dylib
0x00007ff8109a4000 	/System/Library/Frameworks/Accelerate.framework/Versions/A/Frameworks/vImage.framework/Versions/A/vImage
0x00007ff81fa72000 	/System/Library/Frameworks/Accelerate.framework/Versions/A/Frameworks/vecLib.framework/Versions/A/vecLib
0x00007ff818564000 	/System/Library/Frameworks/Accelerate.framework/Versions/A/Frameworks/vecLib.framework/Versions/A/libvMisc.dylib
0x00007ff807891000 	/System/Library/Frameworks/Accelerate.framework/Versions/A/Frameworks/vecLib.framework/Versions/A/libBLAS.dylib
0x00007ff82444d000 	/System/Library/Frameworks/ApplicationServices.framework/Versions/A/ApplicationServices
0x00007ff81190c000 	/System/Library/Frameworks/CoreVideo.framework/Versions/A/CoreVideo
0x00007ff80e049000 	/System/Library/Frameworks/ColorSync.framework/Versions/A/ColorSync
0x00007ff809826000 	/System/Library/Frameworks/CoreText.framework/Versions/A/CoreText
0x00007ff813f09000 	/System/Library/Frameworks/ImageIO.framework/Versions/A/ImageIO
0x00007ff81b331000 	/System/Library/Frameworks/ApplicationServices.framework/Versions/A/Frameworks/ATS.framework/Versions/A/ATS
0x00007ff80e1f1000 	/System/Library/Frameworks/ApplicationServices.framework/Versions/A/Frameworks/HIServices.framework/Versions/A/HIServices
0x00007ff819a03000 	/System/Library/Frameworks/ApplicationServices.framework/Versions/A/Frameworks/PrintCore.framework/Versions/A/PrintCore
0x00007ff81b6f1000 	/System/Library/Frameworks/ApplicationServices.framework/Versions/A/Frameworks/QD.framework/Versions/A/QD
0x00007ff81b6ed000 	/System/Library/Frameworks/ApplicationServices.framework/Versions/A/Frameworks/ColorSyncLegacy.framework/Versions/A/ColorSyncLegacy
0x00007ff81b306000 	/System/Library/Frameworks/ApplicationServices.framework/Versions/A/Frameworks/SpeechSynthesis.framework/Versions/A/SpeechSynthesis
0x00007ff80d1d2000 	/System/Library/PrivateFrameworks/SkyLight.framework/Versions/A/SkyLight
0x00007ff81390a000 	/System/Library/PrivateFrameworks/FontServices.framework/libFontParser.dylib
0x00007ff80eda1000 	/System/Library/PrivateFrameworks/BaseBoard.framework/Versions/A/BaseBoard
0x00007ff821e3b000 	/System/Library/PrivateFrameworks/BoardServices.framework/Versions/A/BoardServices
0x00007ff823d26000 	/System/Library/PrivateFrameworks/BackBoardServices.framework/Versions/A/BackBoardServices
0x00007ffc04318000 	/System/Library/PrivateFrameworks/BackBoardHIDEventFoundation.framework/Versions/A/BackBoardHIDEventFoundation
0x00007ff80932f000 	/System/Library/Frameworks/CoreDisplay.framework/Versions/A/CoreDisplay
0x00007ff819236000 	/System/Library/Frameworks/VideoToolbox.framework/Versions/A/VideoToolbox
0x00007ff8170f4000 	/System/Library/Frameworks/MetalPerformanceShaders.framework/Versions/A/MetalPerformanceShaders
0x00007ffd12666000 	/System/Library/PrivateFrameworks/ProDisplayLibrary.framework/Versions/A/ProDisplayLibrary
0x00007ff905088000 	/System/Library/PrivateFrameworks/IOSurfaceAccelerator.framework/Versions/A/IOSurfaceAccelerator
0x00007ff813451000 	/System/Library/Frameworks/Metal.framework/Versions/A/Metal
0x00007ff813448000 	/System/Library/PrivateFrameworks/IOAccelerator.framework/Versions/A/IOAccelerator
0x00007ff813762000 	/System/Library/Frameworks/CoreMedia.framework/Versions/A/CoreMedia
0x00007ff80d1b0000 	/System/Library/PrivateFrameworks/TCC.framework/Versions/A/TCC
0x00007ff8191ef000 	/System/Library/PrivateFrameworks/WatchdogClient.framework/Versions/A/WatchdogClient
0x00007ff811072000 	/System/Library/Frameworks/QuartzCore.framework/Versions/A/QuartzCore
0x00007ff8191f1000 	/System/Library/PrivateFrameworks/MultitouchSupport.framework/Versions/A/MultitouchSupport
0x00007ffa0af5c000 	/usr/lib/swift/libswiftAccelerate.dylib
0x00007ff912dae000 	/usr/lib/swift/libswiftCoreAudio.dylib
0x00007ffa0efc2000 	/usr/lib/swift/libswiftCoreMedia.dylib
0x00007ff921125000 	/usr/lib/swift/libswiftMetal.dylib
0x00007ffa107b8000 	/usr/lib/swift/libswiftOSLog.dylib
0x00007ffa0640b000 	/usr/lib/swift/libswiftQuartzCore.dylib
0x00007ffa0af4d000 	/usr/lib/swift/libswiftUniformTypeIdentifiers.dylib
0x00007ffe0ffec000 	/usr/lib/swift/libswiftVideoToolbox.dylib
0x00007ff916b22000 	/usr/lib/swift/libswiftsimd.dylib
0x00007ffa083ec000 	/System/Library/PrivateFrameworks/BiomeStorage.framework/Versions/A/BiomeStorage
0x00007ffc1f736000 	/System/Library/PrivateFrameworks/IntelligencePlatformLibrary.framework/Versions/A/IntelligencePlatformLibrary
0x00007ffd11641000 	/System/Library/PrivateFrameworks/PoirotSchematizer.framework/Versions/A/PoirotSchematizer
0x00007ffc04deb000 	/System/Library/PrivateFrameworks/BiomeSync.framework/Versions/A/BiomeSync
0x00007ffc043ed000 	/System/Library/PrivateFrameworks/BiomeDSL.framework/Versions/A/BiomeDSL
0x00007ffa20f21000 	/System/Library/PrivateFrameworks/FeatureFlags.framework/Versions/A/FeatureFlags
0x00007ffd116b6000 	/System/Library/PrivateFrameworks/PoirotUDFs.framework/Versions/A/PoirotUDFs
0x00007ffe10077000 	/usr/lib/swift/libswift_DarwinFoundation2.dylib
0x00007ffe10078000 	/usr/lib/swift/libswift_DarwinFoundation3.dylib
0x00007ff8223c2000 	/System/Library/PrivateFrameworks/CoreTime.framework/Versions/A/CoreTime
0x00007ff816ebf000 	/usr/lib/libiconv.2.dylib
0x00007ff816e1b000 	/usr/lib/libcharset.1.dylib
0x00007ffd1160c000 	/System/Library/PrivateFrameworks/PoirotSQLite.framework/Versions/A/PoirotSQLite
0x00007ffe10079000 	/usr/lib/swift/libswift_RegexParser.dylib
0x00007ffc06249000 	/System/Library/PrivateFrameworks/CascadeSets.framework/Versions/A/CascadeSets
0x00007ff81b8fa000 	/System/Library/PrivateFrameworks/CorePhoneNumbers.framework/Versions/A/CorePhoneNumbers
0x00007ff818fd9000 	/System/Library/PrivateFrameworks/AppleJPEG.framework/Versions/A/AppleJPEG
0x00007ff8189da000 	/usr/lib/libexpat.1.dylib
0x00007ff8198cd000 	/System/Library/Frameworks/ImageIO.framework/Versions/A/Resources/libPng.dylib
0x00007ff8198fb000 	/System/Library/Frameworks/ImageIO.framework/Versions/A/Resources/libTIFF.dylib
0x00007ff8199ec000 	/System/Library/Frameworks/ImageIO.framework/Versions/A/Resources/libGIF.dylib
0x00007ff819025000 	/System/Library/Frameworks/ImageIO.framework/Versions/A/Resources/libJP2.dylib
0x00007ff8186d8000 	/usr/lib/libate.dylib
0x00007ff81998d000 	/System/Library/Frameworks/ImageIO.framework/Versions/A/Resources/libJPEG.dylib
0x00007ff819984000 	/System/Library/Frameworks/ImageIO.framework/Versions/A/Resources/libRadiance.dylib
0x00007ffc16117000 	/System/Library/PrivateFrameworks/GPUCompiler.framework/Versions/32023/Libraries/libllvm-flatbuffers.dylib
0x00007ffc10a00000 	/System/Library/PrivateFrameworks/FramePacing.framework/Versions/A/FramePacing
0x00007ffb125f1000 	/System/Library/Frameworks/OpenGL.framework/Versions/A/Libraries/libCoreFSCache.dylib
0x00007ffc11968000 	/System/Library/PrivateFrameworks/GPUCompiler.framework/Versions/32023/Libraries/libGPUCompilerUtils.dylib
0x00007ff821f08000 	/System/Library/PrivateFrameworks/GraphicsServices.framework/Versions/A/GraphicsServices
0x00007ffb125fe000 	/System/Library/Frameworks/OpenGL.framework/Versions/A/OpenGL
0x00007ffb1264f000 	/System/Library/Frameworks/OpenGL.framework/Versions/A/Libraries/libGLU.dylib
0x00007ffb12611000 	/System/Library/Frameworks/OpenGL.framework/Versions/A/Libraries/libGFXShared.dylib
0x00007ffb12810000 	/System/Library/Frameworks/OpenGL.framework/Versions/A/Libraries/libGL.dylib
0x00007ffb1261a000 	/System/Library/Frameworks/OpenGL.framework/Versions/A/Libraries/libGLImage.dylib
0x00007ffb1260e000 	/System/Library/Frameworks/OpenGL.framework/Versions/A/Libraries/libCVMSPluginSupport.dylib
0x00007ffb125f9000 	/System/Library/Frameworks/OpenGL.framework/Versions/A/Libraries/libCoreVMClient.dylib
0x00007ff81997d000 	/System/Library/PrivateFrameworks/GPUWrangler.framework/Versions/A/GPUWrangler
0x00007ff819961000 	/System/Library/PrivateFrameworks/IOPresentment.framework/Versions/A/IOPresentment
0x00007ff819987000 	/System/Library/PrivateFrameworks/DSExternalDisplay.framework/Versions/A/DSExternalDisplay
0x00007ffe0636b000 	/System/Library/PrivateFrameworks/VideoToolboxParavirtualizationSupport.framework/Versions/A/VideoToolboxParavirtualizationSupport
0x00007ff81898d000 	/System/Library/PrivateFrameworks/AppleVA.framework/Versions/A/AppleVA
0x00007ffb16fc8000 	/System/Library/Frameworks/ExtensionFoundation.framework/Versions/A/ExtensionFoundation
0x00007ff8199f2000 	/System/Library/PrivateFrameworks/CMCaptureCore.framework/Versions/A/CMCaptureCore
0x00007ff818c71000 	/usr/lib/libspindump.dylib
0x00007ff809a62000 	/System/Library/Frameworks/CoreAudio.framework/Versions/A/CoreAudio
0x00007ff818c63000 	/System/Library/PrivateFrameworks/AppServerSupport.framework/Versions/A/AppServerSupport
0x00007ff81b6fb000 	/System/Library/PrivateFrameworks/perfdata.framework/Versions/A/perfdata
0x00007ff809458000 	/System/Library/PrivateFrameworks/AudioToolboxCore.framework/Versions/A/AudioToolboxCore
0x00007ff81373d000 	/System/Library/PrivateFrameworks/caulk.framework/Versions/A/caulk
0x00007ff81b2ed000 	/usr/lib/libAudioStatistics.dylib
0x00007ff911dfe000 	/System/Library/PrivateFrameworks/SystemPolicy.framework/Versions/A/SystemPolicy
0x00007ff81b59d000 	/usr/lib/libSMC.dylib
0x00007ff919a97000 	/usr/lib/swift/libswiftCoreMIDI.dylib
0x00007ff90449a000 	/System/Library/Frameworks/CoreMIDI.framework/Versions/A/CoreMIDI
0x00007ff8198ab000 	/usr/lib/libAudioToolboxUtility.dylib
0x00007ff81b709000 	/usr/lib/libperfcheck.dylib
0x00007ffb23ea0000 	/System/Library/PrivateFrameworks/AudioAnalytics.framework/Versions/A/AudioAnalytics
0x00007ffa1912c000 	/System/Library/Frameworks/OSLog.framework/Versions/A/OSLog
0x00007ffd0d707000 	/System/Library/PrivateFrameworks/OSEligibility.framework/Versions/A/OSEligibility
0x00007ff818a60000 	/System/Library/PrivateFrameworks/IconServices.framework/Versions/A/IconServices
0x00007ffb18177000 	/System/Library/Frameworks/LightweightCodeRequirements.framework/Versions/A/LightweightCodeRequirements
0x00007ff8188c8000 	/System/Library/PrivateFrameworks/PlugInKit.framework/Versions/A/PlugInKit
0x00007ff815ec9000 	/System/Library/PrivateFrameworks/AssertionServices.framework/Versions/A/AssertionServices
0x00007ff8189ff000 	/System/Library/PrivateFrameworks/IconFoundation.framework/Versions/A/IconFoundation
0x00007ffc1c8e1000 	/System/Library/PrivateFrameworks/IconRendering.framework/Versions/A/IconRendering
0x00007ff8114a5000 	/System/Library/PrivateFrameworks/CoreUI.framework/Versions/A/CoreUI
0x00007ff814250000 	/System/Library/Frameworks/CoreImage.framework/Versions/A/CoreImage
0x00007ffd145b1000 	/System/Library/PrivateFrameworks/SFSymbols.framework/Versions/A/SFSymbols
0x00007ffb16ea5000 	/System/Library/Frameworks/DeveloperToolsSupport.framework/Versions/A/DeveloperToolsSupport
0x00007ff909caf000 	/System/Library/PrivateFrameworks/RenderBox.framework/Versions/A/RenderBox
0x00007ff813ece000 	/System/Library/PrivateFrameworks/CoreSVG.framework/Versions/A/CoreSVG
0x00007ff819a76000 	/System/Library/PrivateFrameworks/TextureIO.framework/Versions/A/TextureIO
0x00007ff912e1c000 	/usr/lib/swift/libswiftCoreImage.dylib
0x00007ffb13c62000 	/System/Library/Frameworks/OpenCL.framework/Versions/A/OpenCL
0x00007ff818c0c000 	/System/Library/PrivateFrameworks/GraphVisualizer.framework/Versions/A/GraphVisualizer
0x00007ffc1090b000 	/System/Library/PrivateFrameworks/FontServices.framework/Versions/A/FontServices
0x00007ff818c1f000 	/System/Library/PrivateFrameworks/OTSVG.framework/Versions/A/OTSVG
0x00007ff811459000 	/System/Library/Frameworks/ApplicationServices.framework/Versions/A/Frameworks/ATS.framework/Versions/A/Resources/libFontRegistry.dylib
0x00007ffe0f1ff000 	/usr/lib/libhvf.dylib
0x00007ffd0e259000 	/System/Library/PrivateFrameworks/ParsingInternal.framework/Versions/A/ParsingInternal
0x00007ffc1090f000 	/System/Library/PrivateFrameworks/FontServices.framework/libXTFontStaticRegistryData.dylib
0x00007ff8147a3000 	/System/Library/Frameworks/MetalPerformanceShaders.framework/Versions/A/Frameworks/MPSCore.framework/Versions/A/MPSCore
0x00007ff8167f2000 	/System/Library/Frameworks/MetalPerformanceShaders.framework/Versions/A/Frameworks/MPSImage.framework/Versions/A/MPSImage
0x00007ff816047000 	/System/Library/Frameworks/MetalPerformanceShaders.framework/Versions/A/Frameworks/MPSNeuralNetwork.framework/Versions/A/MPSNeuralNetwork
0x00007ff816590000 	/System/Library/Frameworks/MetalPerformanceShaders.framework/Versions/A/Frameworks/MPSMatrix.framework/Versions/A/MPSMatrix
0x00007ff816346000 	/System/Library/Frameworks/MetalPerformanceShaders.framework/Versions/A/Frameworks/MPSRayIntersector.framework/Versions/A/MPSRayIntersector
0x00007ff8165cf000 	/System/Library/Frameworks/MetalPerformanceShaders.framework/Versions/A/Frameworks/MPSNDArray.framework/Versions/A/MPSNDArray
0x00007ffb18fe1000 	/System/Library/Frameworks/MetalPerformanceShaders.framework/Versions/A/Frameworks/MPSFunctions.framework/Versions/A/MPSFunctions
0x00007ffb18fc1000 	/System/Library/Frameworks/MetalPerformanceShaders.framework/Versions/A/Frameworks/MPSBenchmarkLoop.framework/Versions/A/MPSBenchmarkLoop
0x00007ffb18ff6000 	/System/Library/Frameworks/MetalPerformanceShaders.framework/Versions/A/Frameworks/MPSHost.framework/Versions/A/MPSHost
0x00007ff80769c000 	/System/Library/PrivateFrameworks/MetalTools.framework/Versions/A/MetalTools
0x00007ff91839c000 	/System/Library/PrivateFrameworks/IOAccelMemoryInfo.framework/Versions/A/IOAccelMemoryInfo
0x00007ffa06817000 	/System/Library/PrivateFrameworks/kperf.framework/Versions/A/kperf
0x00007ff912daa000 	/System/Library/PrivateFrameworks/GPURawCounter.framework/Versions/A/GPURawCounter
0x00007ffa148b5000 	/System/Library/PrivateFrameworks/Symbolication.framework/Versions/A/Symbolication
0x00007ffd11204000 	/System/Library/PrivateFrameworks/PhotosensitivityProcessing.framework/Versions/A/PhotosensitivityProcessing
0x00007ff82225e000 	/System/Library/PrivateFrameworks/CoreSymbolication.framework/Versions/A/CoreSymbolication
0x00007ff912d23000 	/System/Library/PrivateFrameworks/MallocStackLogging.framework/Versions/A/MallocStackLogging
0x00007ff822240000 	/System/Library/PrivateFrameworks/DebugSymbols.framework/Versions/A/DebugSymbols
0x00007ffa05029000 	/System/Library/PrivateFrameworks/OSAnalytics.framework/Versions/A/OSAnalytics
0x00007ffc0e9aa000 	/System/Library/PrivateFrameworks/DeviceRecovery.framework/Versions/A/DeviceRecovery
0x00007ff8199be000 	/System/Library/Frameworks/ApplicationServices.framework/Versions/A/Frameworks/ATSUI.framework/Versions/A/ATSUI
0x00007ff81b0aa000 	/System/Library/Frameworks/AudioToolbox.framework/Versions/A/AudioToolbox
0x00007ff816bce000 	/System/Library/Frameworks/UserNotifications.framework/Versions/A/UserNotifications
0x00007ff918a17000 	/System/Library/PrivateFrameworks/SiriInstrumentation.framework/Versions/A/SiriInstrumentation
0x00007ffd16714000 	/System/Library/PrivateFrameworks/SiriAnalytics.framework/Versions/A/SiriAnalytics
0x00007ff916161000 	/System/Library/PrivateFrameworks/FeedbackLogger.framework/Versions/A/FeedbackLogger
0x00007ffa10a65000 	/usr/lib/swift/libswiftAVFoundation.dylib
0x00007ffe044a6000 	/System/Library/PrivateFrameworks/UnifiedAssetFramework.framework/Versions/A/UnifiedAssetFramework
0x00007ff81b271000 	/System/Library/PrivateFrameworks/AudioSession.framework/Versions/A/AudioSession
0x00007ff818b26000 	/System/Library/PrivateFrameworks/MediaExperience.framework/Versions/A/MediaExperience
0x00007ff81b05b000 	/System/Library/PrivateFrameworks/AudioSession.framework/libSessionUtility.dylib
0x00007ff820a76000 	/System/Library/Frameworks/CoreBluetooth.framework/Versions/A/CoreBluetooth
0x00007ff815d46000 	/System/Library/PrivateFrameworks/CoreUtils.framework/Versions/A/CoreUtils
0x00007ff90a9e1000 	/System/Library/PrivateFrameworks/HID.framework/Versions/A/HID
0x00007ffc0da4c000 	/System/Library/PrivateFrameworks/CoreUtilsExtras.framework/Versions/A/CoreUtilsExtras
0x00007ffc1c82f000 	/System/Library/PrivateFrameworks/IO80211.framework/Versions/A/IO80211
0x00007ff81d23d000 	/System/Library/Frameworks/IOBluetooth.framework/Versions/A/IOBluetooth
0x00007ff921132000 	/usr/lib/swift/libswiftCompression.dylib
0x00007ffe0fe73000 	/usr/lib/swift/libswiftRegexBuilder.dylib
0x00007ff81876e000 	/usr/lib/libIOReport.dylib
0x00007ffa20f9f000 	/System/Library/PrivateFrameworks/WiFiPeerToPeer.framework/Versions/A/WiFiPeerToPeer
0x00007ff815ed6000 	/System/Library/Frameworks/SecurityFoundation.framework/Versions/A/SecurityFoundation
0x00007ff807b04000 	/System/Library/PrivateFrameworks/Lexicon.framework/Versions/A/Lexicon
0x00007ffe0f65c000 	/usr/lib/libmrc.dylib
0x00007ffc1c8a1000 	/System/Library/PrivateFrameworks/IPConfiguration.framework/Versions/A/IPConfiguration
0x00007ffa14fe8000 	/System/Library/PrivateFrameworks/Netrb.framework/Versions/A/Netrb
0x00007ff821d5a000 	/System/Library/PrivateFrameworks/FrontBoardServices.framework/Versions/A/FrontBoardServices
0x00007ff81602f000 	/usr/lib/libgermantok.dylib
0x00007ff814986000 	/System/Library/PrivateFrameworks/LinguisticData.framework/Versions/A/LinguisticData
0x00007ff820c79000 	/System/Library/PrivateFrameworks/MediaKit.framework/Versions/A/MediaKit
0x00007ff820bd3000 	/System/Library/Frameworks/DiscRecording.framework/Versions/A/DiscRecording
0x00007ff8189f6000 	/usr/lib/libheimdal-asn1.dylib
0x00007ff82494c000 	/System/Library/Frameworks/AudioUnit.framework/Versions/A/AudioUnit
0x00007ff811776000 	/System/Library/Frameworks/OpenDirectory.framework/Versions/A/OpenDirectory
0x00007ff811782000 	/System/Library/Frameworks/OpenDirectory.framework/Versions/A/Frameworks/CFOpenDirectory.framework/Versions/A/CFOpenDirectory
0x00007ff81d59d000 	/System/Library/PrivateFrameworks/GeoServices.framework/Versions/A/GeoServices
0x00007ff81b024000 	/System/Library/PrivateFrameworks/LocationSupport.framework/Versions/A/LocationSupport
0x00007ffc19713000 	/System/Library/PrivateFrameworks/GeoServicesCore.framework/Versions/A/GeoServicesCore
0x00007ff90b883000 	/System/Library/PrivateFrameworks/PhoneNumbers.framework/Versions/A/PhoneNumbers
0x00007ffc2140e000 	/System/Library/PrivateFrameworks/LocationLogEncryption.framework/Versions/A/LocationLogEncryption
0x00007ffb156a7000 	/System/Library/Frameworks/AVFAudio.framework/Versions/A/AVFAudio
0x00007ffb157e3000 	/System/Library/Frameworks/AVRouting.framework/Versions/A/AVRouting
0x00007ff90b97c000 	/usr/lib/libAccessibility.dylib
0x00007ffc200b7000 	/System/Library/PrivateFrameworks/IsolatedCoreAudioClient.framework/Versions/A/IsolatedCoreAudioClient
0x00007ffd22110000 	/System/Library/PrivateFrameworks/Tightbeam.framework/Versions/A/Tightbeam
0x00007ffc099d4000 	/System/Library/PrivateFrameworks/CoreAudioOrchestration.framework/Versions/A/CoreAudioOrchestration
0x00007ffa0b641000 	/System/Library/PrivateFrameworks/AFKUser.framework/Versions/A/AFKUser
0x00007ff819efa000 	/System/Library/Frameworks/MediaToolbox.framework/Versions/A/MediaToolbox
0x00007ff821157000 	/System/Library/PrivateFrameworks/CoreAVCHD.framework/Versions/A/CoreAVCHD
0x00007ff81fd61000 	/System/Library/Frameworks/MediaAccessibility.framework/Versions/A/MediaAccessibility
0x00007ff821153000 	/System/Library/PrivateFrameworks/Mangrove.framework/Versions/A/Mangrove
0x00007ffc059e9000 	/System/Library/PrivateFrameworks/CMPhoto.framework/Versions/A/CMPhoto
0x00007ff821904000 	/System/Library/Frameworks/CoreTelephony.framework/Versions/A/CoreTelephony
0x00007ff822107000 	/System/Library/PrivateFrameworks/AppleVPA.framework/Versions/A/AppleVPA
0x00007ff820d98000 	/System/Library/PrivateFrameworks/CoreAUC.framework/Versions/A/CoreAUC
0x00007ffb22c5a000 	/System/Library/PrivateFrameworks/AppleJPEGXL.framework/Versions/A/AppleJPEGXL
0x00007ff81b909000 	/usr/lib/libTelephonyUtilDynamic.dylib
0x00007ffa1c1a1000 	/System/Library/Frameworks/CryptoKit.framework/Versions/A/CryptoKit
0x00007ff824947000 	/System/Library/PrivateFrameworks/CryptoKitCBridging.framework/Versions/A/CryptoKitCBridging
0x00007ff821f18000 	/System/Library/Frameworks/CryptoTokenKit.framework/Versions/A/CryptoTokenKit
0x00007ffc0e4b8000 	/System/Library/PrivateFrameworks/Dendrite.framework/Versions/A/Dendrite
0x00007ff912972000 	/System/Library/Frameworks/NaturalLanguage.framework/Versions/A/NaturalLanguage
0x00007ffc19457000 	/System/Library/PrivateFrameworks/GenerativeModels.framework/Versions/A/GenerativeModels
0x00007ffa20f2c000 	/usr/lib/swift/libswiftNaturalLanguage.dylib
0x00007ffb2391e000 	/System/Library/PrivateFrameworks/AppleMobileFileIntegrity.framework/Versions/A/AppleMobileFileIntegrity
0x00007ffe0e609000 	/usr/lib/libTLE.dylib
0x00007ff912d53000 	/usr/lib/libmis.dylib
0x00007ffb0a679000 	/System/Library/PrivateFrameworks/ConfigProfileHelper.framework/Versions/A/ConfigProfileHelper
0x00007ff824ac9000 	/System/Library/PrivateFrameworks/Espresso.framework/Versions/A/Espresso
0x00007ff811ed1000 	/System/Library/Frameworks/CoreML.framework/Versions/A/CoreML
0x00007ffa1ef8f000 	/usr/lib/libedit.3.dylib
0x00007ffb0ac5d000 	/System/Library/PrivateFrameworks/ANECompiler.framework/Versions/A/ANECompiler
0x00007ff9042c2000 	/System/Library/PrivateFrameworks/AppleNeuralEngine.framework/Versions/A/AppleNeuralEngine
0x00007ffc2151e000 	/System/Library/PrivateFrameworks/MIL.framework/Versions/A/MIL
0x00007ffb18ffd000 	/System/Library/Frameworks/MetalPerformanceShadersGraph.framework/Versions/A/MetalPerformanceShadersGraph
0x00007ffc21cf0000 	/System/Library/PrivateFrameworks/MLCompilerServices.framework/Versions/A/MLCompilerServices
0x00007ff825a02000 	/System/Library/PrivateFrameworks/ANEServices.framework/Versions/A/ANEServices
0x00007ff918361000 	/usr/lib/libncurses.5.4.dylib
0x00007ff80ad19000 	/usr/lib/libsandbox.1.dylib
0x00007ff81890b000 	/usr/lib/libMatch.1.dylib
0x00007ffd0d4c4000 	/System/Library/PrivateFrameworks/ODIE.framework/Versions/A/ODIE
0x00007ffd06e13000 	/System/Library/PrivateFrameworks/MLModelAsset.framework/Versions/A/MLModelAsset
0x00007ffc21c96000 	/System/Library/PrivateFrameworks/MLCompilerRuntime.framework/Versions/A/MLCompilerRuntime
0x00007ff8163a8000 	/System/Library/Frameworks/MLCompute.framework/Versions/A/MLCompute
0x00007ffc21c1d000 	/System/Library/PrivateFrameworks/MLAssetIO.framework/Versions/A/MLAssetIO
0x00007ffe0fe4a000 	/usr/lib/swift/libswiftMLCompute.dylib
0x00007ff821b03000 	/System/Library/PrivateFrameworks/AVFCore.framework/Versions/A/AVFCore
0x00007ff909267000 	/System/Library/PrivateFrameworks/AVFCapture.framework/Versions/A/AVFCapture
0x00007ffc05892000 	/System/Library/PrivateFrameworks/CMImaging.framework/Versions/A/CMImaging
0x00007ff9094b6000 	/System/Library/PrivateFrameworks/Quagga.framework/Versions/A/Quagga
0x00007ff9095e1000 	/System/Library/PrivateFrameworks/CMCapture.framework/Versions/A/CMCapture
0x00007ff81b48e000 	/System/Library/Frameworks/CoreMediaIO.framework/Versions/A/CoreMediaIO
0x00007ffc057ca000 	/System/Library/PrivateFrameworks/CMCaptureDevice.framework/Versions/A/CMCaptureDevice
0x00007ff818d45000 	/System/Library/PrivateFrameworks/CoreBrightness.framework/Versions/A/CoreBrightness
0x00007ffc06710000 	/System/Library/PrivateFrameworks/CinematicFraming.framework/Versions/A/CinematicFraming
0x00007ffd09dee000 	/System/Library/PrivateFrameworks/ModelManagerServices.framework/Versions/A/ModelManagerServices
0x00007ffd1f85e000 	/System/Library/PrivateFrameworks/SystemStatus.framework/Versions/A/SystemStatus
0x00007ff9117f9000 	/System/Library/Frameworks/CoreMotion.framework/Versions/A/CoreMotion
0x00007ff9220d2000 	/System/Library/PrivateFrameworks/TimeSync.framework/Versions/A/TimeSync
0x00007ffc0ed93000 	/System/Library/PrivateFrameworks/DistributedSensing.framework/Versions/A/DistributedSensing
0x00007ff91d230000 	/System/Library/PrivateFrameworks/MobileBluetooth.framework/Versions/A/MobileBluetooth
0x00007ff923ced000 	/System/Library/PrivateFrameworks/IOKitten.framework/Versions/A/IOKitten
0x00007ffb22afd000 	/System/Library/PrivateFrameworks/AppleIntelligenceReporting.framework/Versions/A/AppleIntelligenceReporting
0x00007ff815c5c000 	/System/Library/PrivateFrameworks/CoreEmoji.framework/Versions/A/CoreEmoji
0x00007ff807e66000 	/usr/lib/libCRFSuite.dylib
0x00007ff809185000 	/System/Library/PrivateFrameworks/LanguageModeling.framework/Versions/A/LanguageModeling
0x00007ff814878000 	/System/Library/PrivateFrameworks/CoreNLP.framework/Versions/A/CoreNLP
0x00007ff80e33e000 	/System/Library/PrivateFrameworks/Montreal.framework/Versions/A/Montreal
0x00007ff816ec6000 	/usr/lib/libcmph.dylib
0x00007ff815fd4000 	/usr/lib/libmecab.dylib
0x00007ff81700b000 	/usr/lib/libThaiTokenizer.dylib
0x00007ffc19516000 	/System/Library/PrivateFrameworks/GenerativeModelsFoundation.framework/Versions/A/GenerativeModelsFoundation
0x00007ffd2258b000 	/System/Library/PrivateFrameworks/TokenGeneration.framework/Versions/A/TokenGeneration
0x00007ffc19345000 	/System/Library/PrivateFrameworks/GenerativeFunctions.framework/Versions/A/GenerativeFunctions
0x00007ffc19388000 	/System/Library/PrivateFrameworks/GenerativeFunctionsFoundation.framework/Versions/A/GenerativeFunctionsFoundation
0x00007ffd09a9d000 	/System/Library/PrivateFrameworks/ModelCatalog.framework/Versions/A/ModelCatalog
0x00007ffd15a9a000 	/System/Library/PrivateFrameworks/SensitiveContentAnalysisML.framework/Versions/A/SensitiveContentAnalysisML
0x00007ffc19402000 	/System/Library/PrivateFrameworks/GenerativeFunctionsInstrumentation.framework/Versions/A/GenerativeFunctionsInstrumentation
0x00007ffd12d59000 	/System/Library/PrivateFrameworks/PromptKit.framework/Versions/A/PromptKit
0x00007ffd12807000 	/System/Library/PrivateFrameworks/ProactiveDaemonSupport.framework/Versions/A/ProactiveDaemonSupport
0x00007ffd2275c000 	/System/Library/PrivateFrameworks/TokenGenerationCore.framework/Versions/A/TokenGenerationCore
0x00007ff9138ee000 	/System/Library/PrivateFrameworks/Trial.framework/Versions/A/Trial
0x00007ff913870000 	/System/Library/PrivateFrameworks/TrialProto.framework/Versions/A/TrialProto
0x00007ffb227b4000 	/System/Library/PrivateFrameworks/AppleFlatBuffers.framework/Versions/A/AppleFlatBuffers
0x00007ffd15d00000 	/System/Library/PrivateFrameworks/SentencePieceInternal.framework/Versions/A/SentencePieceInternal
0x00007ff81fdb5000 	/System/Library/Frameworks/Vision.framework/Versions/A/Vision
0x00007ffc0d70e000 	/System/Library/PrivateFrameworks/CoreSceneUnderstanding.framework/Versions/A/CoreSceneUnderstanding
0x00007ffe06ed4000 	/System/Library/PrivateFrameworks/VisionCore.framework/Versions/A/VisionCore
0x00007ff819e3e000 	/System/Library/PrivateFrameworks/DataDetectorsCore.framework/Versions/A/DataDetectorsCore
0x00007ff91bf6d000 	/System/Library/Frameworks/Vision.framework/libfaceCore.dylib
0x00007ff91cc8c000 	/System/Library/PrivateFrameworks/Futhark.framework/Versions/A/Futhark
0x00007ff920ee1000 	/System/Library/PrivateFrameworks/InertiaCam.framework/Versions/A/InertiaCam
0x00007ff91c9f4000 	/System/Library/PrivateFrameworks/TextRecognition.framework/Versions/A/TextRecognition
0x00007ffb16e90000 	/System/Library/Frameworks/DataDetection.framework/Versions/A/DataDetection
0x00007ff916d71000 	/System/Library/PrivateFrameworks/TextInput.framework/Versions/A/TextInput
0x00007ff8187aa000 	/System/Library/PrivateFrameworks/CVNLP.framework/Versions/A/CVNLP
0x00007ffa19610000 	/System/Library/PrivateFrameworks/HIDDisplay.framework/Versions/A/HIDDisplay
0x00007ff81b67e000 	/usr/lib/libcups.2.dylib
0x00007ff81b718000 	/System/Library/Frameworks/Kerberos.framework/Versions/A/Kerberos
0x00007ff81b37b000 	/usr/lib/libresolv.9.dylib
0x00007ff818c78000 	/System/Library/PrivateFrameworks/Heimdal.framework/Versions/A/Heimdal
0x00007ff82494b000 	/System/Library/Frameworks/Kerberos.framework/Versions/A/Libraries/libHeimdalProxy.dylib
0x00007ff81b770000 	/System/Library/PrivateFrameworks/CommonAuth.framework/Versions/A/CommonAuth
0x00007ff90b88d000 	/System/Library/PrivateFrameworks/AXCoreUtilities.framework/Versions/A/AXCoreUtilities
0x00007ff91bdc6000 	/System/Library/PrivateFrameworks/AttributeGraph.framework/Versions/A/AttributeGraph
0x00007ffe0e16e000 	/usr/lib/libAXSafeCategoryBundle.dylib
0x00007ffb1d392000 	/System/Library/Frameworks/TabularData.framework/Versions/A/TabularData
0x00007ffb23abf000 	/System/Library/PrivateFrameworks/ArgumentParserInternal.framework/Versions/A/ArgumentParserInternal
0x00007ff815a6c000 	/System/Library/Frameworks/Accelerate.framework/Versions/A/Frameworks/vecLib.framework/Versions/A/libvDSP.dylib
0x00007ff8171e5000 	/System/Library/Frameworks/Accelerate.framework/Versions/A/Frameworks/vecLib.framework/Versions/A/libLAPACK.dylib
0x00007ff816032000 	/System/Library/Frameworks/Accelerate.framework/Versions/A/Frameworks/vecLib.framework/Versions/A/libLinearAlgebra.dylib
0x00007ff81704f000 	/System/Library/Frameworks/Accelerate.framework/Versions/A/Frameworks/vecLib.framework/Versions/A/libSparseBLAS.dylib
0x00007ff8171df000 	/System/Library/Frameworks/Accelerate.framework/Versions/A/Frameworks/vecLib.framework/Versions/A/libQuadrature.dylib
0x00007ff81498c000 	/System/Library/Frameworks/Accelerate.framework/Versions/A/Frameworks/vecLib.framework/Versions/A/libBNNS.dylib
0x00007ff807c0a000 	/System/Library/Frameworks/Accelerate.framework/Versions/A/Frameworks/vecLib.framework/Versions/A/libSparse.dylib
0x00007ffb16a34000 	/System/Library/Frameworks/CoreTransferable.framework/Versions/A/CoreTransferable
0x00007ff81b6e1000 	/System/Library/PrivateFrameworks/NetAuth.framework/Versions/A/NetAuth
0x00007ff811980000 	/System/Library/PrivateFrameworks/login.framework/Versions/A/Frameworks/loginsupport.framework/Versions/A/loginsupport
0x00007ff80c572000 	/System/Library/PrivateFrameworks/UIFoundation.framework/Versions/A/UIFoundation
0x00007ff815fa2000 	/usr/lib/libCheckFix.dylib
0x00007ff8108a9000 	/System/Library/PrivateFrameworks/MetadataUtilities.framework/Versions/A/MetadataUtilities
0x00007ffc1d22f000 	/System/Library/PrivateFrameworks/InstalledContentLibrary.framework/Versions/A/InstalledContentLibrary
0x00007ff80abfb000 	/System/Library/PrivateFrameworks/CoreServicesStore.framework/Versions/A/CoreServicesStore
0x00007ff8117df000 	/usr/lib/libapp_launch_measurement.dylib
0x00007ffa06921000 	/System/Library/PrivateFrameworks/MobileSystemServices.framework/Versions/A/MobileSystemServices
0x00007ff818534000 	/usr/lib/libxslt.1.dylib
0x00007ff815f65000 	/System/Library/PrivateFrameworks/BackgroundTaskManagement.framework/Versions/A/BackgroundTaskManagement
0x00007ff8240b7000 	/usr/lib/libcurl.4.dylib
0x00007ffe0efa9000 	/usr/lib/libcrypto.46.dylib
0x00007ffe0fb67000 	/usr/lib/libssl.48.dylib
0x00007ff823d97000 	/System/Library/Frameworks/LDAP.framework/Versions/A/LDAP
0x00007ff823dd1000 	/System/Library/PrivateFrameworks/TrustEvaluationAgent.framework/Versions/A/TrustEvaluationAgent
0x00007ff81b398000 	/usr/lib/libsasl2.2.dylib
0x00007ff9046b9000 	/System/Library/Frameworks/Cocoa.framework/Versions/A/Cocoa
0x00007ff80ad75000 	/System/Library/Frameworks/AppKit.framework/Versions/C/AppKit
0x00007ffc073d2000 	/System/Library/PrivateFrameworks/CollectionViewCore.framework/Versions/A/CollectionViewCore
0x00007ff813ec9000 	/System/Library/PrivateFrameworks/XCTTargetBootstrap.framework/Versions/A/XCTTargetBootstrap
0x00007ff819e88000 	/System/Library/PrivateFrameworks/UserActivity.framework/Versions/A/UserActivity
0x00007ffc10a0e000 	/System/Library/PrivateFrameworks/FrontBoard.framework/Versions/A/FrontBoard
0x00007ffd23f9b000 	/System/Library/PrivateFrameworks/UIIntelligenceSupport.framework/Versions/A/UIIntelligenceSupport
0x00007ffb1c4bd000 	/System/Library/Frameworks/SwiftUICore.framework/Versions/A/SwiftUICore
0x00007ffe0a38d000 	/System/Library/PrivateFrameworks/WritingTools.framework/Versions/A/WritingTools
0x00007ffe092a9000 	/System/Library/PrivateFrameworks/WindowManagement.framework/Versions/A/WindowManagement
0x00007ffc1075c000 	/System/Library/PrivateFrameworks/FocusEngine.framework/Versions/A/FocusEngine
0x00007ffc0e51c000 	/System/Library/PrivateFrameworks/DesignLibrary.framework/Versions/A/DesignLibrary
0x00007ff813eb6000 	/System/Library/PrivateFrameworks/DFRFoundation.framework/Versions/A/DFRFoundation
0x00007ffe04c63000 	/System/Library/PrivateFrameworks/UpdateCycle.framework/Versions/A/UpdateCycle
0x00007ff813bd9000 	/System/Library/Frameworks/Carbon.framework/Versions/A/Frameworks/HIToolbox.framework/Versions/A/HIToolbox
0x00007ff81f67c000 	/System/Library/Frameworks/Carbon.framework/Versions/A/Frameworks/SpeechRecognition.framework/Versions/A/SpeechRecognition
0x00007ff81176b000 	/System/Library/PrivateFrameworks/PerformanceAnalysis.framework/Versions/A/PerformanceAnalysis
0x00007ff81fa12000 	/System/Library/Frameworks/Accessibility.framework/Versions/A/Accessibility
0x00007ffb1d379000 	/System/Library/Frameworks/Symbols.framework/Versions/A/Symbols
0x00007ffc198e8000 	/System/Library/PrivateFrameworks/Gestures.framework/Versions/A/Gestures
0x00007ffe0ff12000 	/usr/lib/swift/libswiftSpatial.dylib
0x00007ff90fc8f000 	/usr/lib/swift/libswiftCoreGraphics.dylib
0x00007ff820421000 	/usr/lib/swift/libswiftFoundation.dylib
0x00007ffb0a043000 	/usr/lib/swift/libswiftSwiftOnoneSupport.dylib
0x00007ffe101ac000 	/usr/lib/swift/libswiftsys_time.dylib
0x00007ffa15023000 	/System/Library/PrivateFrameworks/CoreMaterial.framework/Versions/A/CoreMaterial
0x00007ffe0e608000 	/usr/lib/libSpatial.dylib
0x00007ffe0e086000 	/System/Library/SubFrameworks/UIUtilities.framework/Versions/A/UIUtilities
0x000000010f91e000 	/Library/Java/JavaVirtualMachines/zulu-17.jdk/Contents/Home/lib/server/libjvm.dylib
0x0000000108634000 	/Library/Java/JavaVirtualMachines/zulu-17.jdk/Contents/Home/lib/libjimage.dylib
0x0000000108657000 	/Library/Java/JavaVirtualMachines/zulu-17.jdk/Contents/Home/lib/libinstrument.dylib
0x0000000108699000 	/Library/Java/JavaVirtualMachines/zulu-17.jdk/Contents/Home/lib/libjava.dylib
0x0000000108682000 	/Library/Java/JavaVirtualMachines/zulu-17.jdk/Contents/Home/lib/libzip.dylib
0x00000001087cf000 	/Library/Java/JavaVirtualMachines/zulu-17.jdk/Contents/Home/lib/libnio.dylib
0x000000010efb5000 	/Library/Java/JavaVirtualMachines/zulu-17.jdk/Contents/Home/lib/libnet.dylib
0x000000010ef97000 	/Library/Java/JavaVirtualMachines/zulu-17.jdk/Contents/Home/lib/libverify.dylib
0x000000010866f000 	/private/var/folders/fl/b3xdcrns4d5055k9vfj459nm0000gn/T/cursor-sandbox-cache/ed5b8ac86e8f5bd265d87730eb3350a3/gradle/native/1def1411415f61bf3af743bc5b6707747c0891f09f0c88961ee8f79bc544acac/osx-amd64/libnative-platform.dylib
0x000000010f043000 	/private/var/folders/fl/b3xdcrns4d5055k9vfj459nm0000gn/T/cursor-sandbox-cache/ed5b8ac86e8f5bd265d87730eb3350a3/gradle/native/0.2.7/x86_64-macos/libgradle-fileevents.dylib
0x00000001087eb000 	/Library/Java/JavaVirtualMachines/zulu-17.jdk/Contents/Home/lib/libmanagement.dylib
0x000000010efd5000 	/Library/Java/JavaVirtualMachines/zulu-17.jdk/Contents/Home/lib/libmanagement_ext.dylib
0x000000010efe5000 	/Library/Java/JavaVirtualMachines/zulu-17.jdk/Contents/Home/lib/libextnet.dylib


VM Arguments:
jvm_args: --add-opens=java.base/java.lang=ALL-UNNAMED --add-opens=java.base/java.lang.invoke=ALL-UNNAMED --add-opens=java.base/java.util=ALL-UNNAMED --add-opens=java.prefs/java.util.prefs=ALL-UNNAMED --add-exports=jdk.compiler/com.sun.tools.javac.api=ALL-UNNAMED --add-exports=jdk.compiler/com.sun.tools.javac.util=ALL-UNNAMED --add-opens=java.base/java.util=ALL-UNNAMED --add-opens=java.prefs/java.util.prefs=ALL-UNNAMED --add-opens=java.base/java.nio.charset=ALL-UNNAMED --add-opens=java.base/java.net=ALL-UNNAMED --add-opens=java.base/java.util.concurrent.atomic=ALL-UNNAMED --add-opens=java.xml/javax.xml.namespace=ALL-UNNAMED -XX:MaxMetaspaceSize=1024m -XX:+HeapDumpOnOutOfMemoryError -XX:+UseSerialGC -XX:MaxHeapFreeRatio=70 -Xmx2048m -Dfile.encoding=UTF-8 -Duser.country=US -Duser.language=en -Duser.variant -javaagent:/var/folders/fl/b3xdcrns4d5055k9vfj459nm0000gn/T/cursor-sandbox-cache/ed5b8ac86e8f5bd265d87730eb3350a3/gradle/wrapper/dists/gradle-8.13-bin/5xuhj0ry160q40clulazy9h7d/gradle-8.13/lib/agents/gradle-instrumentation-agent-8.13.jar 
java_command: org.gradle.launcher.daemon.bootstrap.GradleDaemon 8.13
java_class_path (initial): /var/folders/fl/b3xdcrns4d5055k9vfj459nm0000gn/T/cursor-sandbox-cache/ed5b8ac86e8f5bd265d87730eb3350a3/gradle/wrapper/dists/gradle-8.13-bin/5xuhj0ry160q40clulazy9h7d/gradle-8.13/lib/gradle-daemon-main-8.13.jar
Launcher Type: SUN_STANDARD

[Global flags]
     intx CICompilerCount                          = 4                                         {product} {ergonomic}
   size_t CompressedClassSpaceSize                 = 872415232                                 {product} {ergonomic}
     bool HeapDumpOnOutOfMemoryError               = true                                   {manageable} {command line}
   size_t InitialHeapSize                          = 268435456                                 {product} {ergonomic}
    uintx MaxHeapFreeRatio                         = 70                                     {manageable} {command line}
   size_t MaxHeapSize                              = 2147483648                                {product} {command line}
   size_t MaxMetaspaceSize                         = 1073741824                                {product} {command line}
   size_t MaxNewSize                               = 715784192                                 {product} {ergonomic}
   size_t MinHeapDeltaBytes                        = 196608                                    {product} {ergonomic}
   size_t MinHeapSize                              = 8388608                                   {product} {ergonomic}
   size_t NewSize                                  = 89456640                                  {product} {ergonomic}
    uintx NonNMethodCodeHeapSize                   = 5839372                                {pd product} {ergonomic}
    uintx NonProfiledCodeHeapSize                  = 122909434                              {pd product} {ergonomic}
   size_t OldSize                                  = 178978816                                 {product} {ergonomic}
    uintx ProfiledCodeHeapSize                     = 122909434                              {pd product} {ergonomic}
    uintx ReservedCodeCacheSize                    = 251658240                              {pd product} {ergonomic}
     bool SegmentedCodeCache                       = true                                      {product} {ergonomic}
   size_t SoftMaxHeapSize                          = 2147483648                             {manageable} {ergonomic}
     bool UseCompressedClassPointers               = true                           {product lp64_product} {ergonomic}
     bool UseCompressedOops                        = true                           {product lp64_product} {ergonomic}
     bool UseNUMA                                  = false                                     {product} {ergonomic}
     bool UseNUMAInterleaving                      = false                                     {product} {ergonomic}
     bool UseSerialGC                              = true                                      {product} {command line}

Logging:
Log output configuration:
 #0: stdout all=warning uptime,level,tags
 #1: stderr all=off uptime,level,tags

Environment Variables:
JAVA_HOME=/Library/Java/JavaVirtualMachines/zulu-17.jdk/Contents/Home
PATH=/Users/macbook/.local/bin:/Users/macbook/.pyenv/shims:/Users/macbook/.pyenv/bin:/Users/macbook/.opencode/bin:/Users/macbook/.bun/bin:/Users/macbook/.nvm/versions/node/v24.11.1/bin:/Users/macbook/.antigravity/antigravity/bin:/Applications/Postgres.app/Contents/Versions/latest/bin:/Users/macbook/.local/bin:/usr/local/bin:/System/Cryptexes/App/usr/bin:/usr/bin:/bin:/usr/sbin:/sbin:/var/run/com.apple.security.cryptexd/codex.system/bootstrap/usr/local/bin:/var/run/com.apple.security.cryptexd/codex.system/bootstrap/usr/bin:/var/run/com.apple.security.cryptexd/codex.system/bootstrap/usr/appleinternal/bin:/pkg/env/global/bin:/Library/Apple/usr/bin:/usr/local/share/dotnet:~/.dotnet/tools:/Applications/Postgres.app/Contents/Versions/latest/bin:/Applications/Cursor.app/Contents/Resources/app/node_modules/@vscode/ripgrep/bin:/Users/macbook/.local/bin:/Users/macbook/.pyenv/bin:/Users/macbook/.opencode/bin:/Users/macbook/.bun/bin:/Users/macbook/.nvm/versions/node/v24.11.1/bin:/Users/macbook/.antigravity/antigravity/bin:/Users/macbook/Library/Android/sdk/emulator:/Users/macbook/Library/Android/sdk/platform-tools:/Users/macbook/.maestro/bin:/Users/macbook/Library/Android/sdk/emulator:/Users/macbook/Library/Android/sdk/platform-tools:/Users/macbook/.maestro/bin
SHELL=/bin/zsh
LANG=C.UTF-8
TERM=dumb
TMPDIR=/var/folders/fl/b3xdcrns4d5055k9vfj459nm0000gn/T/

Active Locale:
LC_ALL=C.UTF-8
LC_COLLATE=C.UTF-8
LC_CTYPE=C.UTF-8
LC_MESSAGES=C.UTF-8
LC_MONETARY=C.UTF-8
LC_NUMERIC=C.UTF-8
LC_TIME=C.UTF-8

Signal Handlers:
   SIGSEGV: crash_handler in libjvm.dylib, mask=11100110000111110111111111111111, flags=SA_RESTART|SA_SIGINFO, unblocked
    SIGBUS: crash_handler in libjvm.dylib, mask=11100110000111110111111111111111, flags=SA_RESTART|SA_SIGINFO, unblocked
    SIGFPE: crash_handler in libjvm.dylib, mask=11100110000111110111111111111111, flags=SA_RESTART|SA_SIGINFO, unblocked
   SIGPIPE: javaSignalHandler in libjvm.dylib, mask=11100110000111110111111111111111, flags=SA_RESTART|SA_SIGINFO, blocked
   SIGXFSZ: javaSignalHandler in libjvm.dylib, mask=11100110000111110111111111111111, flags=SA_RESTART|SA_SIGINFO, blocked
    SIGILL: crash_handler in libjvm.dylib, mask=11100110000111110111111111111111, flags=SA_RESTART|SA_SIGINFO, unblocked
   SIGUSR2: SR_handler in libjvm.dylib, mask=00100000000000000000000000000000, flags=SA_RESTART|SA_SIGINFO, blocked
    SIGHUP: UserHandler in libjvm.dylib, mask=11100110000111110111111111111111, flags=SA_RESTART|SA_SIGINFO, blocked
    SIGINT: UserHandler in libjvm.dylib, mask=11100110000111110111111111111111, flags=SA_RESTART|SA_SIGINFO, blocked
   SIGTERM: UserHandler in libjvm.dylib, mask=11100110000111110111111111111111, flags=SA_RESTART|SA_SIGINFO, blocked
   SIGQUIT: UserHandler in libjvm.dylib, mask=11100110000111110111111111111111, flags=SA_RESTART|SA_SIGINFO, blocked
   SIGTRAP: crash_handler in libjvm.dylib, mask=11100110000111110111111111111111, flags=SA_RESTART|SA_SIGINFO, unblocked


Periodic native trim disabled


---------------  S Y S T E M  ---------------

OS:
uname: Darwin 25.6.0 Darwin Kernel Version 25.6.0: Fri Jul 31 19:11:49 PDT 2026; root:xnu-12377.161.14~5/RELEASE_X86_64 x86_64
OS uptime: 0 days 3:00 hours
rlimit (soft/hard): STACK 8192k/65532k , CORE 0k/infinity , NPROC 2784/4176 , NOFILE 1048576/infinity , AS infinity/infinity , CPU infinity/infinity , DATA infinity/infinity , FSIZE infinity/infinity , MEMLOCK infinity/infinity , RSS infinity/infinity
load average: 26.94 13.89 11.92

CPU: total 12 (initial active 12) (6 cores per cpu, 2 threads per core) family 6 model 158 stepping 10 microcode 0xfa, cx8, cmov, fxsr, ht, mmx, 3dnowpref, sse, sse2, sse3, ssse3, sse4.1, sse4.2, popcnt, lzcnt, tsc, tscinvbit, avx, avx2, aes, erms, clmul, bmi1, bmi2, adx, fma, vzeroupper, clflush, clflushopt
machdep.cpu.brand_string:Intel(R) Core(TM) i7-9750H CPU @ 2.60GHz
hw.cpufrequency:2600000000
hw.cpufrequency_min:2600000000
hw.cpufrequency_max:2600000000
hw.cachelinesize:64
hw.l1icachesize:32768
hw.l1dcachesize:32768
hw.l2cachesize:262144
hw.l3cachesize:12582912

Memory: 4k page, physical 16777216k(772820k free), swap 14680064k(1502976k free)

vm_info: OpenJDK 64-Bit Server VM (17.0.16+8-LTS) for bsd-amd64 JRE (17.0.16+8-LTS) (Zulu17.60+17-CA), built on Jun 30 2025 10:41:51 by "zulu_re" with clang Apple LLVM 12.0.5 (clang-1205.0.22.11)

END.
